"GEO_ID","NAME","P9_001N","P9_002N","P9_003N","P9_004N","P9_005N","P9_006N","P9_007N","P9_008N","P9_009N","P9_010N","P9_011N","P9_012N","P9_013N","P9_014N","P9_015N","P9_016N","P9_017N","P9_018N","P9_019N","P9_020N","P9_021N","P9_022N","P9_023N","P9_024N","P9_025N","P9_026N","P9_027N","P9_028N","P9_029N","P9_030N","P9_031N","P9_032N","P9_033N","P9_034N","P9_035N","P9_036N","P9_037N","P9_038N","P9_039N","P9_040N","P9_041N","P9_042N","P9_043N","P9_044N","P9_045N","P9_046N","P9_047N","P9_048N","P9_049N","P9_050N","P9_051N","P9_052N","P9_053N","P9_054N","P9_055N","P9_056N","P9_057N","P9_058N","P9_059N","P9_060N","P9_061N","P9_062N","P9_063N","P9_064N","P9_065N","P9_066N","P9_067N","P9_068N","P9_069N","P9_070N","P9_071N","P9_072N","P9_073N",
"Geography","Geographic Area Name"," !!Total:"," !!Total:!!Hispanic or Latino"," !!Total:!!Not Hispanic or Latino:"," !!Total:!!Not Hispanic or Latino:!!Population of one race:"," !!Total:!!Not Hispanic or Latino:!!Population of one race:!!White alone"," !!Total:!!Not Hispanic or Latino:!!Population of one race:!!Black or African American alone"," !!Total:!!Not Hispanic or Latino:!!Population of one race:!!American Indian and Alaska Native alone"," !!Total:!!Not Hispanic or Latino:!!Population of one race:!!Asian alone"," !!Total:!!Not Hispanic or Latino:!!Population of one race:!!Native Hawaiian and Other Pacific Islander alone"," !!Total:!!Not Hispanic or Latino:!!Population of one race:!!Some Other Race alone"," !!Total:!!Not Hispanic or Latino:!!Population of two or more races:"," !!Total:!!Not Hispanic or Latino:!!Population of two or more races:!!Population of two races:"," !!Total:!!Not Hispanic or Latino:!!Population of two or more races:!!Population of two races:!!White; Black or African American"," !!Total:!!Not Hispanic or Latino:!!Population of two or more races:!!Population of two races:!!White; American Indian and Alaska Native"," !!Total:!!Not Hispanic or Latino:!!Population of two or more races:!!Population of two races:!!White; Asian"," !!Total:!!Not Hispanic or Latino:!!Population of two or more races:!!Population of two races:!!White; Native Hawaiian and Other Pacific Islander"," !!Total:!!Not Hispanic or Latino:!!Population of two or more races:!!Population of two races:!!White; Some Other Race"," !!Total:!!Not Hispanic or Latino:!!Population of two or more races:!!Population of two races:!!Black or African American; American Indian and Alaska Native"," !!Total:!!Not Hispanic or Latino:!!Population of two or more races:!!Population of two races:!!Black or African American; Asian"," !!Total:!!Not Hispanic or Latino:!!Population of two or more races:!!Population of two races:!!Black or African American; Native Hawaiian and Other Pacific Islander"," !!Total:!!Not Hispanic or Latino:!!Population of two or more races:!!Population of two races:!!Black or African American; Some Other Race"," !!Total:!!Not Hispanic or Latino:!!Population of two or more races:!!Population of two races:!!American Indian and Alaska Native; Asian"," !!Total:!!Not Hispanic or Latino:!!Population of two or more races:!!Population of two races:!!American Indian and Alaska Native; Native Hawaiian and Other Pacific Islander"," !!Total:!!Not Hispanic or Latino:!!Population of two or more races:!!Population of two races:!!American Indian and Alaska Native; Some Other Race"," !!Total:!!Not Hispanic or Latino:!!Population of two or more races:!!Population of two races:!!Asian; Native Hawaiian and Other Pacific Islander"," !!Total:!!Not Hispanic or Latino:!!Population of two or more races:!!Population of two races:!!Asian; Some Other Race"," !!Total:!!Not Hispanic or Latino:!!Population of two or more races:!!Population of two races:!!Native Hawaiian and Other Pacific Islander; Some Other Race"," !!Total:!!Not Hispanic or Latino:!!Population of two or more races:!!Population of three races:"," !!Total:!!Not Hispanic or Latino:!!Population of two or more races:!!Population of three races:!!White; Black or African American; American Indian and Alaska Native"," !!Total:!!Not Hispanic or Latino:!!Population of two or more races:!!Population of three races:!!White; Black or African American; Asian"," !!Total:!!Not Hispanic or Latino:!!Population of two or more races:!!Population of three races:!!White; Black or African American; Native Hawaiian and Other Pacific Islander"," !!Total:!!Not Hispanic or Latino:!!Population of two or more races:!!Population of three races:!!White; Black or African American; Some Other Race"," !!Total:!!Not Hispanic or Latino:!!Population of two or more races:!!Population of three races:!!White; American Indian and Alaska Native; Asian"," !!Total:!!Not Hispanic or Latino:!!Population of two or more races:!!Population of three races:!!White; American Indian and Alaska Native; Native Hawaiian and Other Pacific Islander"," !!Total:!!Not Hispanic or Latino:!!Population of two or more races:!!Population of three races:!!White; American Indian and Alaska Native; Some Other Race"," !!Total:!!Not Hispanic or Latino:!!Population of two or more races:!!Population of three races:!!White; Asian; Native Hawaiian and Other Pacific Islander"," !!Total:!!Not Hispanic or Latino:!!Population of two or more races:!!Population of three races:!!White; Asian; Some Other Race"," !!Total:!!Not Hispanic or Latino:!!Population of two or more races:!!Population of three races:!!White; Native Hawaiian and Other Pacific Islander; Some Other Race"," !!Total:!!Not Hispanic or Latino:!!Population of two or more races:!!Population of three races:!!Black or African American; American Indian and Alaska Native; Asian"," !!Total:!!Not Hispanic or Latino:!!Population of two or more races:!!Population of three races:!!Black or African American; American Indian and Alaska Native; Native Hawaiian and Other Pacific Islander"," !!Total:!!Not Hispanic or Latino:!!Population of two or more races:!!Population of three races:!!Black or African American; American Indian and Alaska Native; Some Other Race"," !!Total:!!Not Hispanic or Latino:!!Population of two or more races:!!Population of three races:!!Black or African American; Asian; Native Hawaiian and Other Pacific Islander"," !!Total:!!Not Hispanic or Latino:!!Population of two or more races:!!Population of three races:!!Black or African American; Asian; Some Other Race"," !!Total:!!Not Hispanic or Latino:!!Population of two or more races:!!Population of three races:!!Black or African American; Native Hawaiian and Other Pacific Islander; Some Other Race"," !!Total:!!Not Hispanic or Latino:!!Population of two or more races:!!Population of three races:!!American Indian and Alaska Native; Asian; Native Hawaiian and Other Pacific Islander"," !!Total:!!Not Hispanic or Latino:!!Population of two or more races:!!Population of three races:!!American Indian and Alaska Native; Asian; Some Other Race"," !!Total:!!Not Hispanic or Latino:!!Population of two or more races:!!Population of three races:!!American Indian and Alaska Native; Native Hawaiian and Other Pacific Islander; Some Other Race"," !!Total:!!Not Hispanic or Latino:!!Population of two or more races:!!Population of three races:!!Asian; Native Hawaiian and Other Pacific Islander; Some Other Race"," !!Total:!!Not Hispanic or Latino:!!Population of two or more races:!!Population of four races:"," !!Total:!!Not Hispanic or Latino:!!Population of two or more races:!!Population of four races:!!White; Black or African American; American Indian and Alaska Native; Asian"," !!Total:!!Not Hispanic or Latino:!!Population of two or more races:!!Population of four races:!!White; Black or African American; American Indian and Alaska Native; Native Hawaiian and Other Pacific Islander"," !!Total:!!Not Hispanic or Latino:!!Population of two or more races:!!Population of four races:!!White; Black or African American; American Indian and Alaska Native; Some Other Race"," !!Total:!!Not Hispanic or Latino:!!Population of two or more races:!!Population of four races:!!White; Black or African American; Asian; Native Hawaiian and Other Pacific Islander"," !!Total:!!Not Hispanic or Latino:!!Population of two or more races:!!Population of four races:!!White; Black or African American; Asian; Some Other Race"," !!Total:!!Not Hispanic or Latino:!!Population of two or more races:!!Population of four races:!!White; Black or African American; Native Hawaiian and Other Pacific Islander; Some Other Race"," !!Total:!!Not Hispanic or Latino:!!Population of two or more races:!!Population of four races:!!White; American Indian and Alaska Native; Asian; Native Hawaiian and Other Pacific Islander"," !!Total:!!Not Hispanic or Latino:!!Population of two or more races:!!Population of four races:!!White; American Indian and Alaska Native; Asian; Some Other Race"," !!Total:!!Not Hispanic or Latino:!!Population of two or more races:!!Population of four races:!!White; American Indian and Alaska Native; Native Hawaiian and Other Pacific Islander; Some Other Race"," !!Total:!!Not Hispanic or Latino:!!Population of two or more races:!!Population of four races:!!White; Asian; Native Hawaiian and Other Pacific Islander; Some Other Race"," !!Total:!!Not Hispanic or Latino:!!Population of two or more races:!!Population of four races:!!Black or African American; American Indian and Alaska Native; Asian; Native Hawaiian and Other Pacific Islander"," !!Total:!!Not Hispanic or Latino:!!Population of two or more races:!!Population of four races:!!Black or African American; American Indian and Alaska Native; Asian; Some Other Race"," !!Total:!!Not Hispanic or Latino:!!Population of two or more races:!!Population of four races:!!Black or African American; American Indian and Alaska Native; Native Hawaiian and Other Pacific Islander; Some Other Race"," !!Total:!!Not Hispanic or Latino:!!Population of two or more races:!!Population of four races:!!Black or African American; Asian; Native Hawaiian and Other Pacific Islander; Some Other Race"," !!Total:!!Not Hispanic or Latino:!!Population of two or more races:!!Population of four races:!!American Indian and Alaska Native; Asian; Native Hawaiian and Other Pacific Islander; Some Other Race"," !!Total:!!Not Hispanic or Latino:!!Population of two or more races:!!Population of five races:"," !!Total:!!Not Hispanic or Latino:!!Population of two or more races:!!Population of five races:!!White; Black or African American; American Indian and Alaska Native; Asian; Native Hawaiian and Other Pacific Islander"," !!Total:!!Not Hispanic or Latino:!!Population of two or more races:!!Population of five races:!!White; Black or African American; American Indian and Alaska Native; Asian; Some Other Race"," !!Total:!!Not Hispanic or Latino:!!Population of two or more races:!!Population of five races:!!White; Black or African American; American Indian and Alaska Native; Native Hawaiian and Other Pacific Islander; Some Other Race"," !!Total:!!Not Hispanic or Latino:!!Population of two or more races:!!Population of five races:!!White; Black or African American; Asian; Native Hawaiian and Other Pacific Islander; Some Other Race"," !!Total:!!Not Hispanic or Latino:!!Population of two or more races:!!Population of five races:!!White; American Indian and Alaska Native; Asian; Native Hawaiian and Other Pacific Islander; Some Other Race"," !!Total:!!Not Hispanic or Latino:!!Population of two or more races:!!Population of five races:!!Black or African American; American Indian and Alaska Native; Asian; Native Hawaiian and Other Pacific Islander; Some Other Race"," !!Total:!!Not Hispanic or Latino:!!Population of two or more races:!!Population of six races:"," !!Total:!!Not Hispanic or Latino:!!Population of two or more races:!!Population of six races:!!White; Black or African American; American Indian and Alaska Native; Asian; Native Hawaiian and Other Pacific Islander; Some Other Race",
"0400000US06","California","39538223","15579652","23958571","22330849","13714587","2119286","156085","5978795","138167","223929","1627722","1500424","220162","270349","563222","37904","223468","29533","46247","7531","28389","7321","1376","1867","45831","13281","3943","114216","29152","19646","2618","7243","13731","2114","2090","25764","3812","422","1806","415","985","2103","955","256","457","90","23","534","11705","4292","632","1946","1453","820","86","1535","206","31","329","161","102","35","62","15","1247","683","406","65","71","21","1","130","130",
"1600000US0600135","Acalanes Ridge CDP, California","1285","107","1178","1111","918","9","1","175","0","8","67","66","0","9","44","1","8","0","0","0","3","0","0","0","1","0","0","1","0","0","0","0","0","0","0","1","0","0","0","0","0","0","0","0","0","0","0","0","0","0","0","0","0","0","0","0","0","0","0","0","0","0","0","0","0","0","0","0","0","0","0","0","0",
"1600000US0600156","Acampo CDP, California","334","191","143","138","138","0","0","0","0","0","5","4","1","1","0","0","2","0","0","0","0","0","0","0","0","0","0","1","1","0","0","0","0","0","0","0","0","0","0","0","0","0","0","0","0","0","0","0","0","0","0","0","0","0","0","0","0","0","0","0","0","0","0","0","0","0","0","0","0","0","0","0","0",
"1600000US0600212","Acton CDP, California","7431","2076","5355","5072","4736","72","33","153","11","67","283","273","12","108","75","9","54","5","1","0","3","1","0","0","4","1","0","9","0","0","0","1","0","0","0","7","1","0","0","0","0","0","0","0","0","0","0","0","1","0","0","0","0","0","0","0","1","0","0","0","0","0","0","0","0","0","0","0","0","0","0","0","0",
"1600000US0600296","Adelanto city, California","38046","24158","13888","12813","4218","7042","82","959","234","278","1075","916","335","128","113","15","78","118","36","10","53","7","0","0","17","5","1","148","68","13","3","23","15","0","0","6","7","4","4","2","0","1","1","1","0","0","0","0","10","1","0","4","1","4","0","0","0","0","0","0","0","0","0","0","1","1","0","0","0","0","0","0","0",
"1600000US0600310","Adin CDP, California","205","10","195","186","173","0","8","0","0","5","9","8","1","2","0","1","2","0","0","0","1","0","0","0","0","1","0","1","0","0","0","0","1","0","0","0","0","0","0","0","0","0","0","0","0","0","0","0","0","0","0","0","0","0","0","0","0","0","0","0","0","0","0","0","0","0","0","0","0","0","0","0","0",
"1600000US0600394","Agoura Hills city, California","20299","2319","17980","16893","14744","250","23","1740","6","130","1087","1023","161","111","476","16","199","9","18","0","6","3","0","0","20","4","0","62","12","21","0","0","3","0","0","20","1","0","2","0","1","1","0","0","1","0","0","0","2","0","0","0","1","0","0","0","0","0","0","1","0","0","0","0","0","0","0","0","0","0","0","0","0",
"1600000US0600450","Agua Dulce CDP, California","3451","868","2583","2432","2291","46","13","59","2","21","151","146","24","57","29","2","30","0","2","0","2","0","0","0","0","0","0","5","3","0","0","0","0","0","0","0","0","2","0","0","0","0","0","0","0","0","0","0","0","0","0","0","0","0","0","0","0","0","0","0","0","0","0","0","0","0","0","0","0","0","0","0","0",
"1600000US0600464","Aguanga CDP, California","989","210","779","737","687","9","14","22","2","3","42","40","5","14","5","1","10","2","1","0","0","0","0","0","0","2","0","2","0","0","0","2","0","0","0","0","0","0","0","0","0","0","0","0","0","0","0","0","0","0","0","0","0","0","0","0","0","0","0","0","0","0","0","0","0","0","0","0","0","0","0","0","0",
"1600000US0600478","Ahwahnee CDP, California","2296","262","2034","1904","1825","8","31","23","0","17","130","130","3","42","23","0","59","1","0","0","2","0","0","0","0","0","0","0","0","0","0","0","0","0","0","0","0","0","0","0","0","0","0","0","0","0","0","0","0","0","0","0","0","0","0","0","0","0","0","0","0","0","0","0","0","0","0","0","0","0","0","0","0",
"1600000US0600535","Airport CDP, California","1389","976","413","363","289","31","11","30","0","2","50","38","7","15","5","0","4","2","2","0","0","0","0","0","0","1","2","12","11","0","0","0","0","0","0","1","0","0","0","0","0","0","0","0","0","0","0","0","0","0","0","0","0","0","0","0","0","0","0","0","0","0","0","0","0","0","0","0","0","0","0","0","0",
"1600000US0600562","Alameda city, California","78280","9435","68845","62743","32152","4399","173","25107","356","556","6102","5663","737","510","2906","146","701","86","248","23","62","16","6","7","157","51","7","401","88","93","2","18","54","6","1","96","8","3","5","2","3","14","3","0","1","0","0","4","37","13","0","5","5","1","0","8","0","0","5","0","0","0","0","0","1","1","0","0","0","0","0","0","0",
"1600000US0600618","Alamo CDP, California","15314","1115","14199","13407","11379","114","16","1784","17","97","792","757","48","120","399","20","152","2","4","0","3","1","0","0","4","3","1","31","2","7","0","0","5","0","0","15","0","0","1","0","0","0","0","0","0","0","0","1","4","1","0","0","3","0","0","0","0","0","0","0","0","0","0","0","0","0","0","0","0","0","0","0","0",
"1600000US0600674","Albany city, California","20271","2665","17606","15973","8945","691","17","6143","9","168","1633","1522","180","83","903","11","202","6","32","34","11","6","0","0","28","21","5","98","18","21","1","14","11","1","0","17","3","1","4","1","3","0","1","0","0","2","0","0","9","3","0","0","4","0","0","2","0","0","0","0","0","0","0","0","4","3","0","1","0","0","0","0","0",
"1600000US0600716","Albion CDP, California","153","6","147","145","142","0","1","0","2","0","2","2","0","0","2","0","0","0","0","0","0","0","0","0","0","0","0","0","0","0","0","0","0","0","0","0","0","0","0","0","0","0","0","0","0","0","0","0","0","0","0","0","0","0","0","0","0","0","0","0","0","0","0","0","0","0","0","0","0","0","0","0","0",
"1600000US0600786","Alderpoint CDP, California","137","22","115","102","86","0","12","2","1","1","13","11","0","9","0","0","2","0","0","0","0","0","0","0","0","0","0","2","1","0","0","0","1","0","0","0","0","0","0","0","0","0","0","0","0","0","0","0","0","0","0","0","0","0","0","0","0","0","0","0","0","0","0","0","0","0","0","0","0","0","0","0","0",
"1600000US0600884","Alhambra city, California","82868","29910","52958","51352","6942","1345","137","42552","70","306","1606","1459","157","97","790","23","96","25","85","9","30","19","1","6","64","55","2","125","24","25","1","16","16","1","4","21","1","0","1","1","1","5","4","0","3","1","0","0","20","14","0","1","1","0","0","4","0","0","0","0","0","0","0","0","2","1","0","1","0","0","0","0","0",
"1600000US0600898","Alhambra Valley CDP, California","805","100","705","656","608","11","1","27","3","6","49","44","7","10","20","0","4","0","1","0","0","0","0","0","1","1","0","5","0","2","0","0","1","0","0","2","0","0","0","0","0","0","0","0","0","0","0","0","0","0","0","0","0","0","0","0","0","0","0","0","0","0","0","0","0","0","0","0","0","0","0","0","0",
"1600000US0600947","Aliso Viejo city, California","52176","9836","42340","39028","29044","949","48","8509","155","323","3312","3104","399","334","1678","77","432","15","37","14","16","7","1","3","73","18","0","195","33","16","0","20","26","5","4","77","8","0","1","0","1","4","0","0","0","0","0","0","13","2","0","6","2","0","0","2","0","0","1","0","0","0","0","0","0","0","0","0","0","0","0","0","0",
"1600000US0600982","Alleghany CDP, California","30","2","28","25","23","0","0","0","0","2","3","3","0","3","0","0","0","0","0","0","0","0","0","0","0","0","0","0","0","0","0","0","0","0","0","0","0","0","0","0","0","0","0","0","0","0","0","0","0","0","0","0","0","0","0","0","0","0","0","0","0","0","0","0","0","0","0","0","0","0","0","0","0",
"1600000US0600996","Allendale CDP, California","1651","285","1366","1261","1159","46","7","34","4","11","105","98","22","22","30","0","18","0","5","0","1","0","0","0","0","0","0","4","0","0","0","1","1","0","0","0","1","0","0","0","0","0","0","0","0","0","0","1","3","0","1","2","0","0","0","0","0","0","0","0","0","0","0","0","0","0","0","0","0","0","0","0","0",
"1600000US0601010","Allensworth CDP, California","531","494","37","35","7","20","0","7","1","0","2","2","0","2","0","0","0","0","0","0","0","0","0","0","0","0","0","0","0","0","0","0","0","0","0","0","0","0","0","0","0","0","0","0","0","0","0","0","0","0","0","0","0","0","0","0","0","0","0","0","0","0","0","0","0","0","0","0","0","0","0","0","0",
"1600000US0601094","Almanor CDP, California","3","2","1","1","0","0","0","0","1","0","0","0","0","0","0","0","0","0","0","0","0","0","0","0","0","0","0","0","0","0","0","0","0","0","0","0","0","0","0","0","0","0","0","0","0","0","0","0","0","0","0","0","0","0","0","0","0","0","0","0","0","0","0","0","0","0","0","0","0","0","0","0","0",
"1600000US0601150","Alondra Park CDP, California","8569","4204","4365","4033","1572","926","21","1410","24","80","332","297","49","26","155","3","31","4","2","1","13","0","0","0","11","2","0","32","5","2","0","0","10","0","0","13","0","0","1","0","1","0","0","0","0","0","0","0","3","0","0","0","0","0","0","3","0","0","0","0","0","0","0","0","0","0","0","0","0","0","0","0","0",
"1600000US0601164","Alpaugh CDP, California","871","768","103","84","71","2","5","6","0","0","19","19","0","7","3","0","8","0","0","0","0","0","0","0","0","1","0","0","0","0","0","0","0","0","0","0","0","0","0","0","0","0","0","0","0","0","0","0","0","0","0","0","0","0","0","0","0","0","0","0","0","0","0","0","0","0","0","0","0","0","0","0","0",
"1600000US0601192","Alpine CDP, California","14696","2688","12008","11176","10364","221","129","306","49","107","832","754","66","246","212","27","153","10","6","7","1","4","10","0","10","2","0","73","20","11","2","3","16","1","2","13","1","0","0","0","0","2","1","0","0","1","0","0","5","1","0","0","0","0","0","2","0","0","1","1","0","0","0","0","0","0","0","0","0","0","0","0","0",
"1600000US0601228","Alpine Village CDP, California","224","20","204","195","168","0","23","3","0","1","9","7","0","2","0","0","4","0","0","1","0","0","0","0","0","0","0","2","0","0","0","0","0","1","0","0","1","0","0","0","0","0","0","0","0","0","0","0","0","0","0","0","0","0","0","0","0","0","0","0","0","0","0","0","0","0","0","0","0","0","0","0","0",
"1600000US0601276","Alta CDP, California","615","39","576","546","517","1","17","5","0","6","30","27","1","11","10","0","5","0","0","0","0","0","0","0","0","0","0","3","3","0","0","0","0","0","0","0","0","0","0","0","0","0","0","0","0","0","0","0","0","0","0","0","0","0","0","0","0","0","0","0","0","0","0","0","0","0","0","0","0","0","0","0","0",
"1600000US0601290","Altadena CDP, California","42846","12171","30675","28341","17900","7136","46","2919","47","293","2334","2125","472","216","821","15","251","106","98","5","68","11","0","3","36","21","2","183","86","34","0","6","14","0","1","26","7","0","1","1","1","3","2","0","0","0","0","1","25","11","3","6","3","1","0","1","0","0","0","0","0","0","0","0","1","0","0","1","0","0","0","0","0",
"1600000US0601358","Alta Sierra CDP (Kern County), California","103","11","92","92","88","0","4","0","0","0","0","0","0","0","0","0","0","0","0","0","0","0","0","0","0","0","0","0","0","0","0","0","0","0","0","0","0","0","0","0","0","0","0","0","0","0","0","0","0","0","0","0","0","0","0","0","0","0","0","0","0","0","0","0","0","0","0","0","0","0","0","0","0",
"1600000US0601360","Alta Sierra CDP (Nevada County), California","7204","576","6628","6189","5963","23","59","93","12","39","439","411","21","171","75","8","124","7","0","0","0","0","4","0","1","0","0","23","2","3","0","0","2","0","3","10","2","0","0","0","0","0","1","0","0","0","0","0","5","2","0","0","0","0","0","0","3","0","0","0","0","0","0","0","0","0","0","0","0","0","0","0","0",
"1600000US0601416","Alto CDP, California","732","57","675","618","571","2","0","31","1","13","57","55","2","4","29","2","17","0","0","0","1","0","0","0","0","0","0","1","1","0","0","0","0","0","0","0","0","0","0","0","0","0","0","0","0","0","0","0","0","0","0","0","0","0","0","0","0","0","0","0","0","0","0","0","1","1","0","0","0","0","0","0","0",
"1600000US0601444","Alturas city, California","2715","415","2300","2162","1982","31","88","36","7","18","138","128","14","80","10","0","18","0","0","0","2","0","0","0","3","1","0","8","0","0","0","0","1","0","0","1","0","2","3","0","1","0","0","0","0","0","0","0","2","0","1","0","0","0","1","0","0","0","0","0","0","0","0","0","0","0","0","0","0","0","0","0","0",
"1600000US0601458","Alum Rock CDP, California","12042","8077","3965","3743","1238","139","35","2230","28","73","222","206","19","38","80","9","30","1","4","0","3","0","0","0","20","0","2","16","0","2","0","1","2","0","0","11","0","0","0","0","0","0","0","0","0","0","0","0","0","0","0","0","0","0","0","0","0","0","0","0","0","0","0","0","0","0","0","0","0","0","0","0","0",
"1600000US0601514","Amador City city, California","200","21","179","167","158","1","4","0","0","4","12","12","1","5","0","0","5","0","1","0","0","0","0","0","0","0","0","0","0","0","0","0","0","0","0","0","0","0","0","0","0","0","0","0","0","0","0","0","0","0","0","0","0","0","0","0","0","0","0","0","0","0","0","0","0","0","0","0","0","0","0","0","0",
"1600000US0601518","Amador Pines CDP, California","1118","91","1027","982","950","3","16","10","3","0","45","43","6","22","10","0","4","1","0","0","0","0","0","0","0","0","0","2","0","0","0","0","1","0","0","1","0","0","0","0","0","0","0","0","0","0","0","0","0","0","0","0","0","0","0","0","0","0","0","0","0","0","0","0","0","0","0","0","0","0","0","0","0",
"1600000US0601640","American Canyon city, California","21837","6705","15132","13812","4474","1428","39","7623","146","102","1320","1186","194","147","505","30","87","25","82","3","10","5","0","2","79","15","2","131","25","33","0","9","15","1","4","33","7","0","0","0","2","1","0","0","1","0","0","0","3","3","0","0","0","0","0","0","0","0","0","0","0","0","0","0","0","0","0","0","0","0","0","0","0",
"1600000US0601651","Amesti CDP, California","2637","1564","1073","992","940","3","5","39","3","2","81","79","12","18","21","3","22","1","0","0","0","0","0","0","2","0","0","2","1","0","0","0","0","0","0","1","0","0","0","0","0","0","0","0","0","0","0","0","0","0","0","0","0","0","0","0","0","0","0","0","0","0","0","0","0","0","0","0","0","0","0","0","0",
"1600000US0602000","Anaheim city, California","346824","186651","160173","150762","78237","8465","646","60632","1297","1485","9411","8638","1009","1266","3829","270","1226","84","303","39","100","64","7","8","333","94","6","729","127","101","26","56","68","17","20","264","22","3","10","1","3","1","6","0","2","0","0","2","40","20","0","5","1","7","0","5","1","0","1","0","0","0","0","0","3","0","3","0","0","0","0","1","1",
"1600000US0602028","Anchor Bay CDP, California","473","36","437","409","391","0","3","4","0","11","28","23","0","13","3","0","5","0","0","0","0","1","1","0","0","0","0","4","1","0","0","1","2","0","0","0","0","0","0","0","0","0","0","0","0","0","0","0","0","0","0","0","0","0","0","0","0","0","0","0","0","0","0","0","1","0","1","0","0","0","0","0","0",
"1600000US0602042","Anderson city, California","11323","1587","9736","8924","8060","101","344","329","27","63","812","790","88","474","77","6","120","6","3","0","0","4","2","3","5","1","1","16","7","0","0","0","5","0","0","3","0","0","0","0","1","0","0","0","0","0","0","0","6","1","2","0","0","0","0","0","0","0","1","0","0","0","2","0","0","0","0","0","0","0","0","0","0",
"1600000US0602112","Angels city, California","3667","459","3208","2998","2870","27","44","46","5","6","210","208","9","121","22","7","49","0","0","0","0","0","0","0","0","0","0","2","1","0","0","0","0","0","0","0","0","0","0","0","0","0","0","0","0","1","0","0","0","0","0","0","0","0","0","0","0","0","0","0","0","0","0","0","0","0","0","0","0","0","0","0","0",
"1600000US0602168","Angwin CDP, California","2633","721","1912","1774","1247","105","7","163","6","246","138","132","14","36","39","3","29","0","1","2","6","0","0","0","2","0","0","4","0","1","0","0","0","0","0","2","0","0","0","0","0","0","0","0","1","0","0","0","2","1","0","0","0","0","0","0","0","0","1","0","0","0","0","0","0","0","0","0","0","0","0","0","0",
"1600000US0602210","Antelope CDP, California","48733","8389","40344","36951","25451","3784","277","6753","398","288","3393","3041","718","577","891","85","332","72","107","15","34","26","11","4","110","21","38","318","107","84","4","9","38","3","3","44","4","0","4","4","4","2","1","2","3","0","0","2","32","14","0","4","7","0","0","5","0","0","0","2","0","0","0","0","2","1","1","0","0","0","0","0","0",
"1600000US0602252","Antioch city, California","115291","41965","73326","67076","26554","23271","419","14570","1437","825","6250","5584","1348","864","1533","131","439","229","430","87","168","36","5","8","246","35","25","561","198","106","25","33","43","6","3","77","23","6","13","1","6","11","2","1","4","0","0","3","88","43","3","14","14","8","0","6","0","0","0","0","0","0","0","0","14","12","2","0","0","0","0","3","3",
"1600000US0602294","Anza CDP, California","3075","931","2144","2036","1690","24","43","250","4","25","108","105","9","60","12","7","14","0","0","0","1","0","0","1","1","0","0","3","1","0","0","1","0","1","0","0","0","0","0","0","0","0","0","0","0","0","0","0","0","0","0","0","0","0","0","0","0","0","0","0","0","0","0","0","0","0","0","0","0","0","0","0","0",
"1600000US0602364","Apple Valley town, California","75791","28989","46802","43350","33991","5926","353","2433","219","428","3452","3175","617","1037","625","96","468","112","67","18","84","5","2","0","28","8","8","264","102","46","2","33","40","5","2","23","4","0","1","0","2","2","0","0","1","1","0","0","13","6","0","0","1","1","0","4","0","0","0","1","0","0","0","0","0","0","0","0","0","0","0","0","0",
"1600000US0602378","Aptos CDP, California","6664","1063","5601","5234","4808","60","39","260","18","49","367","359","28","77","139","10","94","0","1","1","1","1","0","1","4","2","0","6","0","1","0","0","0","0","1","4","0","0","0","0","0","0","0","0","0","0","0","0","2","0","0","1","0","0","0","1","0","0","0","0","0","0","0","0","0","0","0","0","0","0","0","0","0",
"1600000US0602382","Aptos Hills-Larkin Valley CDP, California","2383","546","1837","1736","1654","17","12","40","0","13","101","98","3","30","14","4","41","0","1","0","0","0","0","0","5","0","0","3","0","0","0","0","0","0","0","1","2","0","0","0","0","0","0","0","0","0","0","0","0","0","0","0","0","0","0","0","0","0","0","0","0","0","0","0","0","0","0","0","0","0","0","0","0",
"1600000US0602420","Arbuckle CDP, California","3484","2560","924","854","770","32","12","25","5","10","70","67","3","24","24","1","9","2","1","1","0","0","0","0","2","0","0","3","1","0","0","0","0","0","0","0","0","0","0","0","0","0","0","0","0","0","2","0","0","0","0","0","0","0","0","0","0","0","0","0","0","0","0","0","0","0","0","0","0","0","0","0","0",
"1600000US0602462","Arcadia city, California","56681","7401","49280","47776","9968","868","53","36608","40","239","1504","1426","137","108","788","4","137","13","76","1","17","8","1","0","81","55","0","74","20","19","3","8","3","0","0","11","6","0","2","0","1","0","0","1","0","0","0","0","4","2","0","1","0","1","0","0","0","0","0","0","0","0","0","0","0","0","0","0","0","0","0","0","0",
"1600000US0602476","Arcata city, California","18857","3739","15118","13706","12145","479","392","461","46","183","1412","1277","187","485","298","33","225","16","3","1","12","4","1","1","7","4","0","121","42","8","1","6","22","5","4","23","8","0","0","0","0","0","1","0","0","0","1","0","14","6","0","0","0","0","0","6","0","0","0","1","0","1","0","0","0","0","0","0","0","0","0","0","0",
"1600000US0602553","Arden-Arcade CDP, California","94659","18521","76138","68349","47193","8498","428","11043","581","606","7789","7187","1185","1119","3236","92","720","190","213","46","63","36","8","8","148","109","14","536","215","66","17","31","49","3","5","90","17","4","12","3","4","9","7","1","2","0","0","1","63","32","4","7","8","3","0","5","1","0","3","0","0","0","0","0","2","0","1","1","0","0","0","1","1",
"1600000US0602700","Armona CDP, California","4274","3176","1098","980","771","114","7","76","1","11","118","113","32","39","9","5","7","0","6","0","2","2","0","0","7","4","0","4","2","0","0","2","0","0","0","0","0","0","0","0","0","0","0","0","0","0","0","0","1","0","0","0","0","0","0","1","0","0","0","0","0","0","0","0","0","0","0","0","0","0","0","0","0",
"1600000US0602770","Arnold CDP, California","3288","291","2997","2814","2743","3","8","44","4","12","183","175","5","71","32","15","46","0","1","0","0","0","0","0","3","1","1","6","0","0","0","0","4","0","0","2","0","0","0","0","0","0","0","0","0","0","0","0","2","0","0","0","0","0","0","1","0","0","1","0","0","0","0","0","0","0","0","0","0","0","0","0","0",
"1600000US0602812","Aromas CDP, California","2708","1105","1603","1497","1351","15","5","79","3","44","106","105","6","48","16","2","28","1","2","0","0","0","1","0","1","0","0","0","0","0","0","0","0","0","0","0","0","0","0","0","0","0","0","0","0","0","0","0","1","0","0","1","0","0","0","0","0","0","0","0","0","0","0","0","0","0","0","0","0","0","0","0","0",
"1600000US0602868","Arroyo Grande city, California","18441","3646","14795","13734","12714","164","69","685","14","88","1061","993","101","262","325","36","257","0","0","0","0","1","0","1","10","0","0","63","10","5","3","2","17","5","1","19","0","0","0","0","0","0","0","1","0","0","0","0","3","0","0","2","0","0","0","0","0","0","0","0","0","0","1","0","2","0","2","0","0","0","0","0","0",
"1600000US0602896","Artesia city, California","16395","5825","10570","10236","2608","627","26","6852","58","65","334","300","41","28","119","11","38","3","8","2","10","5","0","0","30","5","0","32","8","5","1","4","3","0","0","10","0","0","0","0","1","0","0","0","0","0","0","0","2","0","0","0","0","0","0","2","0","0","0","0","0","0","0","0","0","0","0","0","0","0","0","0","0",
"1600000US0602910","Artois CDP, California","295","98","197","191","186","0","5","0","0","0","6","5","0","2","0","0","3","0","0","0","0","0","0","0","0","0","0","1","0","0","0","0","0","0","0","0","0","0","0","0","1","0","0","0","0","0","0","0","0","0","0","0","0","0","0","0","0","0","0","0","0","0","0","0","0","0","0","0","0","0","0","0","0",
"1600000US0602924","Arvin city, California","19495","18317","1178","1070","766","153","17","97","5","32","108","92","24","23","20","4","5","8","1","0","2","0","0","1","0","4","0","9","1","1","1","0","1","2","0","0","1","2","0","0","0","0","0","0","0","0","0","0","6","0","2","0","0","0","0","0","0","0","0","0","0","0","4","0","1","1","0","0","0","0","0","0","0",
"1600000US0602980","Ashland CDP, California","23823","10548","13275","12460","2632","3840","75","5511","279","123","815","703","175","87","157","23","41","47","73","15","20","4","4","1","40","16","0","103","34","13","2","16","13","0","1","17","2","0","1","0","0","2","0","0","0","0","0","2","9","4","1","0","2","0","0","0","0","0","2","0","0","0","0","0","0","0","0","0","0","0","0","0","0",
"1600000US0603026","Aspen Springs CDP, California","70","3","67","66","65","0","0","0","0","1","1","1","0","0","0","1","0","0","0","0","0","0","0","0","0","0","0","0","0","0","0","0","0","0","0","0","0","0","0","0","0","0","0","0","0","0","0","0","0","0","0","0","0","0","0","0","0","0","0","0","0","0","0","0","0","0","0","0","0","0","0","0","0",
"1600000US0603064","Atascadero city, California","29773","5850","23923","22215","20529","436","163","877","29","181","1708","1607","177","568","352","36","448","6","5","0","2","5","0","2","3","3","0","93","33","12","0","2","13","3","0","26","1","0","0","0","0","0","0","1","2","0","0","0","6","2","0","1","0","0","0","0","0","0","2","0","0","0","1","0","2","0","2","0","0","0","0","0","0",
"1600000US0603092","Atherton town, California","7188","484","6704","6306","4731","94","11","1404","45","21","398","364","20","36","197","5","67","2","5","1","4","1","2","0","17","6","1","34","7","4","0","1","0","0","0","17","3","0","0","0","0","0","2","0","0","0","0","0","0","0","0","0","0","0","0","0","0","0","0","0","0","0","0","0","0","0","0","0","0","0","0","0","0",
"1600000US0603162","Atwater city, California","31970","19042","12928","11810","8788","1001","133","1684","60","144","1118","1045","211","343","221","36","158","14","30","5","7","2","0","1","15","2","0","65","14","16","2","4","13","1","1","9","0","1","1","0","0","0","1","0","1","0","1","0","8","4","0","0","0","0","0","0","4","0","0","0","0","0","0","0","0","0","0","0","0","0","0","0","0",
"1600000US0603190","Auberry CDP, California","3238","360","2878","2662","2347","14","249","31","6","15","216","194","7","133","20","1","26","4","0","0","0","0","1","0","2","0","0","22","7","3","0","0","5","1","0","5","1","0","0","0","0","0","0","0","0","0","0","0","0","0","0","0","0","0","0","0","0","0","0","0","0","0","0","0","0","0","0","0","0","0","0","0","0",
"1600000US0603204","Auburn city, California","13776","1693","12083","11268","10619","116","123","309","14","87","815","760","90","289","174","27","163","2","2","2","4","0","0","0","7","0","0","51","6","11","3","7","4","0","4","14","1","0","0","0","0","1","0","0","0","0","0","0","4","1","3","0","0","0","0","0","0","0","0","0","0","0","0","0","0","0","0","0","0","0","0","0","0",
"1600000US0603205","Auburn Lake Trails CDP, California","3388","297","3091","2915","2801","13","35","47","3","16","176","170","15","82","35","0","37","0","1","0","0","0","0","0","0","0","0","6","0","1","0","2","0","2","0","1","0","0","0","0","0","0","0","0","0","0","0","0","0","0","0","0","0","0","0","0","0","0","0","0","0","0","0","0","0","0","0","0","0","0","0","0","0",
"1600000US0603209","August CDP, California","8628","6591","2037","1808","1185","223","48","300","24","28","229","212","27","95","33","4","19","14","1","1","0","3","0","1","13","0","1","16","5","4","0","0","4","0","1","1","0","0","1","0","0","0","0","0","0","0","0","0","1","0","1","0","0","0","0","0","0","0","0","0","0","0","0","0","0","0","0","0","0","0","0","0","0",
"1600000US0603274","Avalon city, California","3460","1903","1557","1448","1366","29","4","29","9","11","109","101","15","25","24","5","26","2","3","0","0","0","0","0","1","0","0","7","2","0","0","2","0","0","0","0","3","0","0","0","0","0","0","0","0","0","0","0","1","0","0","1","0","0","0","0","0","0","0","0","0","0","0","0","0","0","0","0","0","0","0","0","0",
"1600000US0603302","Avenal city, California","13696","11545","2151","2032","1721","102","76","83","13","37","119","104","7","9","23","0","15","1","0","0","1","0","1","1","46","0","0","13","4","2","0","0","1","1","2","2","0","0","0","0","0","0","0","0","1","0","0","0","2","0","2","0","0","0","0","0","0","0","0","0","0","0","0","0","0","0","0","0","0","0","0","0","0",
"1600000US0603316","Avery CDP, California","636","55","581","533","524","2","7","0","0","0","48","47","6","8","7","7","16","0","0","0","0","0","0","2","1","0","0","0","0","0","0","0","0","0","0","0","0","0","0","0","0","0","0","0","0","0","0","0","0","0","0","0","0","0","0","0","0","0","0","0","0","0","0","0","1","1","0","0","0","0","0","0","0",
"1600000US0603330","Avila Beach CDP, California","1576","158","1418","1362","1302","7","1","33","0","19","56","51","5","18","12","1","14","0","0","0","0","0","0","0","1","0","0","5","1","0","1","0","0","0","0","2","0","0","0","0","0","1","0","0","0","0","0","0","0","0","0","0","0","0","0","0","0","0","0","0","0","0","0","0","0","0","0","0","0","0","0","0","0",
"1600000US0603344","Avocado Heights CDP, California","13317","10638","2679","2550","771","80","21","1608","7","63","129","121","10","26","42","3","10","0","10","0","1","0","0","0","19","0","0","5","2","0","0","0","1","0","0","2","0","0","0","0","0","0","0","0","0","0","0","0","3","1","0","0","2","0","0","0","0","0","0","0","0","0","0","0","0","0","0","0","0","0","0","0","0",
"1600000US0603386","Azusa city, California","50000","32020","17980","16939","7751","1589","113","7187","65","234","1041","924","124","105","388","6","107","22","66","6","29","9","0","1","42","19","0","97","26","30","1","8","3","0","0","14","9","0","0","0","0","4","2","0","0","0","0","0","20","12","0","2","0","0","0","3","1","0","1","1","0","0","0","0","0","0","0","0","0","0","0","0","0",
"1600000US0603512","Baker CDP, California","442","345","97","87","67","2","4","8","5","1","10","9","0","7","1","0","0","0","1","0","0","0","0","0","0","0","0","1","0","0","0","0","0","0","0","1","0","0","0","0","0","0","0","0","0","0","0","0","0","0","0","0","0","0","0","0","0","0","0","0","0","0","0","0","0","0","0","0","0","0","0","0","0",
"1600000US0603526","Bakersfield city, California","403455","212822","190633","178069","116311","26402","2153","30268","505","2430","12564","11695","2492","3731","2495","212","1441","381","263","39","187","71","11","21","202","136","13","780","271","84","14","58","122","30","29","115","15","1","10","7","4","11","3","0","2","0","0","4","79","19","11","18","6","5","7","6","0","0","0","0","1","0","6","0","10","4","4","0","2","0","0","0","0",
"1600000US0603546","Bakersfield Country Club CDP, California","1715","741","974","896","793","28","15","51","1","8","78","78","9","37","11","0","16","0","3","0","0","0","0","0","2","0","0","0","0","0","0","0","0","0","0","0","0","0","0","0","0","0","0","0","0","0","0","0","0","0","0","0","0","0","0","0","0","0","0","0","0","0","0","0","0","0","0","0","0","0","0","0","0",
"1600000US0603666","Baldwin Park city, California","72176","53683","18493","17992","2391","609","92","14590","44","266","501","432","47","44","129","14","40","17","32","3","29","9","0","7","33","26","2","57","7","13","2","4","7","0","2","14","3","0","0","0","2","3","0","0","0","0","0","0","11","1","0","4","1","1","0","0","0","0","0","2","1","1","0","0","1","1","0","0","0","0","0","0","0",
"1600000US0603694","Ballard CDP, California","768","154","614","588","568","8","2","4","2","4","26","25","2","9","6","3","4","0","0","0","0","0","0","0","0","1","0","1","0","1","0","0","0","0","0","0","0","0","0","0","0","0","0","0","0","0","0","0","0","0","0","0","0","0","0","0","0","0","0","0","0","0","0","0","0","0","0","0","0","0","0","0","0",
"1600000US0603708","Ballico CDP, California","347","175","172","156","136","1","3","15","0","1","16","13","0","10","2","0","0","0","0","0","1","0","0","0","0","0","0","2","0","0","0","0","2","0","0","0","0","0","0","0","0","0","0","0","0","0","0","0","1","0","0","0","0","1","0","0","0","0","0","0","0","0","0","0","0","0","0","0","0","0","0","0","0",
"1600000US0603792","Bangor CDP, California","695","82","613","559","503","6","9","29","1","11","54","53","1","37","0","1","12","0","1","0","0","0","0","0","0","1","0","1","0","0","0","1","0","0","0","0","0","0","0","0","0","0","0","0","0","0","0","0","0","0","0","0","0","0","0","0","0","0","0","0","0","0","0","0","0","0","0","0","0","0","0","0","0",
"1600000US0603820","Banning city, California","29505","13427","16078","15232","10964","2112","316","1697","26","117","846","772","187","224","147","21","94","33","27","2","16","0","1","0","18","1","1","66","28","5","3","4","8","1","1","6","4","0","3","0","0","0","1","1","1","0","0","0","8","0","1","5","0","1","0","0","0","1","0","0","0","0","0","0","0","0","0","0","0","0","0","0","0",
"1600000US0604030","Barstow city, California","25415","11295","14120","12786","6646","4684","305","696","312","143","1334","1193","410","275","124","28","77","94","42","13","78","2","1","2","37","9","1","131","56","19","10","16","7","4","3","9","0","0","0","0","4","3","0","0","0","0","0","0","9","1","0","6","0","0","0","0","0","0","2","0","0","0","0","0","1","0","1","0","0","0","0","0","0",
"1600000US0604198","Bass Lake CDP, California","575","68","507","474","466","1","2","3","0","2","33","32","2","13","6","0","10","0","0","0","1","0","0","0","0","0","0","1","0","1","0","0","0","0","0","0","0","0","0","0","0","0","0","0","0","0","0","0","0","0","0","0","0","0","0","0","0","0","0","0","0","0","0","0","0","0","0","0","0","0","0","0","0",
"1600000US0604415","Bay Point CDP, California","23896","14904","8992","8224","3197","2186","58","2512","134","137","768","673","125","101","200","13","82","14","54","8","11","5","0","2","39","15","4","83","23","16","4","5","20","1","2","11","0","0","0","0","0","1","0","0","0","0","0","0","11","2","2","3","0","0","1","3","0","0","0","0","0","0","0","0","0","0","0","0","0","0","0","1","1",
"1600000US0604470","Bayview CDP (Contra Costa County), California","1782","528","1254","1174","511","161","5","463","23","11","80","77","11","14","23","0","11","0","9","0","1","0","0","0","7","1","0","3","0","1","0","0","2","0","0","0","0","0","0","0","0","0","0","0","0","0","0","0","0","0","0","0","0","0","0","0","0","0","0","0","0","0","0","0","0","0","0","0","0","0","0","0","0",
"1600000US0604478","Bayview CDP (Humboldt County), California","2619","465","2154","1972","1659","44","73","175","8","13","182","177","21","83","20","10","37","0","1","0","1","0","2","0","2","0","0","1","1","0","0","0","0","0","0","0","0","0","0","0","0","0","0","0","0","0","0","0","4","0","0","0","0","0","0","0","0","0","0","4","0","0","0","0","0","0","0","0","0","0","0","0","0",
"1600000US0604549","Baywood Park CDP, California","1693","96","1597","1496","848","11","0","626","5","6","101","98","4","8","63","0","12","0","3","1","0","0","0","0","7","0","0","3","0","1","0","0","0","0","0","1","1","0","0","0","0","0","0","0","0","0","0","0","0","0","0","0","0","0","0","0","0","0","0","0","0","0","0","0","0","0","0","0","0","0","0","0","0",
"1600000US0604576","Beale AFB CDP, California","1303","215","1088","936","784","80","3","49","3","17","152","124","42","15","38","4","12","0","4","0","4","0","0","0","5","0","0","26","10","3","7","0","0","2","0","2","0","0","0","0","2","0","0","0","0","0","0","0","2","0","0","0","0","0","0","2","0","0","0","0","0","0","0","0","0","0","0","0","0","0","0","0","0",
"1600000US0604632","Bear Creek CDP, California","273","195","78","67","39","7","2","12","2","5","11","10","0","5","1","0","1","0","1","0","0","0","0","0","2","0","0","1","1","0","0","0","0","0","0","0","0","0","0","0","0","0","0","0","0","0","0","0","0","0","0","0","0","0","0","0","0","0","0","0","0","0","0","0","0","0","0","0","0","0","0","0","0",
"1600000US0604716","Bear Valley CDP (Alpine County), California","128","6","122","117","113","0","0","1","0","3","5","2","0","0","1","0","1","0","0","0","0","0","0","0","0","0","0","2","0","0","0","0","0","0","0","0","1","0","0","0","1","0","0","0","0","0","0","0","1","0","0","0","0","0","0","0","1","0","0","0","0","0","0","0","0","0","0","0","0","0","0","0","0",
"1600000US0604730","Bear Valley CDP (Mariposa County), California","156","34","122","112","103","0","6","0","0","3","10","10","1","3","0","0","5","0","0","0","0","0","1","0","0","0","0","0","0","0","0","0","0","0","0","0","0","0","0","0","0","0","0","0","0","0","0","0","0","0","0","0","0","0","0","0","0","0","0","0","0","0","0","0","0","0","0","0","0","0","0","0","0",
"1600000US0604734","Bear Valley Springs CDP, California","5592","693","4899","4642","4430","78","27","79","1","27","257","244","29","116","51","4","31","3","0","0","0","2","0","0","8","0","0","12","7","1","0","0","1","0","0","3","0","0","0","0","0","0","0","0","0","0","0","0","1","0","0","0","0","0","0","1","0","0","0","0","0","0","0","0","0","0","0","0","0","0","0","0","0",
"1600000US0604758","Beaumont city, California","53036","22546","30490","28387","19075","4167","309","4460","95","281","2103","1969","424","415","543","77","280","49","53","10","44","8","0","2","57","6","1","117","46","26","1","5","5","1","7","17","2","0","0","0","3","4","0","0","0","0","0","0","16","8","0","1","4","2","0","1","0","0","0","0","0","0","0","0","1","0","0","0","1","0","0","0","0",
"1600000US0604772","Beckwourth CDP, California","478","39","439","421","411","4","1","2","2","1","18","17","0","13","0","0","4","0","0","0","0","0","0","0","0","0","0","1","0","0","0","0","1","0","0","0","0","0","0","0","0","0","0","0","0","0","0","0","0","0","0","0","0","0","0","0","0","0","0","0","0","0","0","0","0","0","0","0","0","0","0","0","0",
"1600000US0604856","Belden CDP, California","15","6","9","9","8","0","1","0","0","0","0","0","0","0","0","0","0","0","0","0","0","0","0","0","0","0","0","0","0","0","0","0","0","0","0","0","0","0","0","0","0","0","0","0","0","0","0","0","0","0","0","0","0","0","0","0","0","0","0","0","0","0","0","0","0","0","0","0","0","0","0","0","0",
"1600000US0604870","Bell city, California","33559","31392","2167","1996","1484","124","35","237","15","101","171","149","21","14","47","4","44","3","1","0","6","1","0","0","4","4","0","15","1","0","1","2","0","0","0","1","1","0","4","0","1","4","0","0","0","0","0","0","5","0","0","3","0","0","0","1","0","0","0","0","0","0","1","0","2","1","0","1","0","0","0","0","0",
"1600000US0604926","Bella Vista CDP, California","3641","254","3387","3189","3056","6","62","47","1","17","198","191","18","112","22","3","35","0","0","0","0","0","0","0","0","1","0","5","2","0","0","0","0","0","0","0","0","1","1","0","1","0","0","0","0","0","0","0","2","0","0","2","0","0","0","0","0","0","0","0","0","0","0","0","0","0","0","0","0","0","0","0","0",
"1600000US0604938","Bell Canyon CDP, California","1946","177","1769","1637","1394","39","3","196","0","5","132","120","21","8","45","0","32","2","2","0","1","1","0","0","4","4","0","12","0","0","0","0","3","0","0","1","8","0","0","0","0","0","0","0","0","0","0","0","0","0","0","0","0","0","0","0","0","0","0","0","0","0","0","0","0","0","0","0","0","0","0","0","0",
"1600000US0604982","Bellflower city, California","79190","45250","33940","31891","10815","10131","183","9855","531","376","2049","1844","415","252","394","88","181","73","128","30","126","15","1","2","111","25","3","183","68","18","2","19","11","1","3","32","4","0","4","1","4","4","6","2","3","0","0","1","21","7","3","7","2","0","0","0","0","0","0","0","0","2","0","0","1","0","1","0","0","0","0","0","0",
"1600000US0604996","Bell Gardens city, California","39501","37994","1507","1383","740","220","98","200","19","106","124","94","9","18","8","3","10","5","7","8","13","0","0","0","6","7","0","24","6","5","0","5","1","0","4","3","0","0","0","0","0","0","0","0","0","0","0","0","6","3","0","2","1","0","0","0","0","0","0","0","0","0","0","0","0","0","0","0","0","0","0","0","0",
"1600000US0605108","Belmont city, California","28335","3523","24812","22704","13572","348","22","8330","132","300","2108","2019","152","118","1259","51","324","5","33","2","8","2","0","0","39","20","6","87","11","14","3","8","3","0","0","34","12","0","2","0","0","0","0","0","0","0","0","0","2","0","0","0","0","0","0","0","0","0","2","0","0","0","0","0","0","0","0","0","0","0","0","0","0",
"1600000US0605164","Belvedere city, California","2126","109","2017","1943","1838","17","5","71","0","12","74","73","12","6","38","8","9","0","0","0","0","0","0","0","0","0","0","1","0","0","0","0","1","0","0","0","0","0","0","0","0","0","0","0","0","0","0","0","0","0","0","0","0","0","0","0","0","0","0","0","0","0","0","0","0","0","0","0","0","0","0","0","0",
"1600000US0605262","Benbow CDP, California","422","48","374","354","333","10","4","5","0","2","20","19","2","3","0","0","14","0","0","0","0","0","0","0","0","0","0","1","0","0","0","0","0","0","0","1","0","0","0","0","0","0","0","0","0","0","0","0","0","0","0","0","0","0","0","0","0","0","0","0","0","0","0","0","0","0","0","0","0","0","0","0","0",
"1600000US0605276","Bend CDP, California","603","58","545","488","459","2","10","11","2","4","57","56","4","27","11","0","14","0","0","0","0","0","0","0","0","0","0","1","0","0","0","0","1","0","0","0","0","0","0","0","0","0","0","0","0","0","0","0","0","0","0","0","0","0","0","0","0","0","0","0","0","0","0","0","0","0","0","0","0","0","0","0","0",
"1600000US0605290","Benicia city, California","27131","4008","23123","20896","16121","1327","62","3157","101","128","2227","2011","299","340","803","69","278","7","49","11","25","13","1","2","102","8","4","202","25","55","9","16","32","1","1","47","4","0","5","0","0","5","2","0","0","0","0","0","14","7","0","1","1","3","1","1","0","0","0","0","0","0","0","0","0","0","0","0","0","0","0","0","0",
"1600000US0605332","Ben Lomond CDP, California","6337","674","5663","5290","5087","29","33","86","4","51","373","357","42","89","83","18","110","3","0","0","0","0","0","1","9","2","0","12","3","0","0","1","2","0","0","4","0","1","0","0","0","1","0","0","0","0","0","0","4","2","1","0","0","0","0","0","0","0","0","0","1","0","0","0","0","0","0","0","0","0","0","0","0",
"1600000US0605346","Benton CDP, California","279","37","242","224","191","1","24","1","1","6","18","18","3","6","4","0","5","0","0","0","0","0","0","0","0","0","0","0","0","0","0","0","0","0","0","0","0","0","0","0","0","0","0","0","0","0","0","0","0","0","0","0","0","0","0","0","0","0","0","0","0","0","0","0","0","0","0","0","0","0","0","0","0",
"1600000US0605356","Benton Park CDP, California","5333","3765","1568","1455","912","427","14","79","0","23","113","106","33","34","10","1","11","2","6","2","0","4","0","0","1","2","0","5","2","0","0","2","1","0","0","0","0","0","0","0","0","0","0","0","0","0","0","0","2","0","0","1","0","0","1","0","0","0","0","0","0","0","0","0","0","0","0","0","0","0","0","0","0",
"1600000US0606000","Berkeley city, California","124321","17018","107303","98234","62450","9495","226","24701","253","1109","9069","8436","1220","523","4549","66","1321","188","243","34","86","24","4","4","116","44","14","534","155","119","14","41","51","7","7","90","15","0","6","0","9","13","3","0","0","1","0","3","87","37","0","16","10","14","0","7","0","0","2","1","0","0","0","0","12","5","2","3","1","1","0","0","0",
"1600000US0606028","Bermuda Dunes CDP, California","8244","3170","5074","4767","4212","179","43","271","7","55","307","294","51","62","71","6","75","4","3","6","5","0","0","2","9","0","0","12","2","2","0","1","1","0","1","3","0","0","0","0","0","1","1","0","0","0","0","0","1","1","0","0","0","0","0","0","0","0","0","0","0","0","0","0","0","0","0","0","0","0","0","0","0",
"1600000US0606070","Berry Creek CDP, California","1637","117","1520","1389","1245","17","66","48","2","11","131","125","12","83","11","0","14","0","3","0","0","0","1","0","1","0","0","6","0","1","0","0","2","2","0","1","0","0","0","0","0","0","0","0","0","0","0","0","0","0","0","0","0","0","0","0","0","0","0","0","0","0","0","0","0","0","0","0","0","0","0","0","0",
"1600000US0606150","Bertsch-Oceanview CDP, California","2520","349","2171","1977","1578","12","324","50","3","10","194","177","7","127","5","2","21","9","1","0","0","5","0","0","0","0","0","15","8","0","0","0","5","0","0","1","0","0","0","0","0","0","0","0","1","0","0","0","0","0","0","0","0","0","0","0","0","0","0","0","0","0","0","0","0","0","0","0","0","0","0","2","2",
"1600000US0606210","Bethel Island CDP, California","2131","447","1684","1583","1453","56","8","48","7","11","101","94","22","31","9","3","17","3","2","1","4","0","0","0","2","0","0","5","3","0","0","0","1","0","0","0","1","0","0","0","0","0","0","0","0","0","0","0","2","0","0","1","0","1","0","0","0","0","0","0","0","0","0","0","0","0","0","0","0","0","0","0","0",
"1600000US0606308","Beverly Hills city, California","32701","2218","30483","28706","24894","662","13","2865","11","261","1777","1701","208","73","964","16","338","17","20","0","17","5","1","1","28","13","0","66","21","12","2","5","4","2","5","8","1","0","2","0","0","2","1","0","1","0","0","0","9","2","0","5","0","2","0","0","0","0","0","0","0","0","0","0","1","1","0","0","0","0","0","0","0",
"1600000US0606336","Bieber CDP, California","266","53","213","205","196","3","2","3","0","1","8","7","0","1","3","0","3","0","0","0","0","0","0","0","0","0","0","1","0","0","0","0","0","0","0","0","0","0","0","0","0","0","0","0","1","0","0","0","0","0","0","0","0","0","0","0","0","0","0","0","0","0","0","0","0","0","0","0","0","0","0","0","0",
"1600000US0606406","Big Bear City CDP, California","12738","2879","9859","9179","8750","93","81","140","28","87","680","631","64","276","109","14","133","4","1","6","6","3","4","0","10","1","0","47","16","2","1","1","11","0","2","11","0","0","0","0","1","1","1","0","0","0","0","0","2","2","0","0","0","0","0","0","0","0","0","0","0","0","0","0","0","0","0","0","0","0","0","0","0",
"1600000US0606434","Big Bear Lake city, California","5046","1205","3841","3617","3401","46","21","105","6","38","224","191","14","79","40","1","48","0","0","0","6","2","0","0","1","0","0","30","10","12","2","2","0","0","1","3","0","0","0","0","0","0","0","0","0","0","0","0","3","3","0","0","0","0","0","0","0","0","0","0","0","0","0","0","0","0","0","0","0","0","0","0","0",
"1600000US0606475","Big Bend CDP, California","79","5","74","64","53","0","10","0","0","1","10","9","0","3","2","1","3","0","0","0","0","0","0","0","0","0","0","1","0","1","0","0","0","0","0","0","0","0","0","0","0","0","0","0","0","0","0","0","0","0","0","0","0","0","0","0","0","0","0","0","0","0","0","0","0","0","0","0","0","0","0","0","0",
"1600000US0606518","Big Creek CDP, California","151","12","139","128","117","0","5","3","0","3","11","10","2","3","4","0","1","0","0","0","0","0","0","0","0","0","0","0","0","0","0","0","0","0","0","0","0","0","0","0","0","0","0","0","0","0","0","0","1","1","0","0","0","0","0","0","0","0","0","0","0","0","0","0","0","0","0","0","0","0","0","0","0",
"1600000US0606560","Biggs city, California","1964","778","1186","1114","980","19","31","77","0","7","72","68","3","47","5","6","5","0","0","0","0","1","0","0","0","1","0","4","0","0","0","0","2","0","0","2","0","0","0","0","0","0","0","0","0","0","0","0","0","0","0","0","0","0","0","0","0","0","0","0","0","0","0","0","0","0","0","0","0","0","0","0","0",
"1600000US0606567","Big Lagoon CDP, California","161","25","136","130","93","0","36","0","1","0","6","6","1","5","0","0","0","0","0","0","0","0","0","0","0","0","0","0","0","0","0","0","0","0","0","0","0","0","0","0","0","0","0","0","0","0","0","0","0","0","0","0","0","0","0","0","0","0","0","0","0","0","0","0","0","0","0","0","0","0","0","0","0",
"1600000US0606616","Big Pine CDP, California","1875","317","1558","1479","1008","2","439","21","2","7","79","75","6","53","4","2","8","2","0","0","0","0","0","0","0","0","0","4","2","0","2","0","0","0","0","0","0","0","0","0","0","0","0","0","0","0","0","0","0","0","0","0","0","0","0","0","0","0","0","0","0","0","0","0","0","0","0","0","0","0","0","0","0",
"1600000US0606635","Big River CDP, California","1084","167","917","875","793","9","61","10","1","1","42","40","0","31","1","0","6","0","0","0","0","0","2","0","0","0","0","2","0","0","0","0","0","0","0","0","0","2","0","0","0","0","0","0","0","0","0","0","0","0","0","0","0","0","0","0","0","0","0","0","0","0","0","0","0","0","0","0","0","0","0","0","0",
"1600000US0606728","Biola CDP, California","1427","1243","184","181","59","1","2","115","2","2","3","3","0","1","2","0","0","0","0","0","0","0","0","0","0","0","0","0","0","0","0","0","0","0","0","0","0","0","0","0","0","0","0","0","0","0","0","0","0","0","0","0","0","0","0","0","0","0","0","0","0","0","0","0","0","0","0","0","0","0","0","0","0",
"1600000US0606798","Bishop city, California","3819","1146","2673","2483","2278","8","83","91","0","23","190","180","4","93","36","9","32","5","0","0","0","0","0","1","0","0","0","8","4","0","0","0","0","2","0","2","0","0","0","0","0","0","0","0","0","0","0","0","2","0","0","2","0","0","0","0","0","0","0","0","0","0","0","0","0","0","0","0","0","0","0","0","0",
"1600000US0606928","Blackhawk CDP, California","9637","690","8947","8454","5604","154","9","2627","4","56","493","457","39","43","273","0","68","0","8","0","1","0","0","0","10","14","1","31","2","8","0","2","4","0","0","13","1","0","0","0","0","1","0","0","0","0","0","0","5","3","0","0","1","0","0","1","0","0","0","0","0","0","0","0","0","0","0","0","0","0","0","0","0",
"1600000US0606935","Blacklake CDP, California","1016","103","913","879","840","6","0","31","0","2","34","30","4","13","4","0","7","0","0","0","0","0","0","0","2","0","0","4","0","1","0","1","2","0","0","0","0","0","0","0","0","0","0","0","0","0","0","0","0","0","0","0","0","0","0","0","0","0","0","0","0","0","0","0","0","0","0","0","0","0","0","0","0",
"1600000US0606982","Black Point-Green Point CDP, California","1431","143","1288","1207","1105","3","4","91","1","3","81","79","10","19","34","2","13","1","0","0","0","0","0","0","0","0","0","2","0","0","0","0","2","0","0","0","0","0","0","0","0","0","0","0","0","0","0","0","0","0","0","0","0","0","0","0","0","0","0","0","0","0","0","0","0","0","0","0","0","0","0","0","0",
"1600000US0606994","Blairsden CDP, California","38","2","36","33","33","0","0","0","0","0","3","2","0","0","0","0","2","0","0","0","0","0","0","0","0","0","0","0","0","0","0","0","0","0","0","0","0","0","0","0","0","0","0","0","0","0","0","0","1","0","0","0","0","0","0","0","0","0","0","1","0","0","0","0","0","0","0","0","0","0","0","0","0",
"1600000US0607036","Bloomfield CDP, California","338","45","293","285","278","0","2","3","0","2","8","6","2","1","0","0","3","0","0","0","0","0","0","0","0","0","0","2","1","0","0","1","0","0","0","0","0","0","0","0","0","0","0","0","0","0","0","0","0","0","0","0","0","0","0","0","0","0","0","0","0","0","0","0","0","0","0","0","0","0","0","0","0",
"1600000US0607064","Bloomington CDP, California","24339","20959","3380","3149","2159","551","58","246","55","80","231","201","41","55","41","4","26","9","4","2","11","1","0","2","2","3","0","27","5","2","0","2","5","0","5","0","1","0","6","0","1","0","0","0","0","0","0","0","3","1","0","0","0","0","0","2","0","0","0","0","0","0","0","0","0","0","0","0","0","0","0","0","0",
"1600000US0607162","Blue Lake city, California","1208","96","1112","1023","945","5","53","10","2","8","89","83","10","48","4","3","18","0","0","0","0","0","0","0","0","0","0","6","4","0","0","0","0","0","0","1","0","0","0","0","0","1","0","0","0","0","0","0","0","0","0","0","0","0","0","0","0","0","0","0","0","0","0","0","0","0","0","0","0","0","0","0","0",
"1600000US0607172","Bluewater CDP, California","116","10","106","99","97","0","2","0","0","0","7","7","0","3","0","0","4","0","0","0","0","0","0","0","0","0","0","0","0","0","0","0","0","0","0","0","0","0","0","0","0","0","0","0","0","0","0","0","0","0","0","0","0","0","0","0","0","0","0","0","0","0","0","0","0","0","0","0","0","0","0","0","0",
"1600000US0607218","Blythe city, California","18317","10873","7444","6932","4376","2007","158","305","21","65","512","479","117","111","32","3","57","18","2","2","9","3","1","2","119","3","0","24","10","5","0","1","0","1","0","3","1","0","0","0","3","0","0","0","0","0","0","0","9","2","4","0","0","1","0","2","0","0","0","0","0","0","0","0","0","0","0","0","0","0","0","0","0",
"1600000US0607246","Bodega CDP, California","211","11","200","185","182","2","0","1","0","0","15","13","2","4","0","0","5","0","0","1","0","0","0","0","1","0","0","2","0","0","0","0","0","0","0","2","0","0","0","0","0","0","0","0","0","0","0","0","0","0","0","0","0","0","0","0","0","0","0","0","0","0","0","0","0","0","0","0","0","0","0","0","0",
"1600000US0607260","Bodega Bay CDP, California","912","107","805","764","732","2","0","20","0","10","41","34","6","11","9","0","7","0","0","0","1","0","0","0","0","0","0","7","2","0","0","2","1","0","0","2","0","0","0","0","0","0","0","0","0","0","0","0","0","0","0","0","0","0","0","0","0","0","0","0","0","0","0","0","0","0","0","0","0","0","0","0","0",
"1600000US0607274","Bodfish CDP, California","2008","212","1796","1688","1602","21","32","18","2","13","108","102","8","67","12","0","12","0","0","2","0","0","0","0","1","0","0","6","0","0","0","0","5","0","0","1","0","0","0","0","0","0","0","0","0","0","0","0","0","0","0","0","0","0","0","0","0","0","0","0","0","0","0","0","0","0","0","0","0","0","0","0","0",
"1600000US0607316","Bolinas CDP, California","1483","155","1328","1240","1182","12","6","25","5","10","88","80","8","16","27","1","26","0","0","0","0","0","0","0","2","0","0","8","5","0","0","0","3","0","0","0","0","0","0","0","0","0","0","0","0","0","0","0","0","0","0","0","0","0","0","0","0","0","0","0","0","0","0","0","0","0","0","0","0","0","0","0","0",
"1600000US0607372","Bombay Beach CDP, California","231","56","175","162","132","21","7","0","1","1","13","12","6","3","0","0","3","0","0","0","0","0","0","0","0","0","0","1","0","0","0","0","0","0","0","0","0","0","1","0","0","0","0","0","0","0","0","0","0","0","0","0","0","0","0","0","0","0","0","0","0","0","0","0","0","0","0","0","0","0","0","0","0",
"1600000US0607378","Bonadelle Ranchos CDP, California","5497","1848","3649","3394","3107","57","47","149","6","28","255","243","16","128","52","5","39","1","1","0","0","0","0","1","0","0","0","11","6","1","0","0","2","0","0","1","1","0","0","0","0","0","0","0","0","0","0","0","0","0","0","0","0","0","0","0","0","0","0","0","0","0","0","0","0","0","0","0","0","0","0","1","1",
"1600000US0607414","Bonita CDP, California","12917","6282","6635","6074","4239","413","44","1257","48","73","561","511","54","69","225","22","66","8","34","6","3","1","3","0","16","3","1","43","4","13","1","1","7","0","0","12","1","0","1","0","0","0","0","0","3","0","0","0","7","0","0","0","7","0","0","0","0","0","0","0","0","0","0","0","0","0","0","0","0","0","0","0","0",
"1600000US0607470","Bonny Doon CDP, California","2868","283","2585","2401","2290","15","9","66","4","17","184","171","7","49","49","12","49","0","0","0","0","0","0","0","1","4","0","11","3","3","0","0","3","0","0","2","0","0","0","0","0","0","0","0","0","0","0","0","2","0","0","0","0","0","0","1","0","0","0","0","1","0","0","0","0","0","0","0","0","0","0","0","0",
"1600000US0607498","Bonsall CDP, California","4546","1097","3449","3192","2886","75","14","190","10","17","257","231","27","62","100","9","23","1","3","0","0","0","0","0","2","4","0","21","9","0","0","5","1","0","0","5","0","0","0","0","0","1","0","0","0","0","0","0","3","0","0","0","0","0","1","1","0","0","0","1","0","0","0","0","2","0","2","0","0","0","0","0","0",
"1600000US0607512","Boonville CDP, California","1018","551","467","430","419","4","4","3","0","0","37","33","2","18","1","0","12","0","0","0","0","0","0","0","0","0","0","3","0","0","0","0","0","0","0","2","1","0","0","0","0","0","0","0","0","0","0","0","1","0","0","0","0","0","0","0","0","0","1","0","0","0","0","0","0","0","0","0","0","0","0","0","0",
"1600000US0607525","Bootjack CDP, California","661","58","603","568","508","7","28","21","0","4","35","29","0","12","2","1","11","1","1","0","0","0","1","0","0","0","0","6","4","0","0","0","0","0","0","2","0","0","0","0","0","0","0","0","0","0","0","0","0","0","0","0","0","0","0","0","0","0","0","0","0","0","0","0","0","0","0","0","0","0","0","0","0",
"1600000US0607568","Boron CDP, California","2086","542","1544","1400","1145","167","28","44","5","11","144","137","27","55","26","5","4","13","0","0","6","0","0","1","0","0","0","7","7","0","0","0","0","0","0","0","0","0","0","0","0","0","0","0","0","0","0","0","0","0","0","0","0","0","0","0","0","0","0","0","0","0","0","0","0","0","0","0","0","0","0","0","0",
"1600000US0607578","Boronda CDP, California","1760","1532","228","199","97","11","9","52","13","17","29","24","3","1","6","0","3","3","4","0","0","0","0","0","3","0","1","5","0","1","0","0","0","0","0","3","1","0","0","0","0","0","0","0","0","0","0","0","0","0","0","0","0","0","0","0","0","0","0","0","0","0","0","0","0","0","0","0","0","0","0","0","0",
"1600000US0607596","Borrego Springs CDP, California","3073","1173","1900","1805","1729","13","18","25","0","20","95","90","2","46","16","0","22","0","0","1","0","0","0","0","0","3","0","3","0","1","0","0","0","0","0","2","0","0","0","0","0","0","0","0","0","0","0","0","0","0","0","0","0","0","0","0","0","0","0","0","0","0","0","0","2","2","0","0","0","0","0","0","0",
"1600000US0607624","Bostonia CDP, California","16882","5703","11179","10224","8393","1066","50","522","81","112","955","884","167","160","289","41","130","9","25","11","8","3","0","4","30","7","0","60","18","8","4","3","5","5","1","14","2","0","0","0","0","0","0","0","0","0","0","0","11","4","2","0","4","0","0","1","0","0","0","0","0","0","0","0","0","0","0","0","0","0","0","0","0",
"1600000US0607652","Boulder Creek CDP, California","5429","636","4793","4382","4142","28","22","117","12","61","411","391","40","120","135","9","78","2","1","0","3","1","0","0","0","2","0","19","2","1","0","2","7","0","0","7","0","0","0","0","0","0","0","0","0","0","0","0","1","0","1","0","0","0","0","0","0","0","0","0","0","0","0","0","0","0","0","0","0","0","0","0","0",
"1600000US0607694","Boulevard CDP, California","359","113","246","229","201","9","13","4","0","2","17","17","4","2","0","3","6","0","1","0","0","0","0","0","0","1","0","0","0","0","0","0","0","0","0","0","0","0","0","0","0","0","0","0","0","0","0","0","0","0","0","0","0","0","0","0","0","0","0","0","0","0","0","0","0","0","0","0","0","0","0","0","0",
"1600000US0607750","Bowles CDP, California","158","93","65","61","55","2","2","2","0","0","4","3","0","3","0","0","0","0","0","0","0","0","0","0","0","0","0","1","0","0","0","0","0","0","0","1","0","0","0","0","0","0","0","0","0","0","0","0","0","0","0","0","0","0","0","0","0","0","0","0","0","0","0","0","0","0","0","0","0","0","0","0","0",
"1600000US0607848","Boyes Hot Springs CDP, California","6215","2961","3254","3027","2800","20","27","137","16","27","227","204","28","47","44","8","66","1","2","0","2","1","0","0","2","2","1","22","9","3","2","0","1","0","1","4","2","0","0","0","0","0","0","0","0","0","0","0","1","0","0","0","0","0","0","1","0","0","0","0","0","0","0","0","0","0","0","0","0","0","0","0","0",
"1600000US0607946","Bradbury city, California","921","184","737","707","335","17","1","350","0","4","30","27","4","0","11","0","9","0","1","0","0","0","0","0","2","0","0","3","0","0","0","0","0","0","0","3","0","0","0","0","0","0","0","0","0","0","0","0","0","0","0","0","0","0","0","0","0","0","0","0","0","0","0","0","0","0","0","0","0","0","0","0","0",
"1600000US0607974","Bradley CDP, California","69","13","56","51","50","0","1","0","0","0","5","5","1","3","0","1","0","0","0","0","0","0","0","0","0","0","0","0","0","0","0","0","0","0","0","0","0","0","0","0","0","0","0","0","0","0","0","0","0","0","0","0","0","0","0","0","0","0","0","0","0","0","0","0","0","0","0","0","0","0","0","0","0",
"1600000US0608058","Brawley city, California","26416","22750","3666","3426","2780","303","28","236","11","68","240","219","43","65","58","2","41","2","5","0","0","0","0","0","1","0","2","18","2","2","0","1","7","2","0","0","0","0","0","0","0","3","0","0","0","0","0","1","3","1","0","1","0","0","0","0","0","0","1","0","0","0","0","0","0","0","0","0","0","0","0","0","0",
"1600000US0608100","Brea city, California","47325","12972","34353","32507","18256","784","101","13082","54","230","1846","1731","161","317","815","44","260","7","32","3","13","6","1","2","60","10","0","107","11","17","4","0","8","2","1","53","4","0","0","0","0","0","7","0","0","0","0","0","8","2","0","0","1","0","0","3","0","0","2","0","0","0","0","0","0","0","0","0","0","0","0","0","0",
"1600000US0608142","Brentwood city, California","64292","17121","47171","42957","29487","4230","161","8406","289","384","4214","3821","579","652","1536","180","420","56","160","28","56","5","2","4","103","35","5","353","62","52","9","22","47","13","0","116","7","2","10","0","6","5","1","0","0","0","0","1","35","14","0","7","3","2","2","3","0","0","3","0","1","0","0","0","4","1","2","1","0","0","0","1","1",
"1600000US0608172","Bret Harte CDP, California","5135","4524","611","551","465","13","11","40","10","12","60","51","4","21","14","3","2","1","4","0","0","2","0","0","0","0","0","8","0","0","1","0","1","1","0","5","0","0","0","0","0","0","0","0","0","0","0","0","1","0","0","0","0","0","0","1","0","0","0","0","0","0","0","0","0","0","0","0","0","0","0","0","0",
"1600000US0608240","Bridgeport CDP, California","553","171","382","358","322","4","22","6","1","3","24","21","2","12","3","0","2","1","0","1","0","0","0","0","0","0","0","3","2","0","0","0","0","1","0","0","0","0","0","0","0","0","0","0","0","0","0","0","0","0","0","0","0","0","0","0","0","0","0","0","0","0","0","0","0","0","0","0","0","0","0","0","0",
"1600000US0608310","Brisbane city, California","4851","868","3983","3653","1955","88","10","1520","24","56","330","306","19","33","164","6","57","0","14","1","0","0","0","0","8","3","1","18","3","2","0","0","3","0","1","6","0","0","3","0","0","0","0","0","0","0","0","0","5","3","0","0","1","0","0","0","0","0","0","0","0","0","0","1","1","0","1","0","0","0","0","0","0",
"1600000US0608338","Broadmoor CDP, California","4411","982","3429","3259","1060","65","14","2061","34","25","170","161","10","13","92","7","21","0","7","1","1","1","0","0","1","6","1","8","1","2","0","0","1","0","0","4","0","0","0","0","0","0","0","0","0","0","0","0","1","0","0","1","0","0","0","0","0","0","0","0","0","0","0","0","0","0","0","0","0","0","0","0","0",
"1600000US0608478","Brookdale CDP, California","2043","237","1806","1679","1571","18","17","52","1","20","127","116","11","52","35","7","11","0","0","0","0","0","0","0","0","0","0","11","0","0","0","2","0","2","0","7","0","0","0","0","0","0","0","0","0","0","0","0","0","0","0","0","0","0","0","0","0","0","0","0","0","0","0","0","0","0","0","0","0","0","0","0","0",
"1600000US0608506","Brooks CDP, California","31","11","20","16","13","0","2","0","1","0","4","3","0","1","0","0","0","0","0","0","0","0","0","0","2","0","0","0","0","0","0","0","0","0","0","0","0","0","0","0","0","0","0","0","0","0","0","0","1","0","1","0","0","0","0","0","0","0","0","0","0","0","0","0","0","0","0","0","0","0","0","0","0",
"1600000US0608530","Brooktrails CDP, California","3632","557","3075","2843","2638","36","107","29","5","28","232","218","25","104","28","3","53","2","0","0","0","1","0","0","2","0","0","13","4","0","0","0","2","2","0","4","0","0","0","0","0","0","0","0","0","0","0","1","1","1","0","0","0","0","0","0","0","0","0","0","0","0","0","0","0","0","0","0","0","0","0","0","0",
"1600000US0608680","Buckhorn CDP, California","2597","252","2345","2191","2091","12","37","37","1","13","154","144","9","96","16","2","18","1","0","0","0","0","1","0","0","1","0","9","2","0","0","2","1","0","0","3","0","0","0","0","0","1","0","0","0","0","0","0","1","0","1","0","0","0","0","0","0","0","0","0","0","0","0","0","0","0","0","0","0","0","0","0","0",
"1600000US0608716","Buck Meadows CDP, California","21","5","16","12","10","0","0","2","0","0","4","3","1","0","0","0","1","0","1","0","0","0","0","0","0","0","0","1","0","0","1","0","0","0","0","0","0","0","0","0","0","0","0","0","0","0","0","0","0","0","0","0","0","0","0","0","0","0","0","0","0","0","0","0","0","0","0","0","0","0","0","0","0",
"1600000US0608744","Bucks Lake CDP, California","22","0","22","21","21","0","0","0","0","0","1","1","0","0","0","0","0","0","0","0","0","1","0","0","0","0","0","0","0","0","0","0","0","0","0","0","0","0","0","0","0","0","0","0","0","0","0","0","0","0","0","0","0","0","0","0","0","0","0","0","0","0","0","0","0","0","0","0","0","0","0","0","0",
"1600000US0608758","Buellton city, California","5161","1676","3485","3252","3040","30","28","115","5","34","233","224","12","46","93","12","57","0","0","0","0","1","0","0","3","0","0","7","0","0","0","0","0","0","0","6","1","0","0","0","0","0","0","0","0","0","0","0","2","0","0","2","0","0","0","0","0","0","0","0","0","0","0","0","0","0","0","0","0","0","0","0","0",
"1600000US0608786","Buena Park city, California","84034","34330","49704","47226","16331","2504","174","27499","373","345","2478","2227","268","344","938","93","235","28","107","4","24","12","3","0","141","27","3","217","32","48","2","9","32","8","3","71","3","4","1","1","1","0","2","0","0","0","0","0","34","6","1","4","3","2","0","15","3","0","0","0","0","0","0","0","0","0","0","0","0","0","0","0","0",
"1600000US0608828","Buena Vista CDP, California","542","99","443","391","363","4","21","3","0","0","52","46","1","23","3","1","17","0","0","0","0","0","0","1","0","0","0","6","0","0","0","1","3","2","0","0","0","0","0","0","0","0","0","0","0","0","0","0","0","0","0","0","0","0","0","0","0","0","0","0","0","0","0","0","0","0","0","0","0","0","0","0","0",
"1600000US0608954","Burbank city, California","107337","25961","81376","76461","60350","2891","222","12282","98","618","4915","4621","701","644","2191","76","630","56","106","14","64","13","1","2","86","35","2","264","59","56","3","36","22","1","4","65","6","0","2","1","4","1","2","0","1","1","0","0","28","8","0","6","7","4","0","2","0","0","1","0","0","0","0","0","2","0","2","0","0","0","0","0","0",
"1600000US0608968","Burbank CDP, California","4940","2270","2670","2469","1554","141","10","695","12","57","201","174","27","28","66","6","30","1","3","0","1","0","0","1","5","5","1","27","5","7","0","0","5","0","0","8","2","0","0","0","0","0","0","0","0","0","0","0","0","0","0","0","0","0","0","0","0","0","0","0","0","0","0","0","0","0","0","0","0","0","0","0","0",
"1600000US0609066","Burlingame city, California","31386","4263","27123","25147","15826","284","20","8574","105","338","1976","1874","152","115","1128","38","315","4","26","0","12","8","2","1","44","16","13","99","18","13","1","4","6","3","1","40","10","1","0","0","1","1","0","0","0","0","0","0","3","2","0","1","0","0","0","0","0","0","0","0","0","0","0","0","0","0","0","0","0","0","0","0","0",
"1600000US0609122","Burney CDP, California","3000","346","2654","2446","2251","4","171","9","3","8","208","199","10","134","10","9","30","1","0","0","0","1","0","0","3","1","0","8","7","1","0","0","0","0","0","0","0","0","0","0","0","0","0","0","0","0","0","0","1","0","0","0","0","0","0","0","0","0","1","0","0","0","0","0","0","0","0","0","0","0","0","0","0",
"1600000US0609150","Burnt Ranch CDP, California","250","19","231","202","188","0","11","2","1","0","29","26","0","21","4","0","1","0","0","0","0","0","0","0","0","0","0","3","0","0","0","0","2","0","1","0","0","0","0","0","0","0","0","0","0","0","0","0","0","0","0","0","0","0","0","0","0","0","0","0","0","0","0","0","0","0","0","0","0","0","0","0","0",
"1600000US0609310","Butte Creek Canyon CDP, California","780","66","714","687","659","0","7","13","4","4","27","26","0","20","2","1","3","0","0","0","0","0","0","0","0","0","0","1","1","0","0","0","0","0","0","0","0","0","0","0","0","0","0","0","0","0","0","0","0","0","0","0","0","0","0","0","0","0","0","0","0","0","0","0","0","0","0","0","0","0","0","0","0",
"1600000US0609318","Butte Meadows CDP, California","74","14","60","56","51","2","2","1","0","0","4","4","0","4","0","0","0","0","0","0","0","0","0","0","0","0","0","0","0","0","0","0","0","0","0","0","0","0","0","0","0","0","0","0","0","0","0","0","0","0","0","0","0","0","0","0","0","0","0","0","0","0","0","0","0","0","0","0","0","0","0","0","0",
"1600000US0609324","Butte Valley CDP, California","945","153","792","729","713","0","9","6","1","0","63","60","4","28","12","2","12","0","0","0","1","1","0","0","0","0","0","1","0","1","0","0","0","0","0","0","0","0","0","0","0","0","0","0","0","0","0","0","0","0","0","0","0","0","0","0","0","0","0","0","0","0","0","0","2","0","2","0","0","0","0","0","0",
"1600000US0609332","Buttonwillow CDP, California","1337","1087","250","230","184","25","9","7","0","5","20","20","4","8","7","0","0","0","1","0","0","0","0","0","0","0","0","0","0","0","0","0","0","0","0","0","0","0","0","0","0","0","0","0","0","0","0","0","0","0","0","0","0","0","0","0","0","0","0","0","0","0","0","0","0","0","0","0","0","0","0","0","0",
"1600000US0609346","Byron CDP, California","1140","576","564","549","509","24","8","5","3","0","15","14","0","10","2","0","2","0","0","0","0","0","0","0","0","0","0","1","0","1","0","0","0","0","0","0","0","0","0","0","0","0","0","0","0","0","0","0","0","0","0","0","0","0","0","0","0","0","0","0","0","0","0","0","0","0","0","0","0","0","0","0","0",
"1600000US0609353","Bystrom CDP, California","3957","3256","701","633","495","29","13","74","3","19","68","62","4","41","2","3","8","1","0","0","0","0","0","0","2","1","0","5","0","0","0","1","0","2","0","0","0","2","0","0","0","0","0","0","0","0","0","0","1","0","0","0","0","0","0","0","0","0","1","0","0","0","0","0","0","0","0","0","0","0","0","0","0",
"1600000US0609360","Cabazon CDP, California","2629","1400","1229","1092","807","139","52","71","3","20","137","135","27","80","16","0","9","0","1","0","2","0","0","0","0","0","0","2","0","0","0","0","1","1","0","0","0","0","0","0","0","0","0","0","0","0","0","0","0","0","0","0","0","0","0","0","0","0","0","0","0","0","0","0","0","0","0","0","0","0","0","0","0",
"1600000US0609598","Calabasas city, California","23241","1954","21287","20087","17175","515","31","2184","12","170","1200","1154","168","90","592","17","240","8","18","1","2","1","0","0","13","4","0","41","11","9","0","6","2","0","1","6","3","0","2","0","0","1","0","0","0","0","0","0","5","2","1","0","0","0","0","0","0","0","1","0","1","0","0","0","0","0","0","0","0","0","0","0","0",
"1600000US0609710","Calexico city, California","38633","37548","1085","1002","538","43","6","313","4","98","83","58","6","17","14","1","7","3","4","2","0","0","0","1","1","2","0","23","7","2","0","0","1","2","3","1","1","0","1","0","2","1","0","0","0","0","0","2","2","0","0","2","0","0","0","0","0","0","0","0","0","0","0","0","0","0","0","0","0","0","0","0","0",
"1600000US0609780","California City city, California","14973","5494","9479","8590","4601","3385","85","377","46","96","889","787","244","163","118","7","93","47","31","7","36","1","0","0","38","1","1","97","61","16","4","2","7","0","1","3","1","0","0","0","2","0","0","0","0","0","0","0","4","1","0","0","0","0","0","2","1","0","0","0","0","0","0","0","1","0","1","0","0","0","0","0","0",
"1600000US0609822","California Hot Springs CDP, California","50","2","48","47","46","0","0","1","0","0","1","1","0","1","0","0","0","0","0","0","0","0","0","0","0","0","0","0","0","0","0","0","0","0","0","0","0","0","0","0","0","0","0","0","0","0","0","0","0","0","0","0","0","0","0","0","0","0","0","0","0","0","0","0","0","0","0","0","0","0","0","0","0",
"1600000US0609834","California Pines CDP, California","473","74","399","379","362","0","11","3","2","1","20","20","2","16","0","0","2","0","0","0","0","0","0","0","0","0","0","0","0","0","0","0","0","0","0","0","0","0","0","0","0","0","0","0","0","0","0","0","0","0","0","0","0","0","0","0","0","0","0","0","0","0","0","0","0","0","0","0","0","0","0","0","0",
"1600000US0609835","California Polytechnic State University CDP, California","8583","1310","7273","7017","5499","169","4","1196","1","148","256","246","10","2","187","0","4","0","0","0","42","0","0","0","0","1","0","8","0","5","0","0","2","0","0","1","0","0","0","0","0","0","0","0","0","0","0","0","2","0","0","0","0","0","0","2","0","0","0","0","0","0","0","0","0","0","0","0","0","0","0","0","0",
"1600000US0609864","Calimesa city, California","10026","2894","7132","6701","6155","167","52","275","12","40","431","408","53","144","78","17","101","5","2","0","6","1","0","1","0","0","0","19","11","2","1","0","2","0","3","0","0","0","0","0","0","0","0","0","0","0","0","0","4","2","0","0","2","0","0","0","0","0","0","0","0","0","0","0","0","0","0","0","0","0","0","0","0",
"1600000US0609878","Calipatria city, California","6515","4960","1555","1492","440","969","36","27","13","7","63","59","8","14","8","0","2","0","0","1","0","0","0","0","25","1","0","4","1","0","0","0","1","0","0","0","0","0","0","0","2","0","0","0","0","0","0","0","0","0","0","0","0","0","0","0","0","0","0","0","0","0","0","0","0","0","0","0","0","0","0","0","0",
"1600000US0609892","Calistoga city, California","5228","2698","2530","2415","2278","23","9","88","3","14","115","103","8","40","23","2","27","0","1","0","0","0","0","0","1","1","0","12","4","0","0","0","2","0","0","6","0","0","0","0","0","0","0","0","0","0","0","0","0","0","0","0","0","0","0","0","0","0","0","0","0","0","0","0","0","0","0","0","0","0","0","0","0",
"1600000US0609948","Callender CDP, California","1282","392","890","834","781","9","9","35","0","0","56","53","4","14","13","0","17","2","1","0","0","2","0","0","0","0","0","2","0","0","1","0","1","0","0","0","0","0","0","0","0","0","0","0","0","0","0","0","1","0","0","0","0","0","0","1","0","0","0","0","0","0","0","0","0","0","0","0","0","0","0","0","0",
"1600000US0609990","Calpella CDP, California","799","348","451","432","396","1","18","10","2","5","19","19","0","15","2","0","0","0","2","0","0","0","0","0","0","0","0","0","0","0","0","0","0","0","0","0","0","0","0","0","0","0","0","0","0","0","0","0","0","0","0","0","0","0","0","0","0","0","0","0","0","0","0","0","0","0","0","0","0","0","0","0","0",
"1600000US0610004","Calpine CDP, California","223","18","205","199","198","0","0","0","0","1","6","5","0","1","0","0","4","0","0","0","0","0","0","0","0","0","0","1","1","0","0","0","0","0","0","0","0","0","0","0","0","0","0","0","0","0","0","0","0","0","0","0","0","0","0","0","0","0","0","0","0","0","0","0","0","0","0","0","0","0","0","0","0",
"1600000US0610032","Calwa CDP, California","1776","1601","175","169","67","35","16","50","1","0","6","4","3","0","0","0","0","0","0","0","0","0","0","0","0","1","0","2","0","0","0","0","0","0","0","2","0","0","0","0","0","0","0","0","0","0","0","0","0","0","0","0","0","0","0","0","0","0","0","0","0","0","0","0","0","0","0","0","0","0","0","0","0",
"1600000US0610042","Camanche North Shore CDP, California","1070","150","920","857","816","10","6","19","2","4","63","61","6","22","11","2","20","0","0","0","0","0","0","0","0","0","0","2","0","0","0","0","2","0","0","0","0","0","0","0","0","0","0","0","0","0","0","0","0","0","0","0","0","0","0","0","0","0","0","0","0","0","0","0","0","0","0","0","0","0","0","0","0",
"1600000US0610044","Camanche Village CDP, California","964","152","812","770","725","7","4","13","13","8","42","41","6","17","10","0","7","0","1","0","0","0","0","0","0","0","0","1","0","0","0","0","0","0","0","1","0","0","0","0","0","0","0","0","0","0","0","0","0","0","0","0","0","0","0","0","0","0","0","0","0","0","0","0","0","0","0","0","0","0","0","0","0",
"1600000US0610046","Camarillo city, California","70741","19356","51385","47607","37557","1524","131","7806","160","429","3778","3539","432","631","1546","108","586","30","51","1","12","8","0","3","108","22","1","211","45","27","2","15","28","1","8","63","13","0","4","1","0","3","0","0","1","0","0","0","27","12","0","2","2","0","1","10","0","0","0","0","0","0","0","0","1","1","0","0","0","0","0","0","0",
"1600000US0610074","Cambria CDP, California","5678","1260","4418","4208","4062","10","13","91","4","28","210","204","19","61","48","3","65","3","3","0","0","1","0","0","0","1","0","5","0","0","0","1","2","0","0","2","0","0","0","0","0","0","0","0","0","0","0","0","1","0","0","0","0","0","0","1","0","0","0","0","0","0","0","0","0","0","0","0","0","0","0","0","0",
"1600000US0610088","Cambrian Park CDP, California","3719","626","3093","2839","2013","50","10","739","8","19","254","238","16","32","128","3","47","1","4","0","2","0","0","0","3","2","0","14","0","2","0","0","3","0","1","5","2","0","0","0","1","0","0","0","0","0","0","0","2","2","0","0","0","0","0","0","0","0","0","0","0","0","0","0","0","0","0","0","0","0","0","0","0",
"1600000US0610256","Cameron Park CDP, California","18881","2862","16019","14891","14067","143","120","442","27","92","1128","1064","119","406","287","34","191","2","3","0","3","3","3","0","11","2","0","63","12","8","1","3","6","14","4","9","2","1","0","0","1","0","0","0","2","0","0","0","1","0","0","0","0","0","0","1","0","0","0","0","0","0","0","0","0","0","0","0","0","0","0","0","0",
"1600000US0610270","Camino CDP, California","1871","154","1717","1568","1503","5","9","14","4","33","149","147","7","55","7","2","74","1","0","0","0","1","0","0","0","0","0","2","1","1","0","0","0","0","0","0","0","0","0","0","0","0","0","0","0","0","0","0","0","0","0","0","0","0","0","0","0","0","0","0","0","0","0","0","0","0","0","0","0","0","0","0","0",
"1600000US0610301","Camino Tassajara CDP, California","4951","282","4669","4384","1386","103","6","2845","3","41","285","279","23","15","197","1","18","2","4","0","0","1","0","0","17","1","0","5","0","2","0","1","1","0","0","0","0","0","0","1","0","0","0","0","0","0","0","0","1","1","0","0","0","0","0","0","0","0","0","0","0","0","0","0","0","0","0","0","0","0","0","0","0",
"1600000US0610345","Campbell city, California","43959","8424","35535","32856","20855","1022","90","10500","132","257","2679","2499","252","342","1377","57","325","5","32","7","13","7","0","6","54","19","3","161","27","26","1","4","41","3","0","44","11","0","1","0","0","1","2","0","0","0","0","0","17","6","2","2","1","4","1","1","0","0","0","0","0","0","0","0","2","1","0","1","0","0","0","0","0",
"1600000US0610494","Camp Nelson CDP, California","106","3","103","101","92","0","6","3","0","0","2","2","0","2","0","0","0","0","0","0","0","0","0","0","0","0","0","0","0","0","0","0","0","0","0","0","0","0","0","0","0","0","0","0","0","0","0","0","0","0","0","0","0","0","0","0","0","0","0","0","0","0","0","0","0","0","0","0","0","0","0","0","0",
"1600000US0610508","Campo CDP, California","2955","1087","1868","1708","1488","61","87","42","7","23","160","150","14","45","38","5","40","4","1","0","0","3","0","0","0","0","0","8","2","0","0","0","4","0","0","2","0","0","0","0","0","0","0","0","0","0","0","0","2","0","0","0","0","0","0","0","2","0","0","0","0","0","0","0","0","0","0","0","0","0","0","0","0",
"1600000US0610554","Camp Pendleton Mainside CDP, California","9683","2905","6778","6525","4920","990","97","387","112","19","253","224","38","41","74","8","23","7","7","0","8","1","0","0","16","1","0","26","8","2","0","1","2","1","2","6","0","0","1","0","0","3","0","0","0","0","0","0","3","3","0","0","0","0","0","0","0","0","0","0","0","0","0","0","0","0","0","0","0","0","0","0","0",
"1600000US0610561","Camp Pendleton South CDP, California","12468","3590","8878","8134","6453","1048","93","401","85","54","744","660","179","152","168","20","59","9","32","6","6","0","0","0","27","2","0","74","13","17","1","4","9","2","0","21","0","0","3","0","0","3","0","0","0","0","0","1","10","6","0","0","2","0","1","0","1","0","0","0","0","0","0","0","0","0","0","0","0","0","0","0","0",
"1600000US0610676","Camptonville CDP, California","158","12","146","128","116","3","1","0","5","3","18","18","2","3","2","1","10","0","0","0","0","0","0","0","0","0","0","0","0","0","0","0","0","0","0","0","0","0","0","0","0","0","0","0","0","0","0","0","0","0","0","0","0","0","0","0","0","0","0","0","0","0","0","0","0","0","0","0","0","0","0","0","0",
"1600000US0610732","Canby CDP, California","183","12","171","152","143","5","2","2","0","0","19","18","1","13","0","0","1","0","1","0","0","0","0","0","2","0","0","1","0","0","0","0","0","0","0","1","0","0","0","0","0","0","0","0","0","0","0","0","0","0","0","0","0","0","0","0","0","0","0","0","0","0","0","0","0","0","0","0","0","0","0","0","0",
"1600000US0610816","Cantua Creek CDP, California","500","468","32","31","20","2","1","4","0","4","1","1","0","0","0","0","0","0","1","0","0","0","0","0","0","0","0","0","0","0","0","0","0","0","0","0","0","0","0","0","0","0","0","0","0","0","0","0","0","0","0","0","0","0","0","0","0","0","0","0","0","0","0","0","0","0","0","0","0","0","0","0","0",
"1600000US0610914","Canyondam CDP, California","30","5","25","25","22","0","0","3","0","0","0","0","0","0","0","0","0","0","0","0","0","0","0","0","0","0","0","0","0","0","0","0","0","0","0","0","0","0","0","0","0","0","0","0","0","0","0","0","0","0","0","0","0","0","0","0","0","0","0","0","0","0","0","0","0","0","0","0","0","0","0","0","0",
"1600000US0610928","Canyon Lake city, California","11082","1668","9414","8852","8279","199","45","266","15","48","562","520","60","159","126","26","126","1","5","1","5","0","0","0","9","2","0","35","14","2","0","0","8","1","0","2","7","0","0","0","0","1","0","0","0","0","0","0","7","2","0","0","0","0","0","4","0","0","0","1","0","0","0","0","0","0","0","0","0","0","0","0","0",
"1600000US0611040","Capitola city, California","9938","2227","7711","7138","6455","103","31","477","5","67","573","524","62","115","143","15","163","3","2","0","5","4","0","0","11","1","0","47","10","3","2","3","11","3","0","15","0","0","0","0","0","0","0","0","0","0","0","0","2","1","0","0","1","0","0","0","0","0","0","0","0","0","0","0","0","0","0","0","0","0","0","0","0",
"1600000US0611166","Caribou CDP, California","1","1","0","0","0","0","0","0","0","0","0","0","0","0","0","0","0","0","0","0","0","0","0","0","0","0","0","0","0","0","0","0","0","0","0","0","0","0","0","0","0","0","0","0","0","0","0","0","0","0","0","0","0","0","0","0","0","0","0","0","0","0","0","0","0","0","0","0","0","0","0","0","0",
"1600000US0611194","Carlsbad city, California","114746","17302","97444","90515","79201","1231","259","9004","196","624","6929","6570","772","981","3028","153","1313","34","81","15","20","12","4","9","111","36","1","333","52","55","10","22","53","11","3","99","14","2","0","1","3","2","4","1","1","0","0","0","18","4","0","3","7","3","0","0","0","0","0","0","0","1","0","0","8","5","1","2","0","0","0","0","0",
"1600000US0611250","Carmel-by-the-Sea city, California","3220","192","3028","2939","2793","13","11","104","2","16","89","82","6","19","30","0","14","2","0","0","0","1","0","0","10","0","0","7","1","1","0","0","4","0","0","1","0","0","0","0","0","0","0","0","0","0","0","0","0","0","0","0","0","0","0","0","0","0","0","0","0","0","0","0","0","0","0","0","0","0","0","0","0",
"1600000US0611324","Carmel Valley Village CDP, California","4524","479","4045","3805","3640","23","13","93","8","28","240","232","14","73","87","8","47","0","1","0","0","2","0","0","0","0","0","5","1","0","0","0","2","0","2","0","0","0","0","0","0","0","0","0","0","0","0","0","3","1","0","0","0","0","0","0","0","0","0","0","0","0","2","0","0","0","0","0","0","0","0","0","0",
"1600000US0611376","Carmet CDP, California","55","4","51","41","41","0","0","0","0","0","10","10","0","5","5","0","0","0","0","0","0","0","0","0","0","0","0","0","0","0","0","0","0","0","0","0","0","0","0","0","0","0","0","0","0","0","0","0","0","0","0","0","0","0","0","0","0","0","0","0","0","0","0","0","0","0","0","0","0","0","0","0","0",
"1600000US0611390","Carmichael CDP, California","79793","11716","68077","62191","50926","4073","407","5910","387","488","5886","5437","931","1137","1833","111","1039","88","85","21","53","18","0","8","89","21","3","418","95","74","3","34","60","12","10","84","10","4","7","1","2","12","3","3","0","1","0","3","28","12","2","7","6","0","0","1","0","0","0","0","0","0","0","0","3","0","2","1","0","0","0","0","0",
"1600000US0611418","Carnelian Bay CDP, California","518","31","487","467","458","2","1","4","1","1","20","18","4","0","5","2","7","0","0","0","0","0","0","0","0","0","0","2","1","0","0","0","1","0","0","0","0","0","0","0","0","0","0","0","0","0","0","0","0","0","0","0","0","0","0","0","0","0","0","0","0","0","0","0","0","0","0","0","0","0","0","0","0",
"1600000US0611446","Carpinteria city, California","13264","6473","6791","6359","5873","73","36","299","8","70","432","397","51","85","122","13","107","9","5","0","1","2","0","0","1","1","0","33","6","2","0","4","5","3","0","5","3","0","1","0","0","0","0","2","0","1","0","1","1","0","0","1","0","0","0","0","0","0","0","0","0","0","0","0","1","1","0","0","0","0","0","0","0",
"1600000US0611481","Carrick CDP, California","143","17","126","118","111","0","2","0","0","5","8","8","0","5","0","0","3","0","0","0","0","0","0","0","0","0","0","0","0","0","0","0","0","0","0","0","0","0","0","0","0","0","0","0","0","0","0","0","0","0","0","0","0","0","0","0","0","0","0","0","0","0","0","0","0","0","0","0","0","0","0","0","0",
"1600000US0611530","Carson city, California","95558","37643","57915","55098","6569","21264","185","25011","1585","484","2817","2462","374","152","652","105","132","184","265","47","201","18","1","0","292","36","3","322","73","56","8","17","32","2","5","85","16","1","4","1","2","13","2","2","3","0","0","0","28","8","6","6","2","1","0","4","0","0","1","0","0","0","0","0","4","1","3","0","0","0","0","1","1",
"1600000US0611600","Cartago CDP, California","62","19","43","38","37","0","0","1","0","0","5","5","0","2","0","1","1","1","0","0","0","0","0","0","0","0","0","0","0","0","0","0","0","0","0","0","0","0","0","0","0","0","0","0","0","0","0","0","0","0","0","0","0","0","0","0","0","0","0","0","0","0","0","0","0","0","0","0","0","0","0","0","0",
"1600000US0611614","Caruthers CDP, California","2613","1930","683","637","489","3","5","130","0","10","46","44","10","19","2","1","10","0","0","0","0","0","0","0","2","0","0","2","1","1","0","0","0","0","0","0","0","0","0","0","0","0","0","0","0","0","0","0","0","0","0","0","0","0","0","0","0","0","0","0","0","0","0","0","0","0","0","0","0","0","0","0","0",
"1600000US0611656","Casa Conejo CDP, California","3267","976","2291","2101","1871","14","9","195","2","10","190","186","21","32","73","2","48","1","1","0","0","0","0","0","7","1","0","4","0","0","0","0","1","0","0","3","0","0","0","0","0","0","0","0","0","0","0","0","0","0","0","0","0","0","0","0","0","0","0","0","0","0","0","0","0","0","0","0","0","0","0","0","0",
"1600000US0611691","Casa de Oro-Mount Helix CDP, California","19576","4544","15032","13964","11836","1174","53","718","82","101","1068","973","169","173","314","40","165","7","38","13","16","10","2","0","21","4","1","86","23","26","6","5","6","1","1","10","4","0","0","0","0","4","0","0","0","0","0","0","6","1","0","1","4","0","0","0","0","0","0","0","0","0","0","0","3","1","2","0","0","0","0","0","0",
"1600000US0611696","Casa Loma CDP, California","1804","1443","361","328","246","63","11","6","0","2","33","30","5","12","7","0","2","1","0","0","2","1","0","0","0","0","0","3","1","0","0","0","0","0","0","2","0","0","0","0","0","0","0","0","0","0","0","0","0","0","0","0","0","0","0","0","0","0","0","0","0","0","0","0","0","0","0","0","0","0","0","0","0",
"1600000US0611754","Casmalia CDP, California","147","63","84","74","73","0","0","1","0","0","10","8","1","5","0","0","1","0","0","0","0","0","0","0","1","0","0","2","2","0","0","0","0","0","0","0","0","0","0","0","0","0","0","0","0","0","0","0","0","0","0","0","0","0","0","0","0","0","0","0","0","0","0","0","0","0","0","0","0","0","0","0","0",
"1600000US0611768","Caspar CDP, California","500","55","445","400","389","1","2","3","0","5","45","42","6","18","6","2","8","0","0","0","0","0","0","1","1","0","0","3","1","1","0","0","0","0","0","1","0","0","0","0","0","0","0","0","0","0","0","0","0","0","0","0","0","0","0","0","0","0","0","0","0","0","0","0","0","0","0","0","0","0","0","0","0",
"1600000US0611782","Cassel CDP, California","207","14","193","183","181","0","0","1","1","0","10","10","0","7","2","0","1","0","0","0","0","0","0","0","0","0","0","0","0","0","0","0","0","0","0","0","0","0","0","0","0","0","0","0","0","0","0","0","0","0","0","0","0","0","0","0","0","0","0","0","0","0","0","0","0","0","0","0","0","0","0","0","0",
"1600000US0611796","Castaic CDP, California","18937","5886","13051","12073","9208","600","51","2036","27","151","978","930","137","187","361","22","154","6","8","0","18","2","0","0","29","6","0","37","5","2","0","0","19","0","0","11","0","0","0","0","0","0","0","0","0","0","0","0","11","4","0","4","1","0","0","2","0","0","0","0","0","0","0","0","0","0","0","0","0","0","0","0","0",
"1600000US0611824","Castella CDP, California","214","16","198","190","182","2","2","1","0","3","8","8","0","6","0","0","2","0","0","0","0","0","0","0","0","0","0","0","0","0","0","0","0","0","0","0","0","0","0","0","0","0","0","0","0","0","0","0","0","0","0","0","0","0","0","0","0","0","0","0","0","0","0","0","0","0","0","0","0","0","0","0","0",
"1600000US0611915","Castle Hill CDP, California","1271","91","1180","1091","921","9","0","147","6","8","89","86","5","7","45","2","24","0","0","0","0","0","0","0","3","0","0","3","0","0","0","1","0","0","0","1","1","0","0","0","0","0","0","0","0","0","0","0","0","0","0","0","0","0","0","0","0","0","0","0","0","0","0","0","0","0","0","0","0","0","0","0","0",
"1600000US0611964","Castro Valley CDP, California","66441","12822","53619","49452","24412","3993","141","20174","278","454","4167","3845","529","495","1844","128","439","60","119","14","40","14","6","2","113","33","9","290","62","61","5","15","33","4","3","75","10","0","2","0","5","9","1","0","3","0","0","2","24","12","0","2","2","2","0","2","1","0","1","1","0","0","1","0","8","7","0","0","0","1","0","0","0",
"1600000US0611978","Castroville CDP, California","7515","6872","643","582","359","40","7","155","8","13","61","56","4","7","28","0","4","2","4","0","0","2","0","0","3","1","1","5","1","0","0","0","1","0","0","3","0","0","0","0","0","0","0","0","0","0","0","0","0","0","0","0","0","0","0","0","0","0","0","0","0","0","0","0","0","0","0","0","0","0","0","0","0",
"1600000US0612048","Cathedral City city, California","51493","30893","20600","19386","14778","1108","268","2929","53","250","1214","1099","187","306","246","20","181","29","37","1","20","3","5","2","50","11","1","97","37","13","6","6","9","6","1","12","0","0","1","0","2","2","1","0","0","0","0","1","11","2","1","1","2","2","0","1","0","0","0","0","0","2","0","0","7","6","1","0","0","0","0","0","0",
"1600000US0612062","Catheys Valley CDP, California","829","115","714","667","635","5","8","10","0","9","47","46","11","22","4","0","9","0","0","0","0","0","0","0","0","0","0","1","0","0","0","0","0","0","0","1","0","0","0","0","0","0","0","0","0","0","0","0","0","0","0","0","0","0","0","0","0","0","0","0","0","0","0","0","0","0","0","0","0","0","0","0","0",
"1600000US0612132","Cayucos CDP, California","2505","274","2231","2112","2033","12","7","47","0","13","119","114","3","45","32","8","24","0","0","0","2","0","0","0","0","0","0","5","1","1","0","0","1","0","0","0","0","0","2","0","0","0","0","0","0","0","0","0","0","0","0","0","0","0","0","0","0","0","0","0","0","0","0","0","0","0","0","0","0","0","0","0","0",
"1600000US0612146","Cazadero CDP, California","298","19","279","267","258","0","5","2","0","2","12","12","3","3","4","0","0","0","0","0","1","1","0","0","0","0","0","0","0","0","0","0","0","0","0","0","0","0","0","0","0","0","0","0","0","0","0","0","0","0","0","0","0","0","0","0","0","0","0","0","0","0","0","0","0","0","0","0","0","0","0","0","0",
"1600000US0612216","Cedar Flat CDP, California","797","33","764","739","718","1","4","8","4","4","25","23","0","1","13","3","5","0","1","0","0","0","0","0","0","0","0","2","0","0","1","0","0","0","1","0","0","0","0","0","0","0","0","0","0","0","0","0","0","0","0","0","0","0","0","0","0","0","0","0","0","0","0","0","0","0","0","0","0","0","0","0","0",
"1600000US0612300","Cedar Ridge CDP, California","1235","116","1119","1052","1022","1","13","10","1","5","67","63","8","34","8","0","12","0","0","0","0","0","0","0","1","0","0","4","3","1","0","0","0","0","0","0","0","0","0","0","0","0","0","0","0","0","0","0","0","0","0","0","0","0","0","0","0","0","0","0","0","0","0","0","0","0","0","0","0","0","0","0","0",
"1600000US0612314","Cedar Slope CDP, California","10","2","8","7","6","1","0","0","0","0","1","1","1","0","0","0","0","0","0","0","0","0","0","0","0","0","0","0","0","0","0","0","0","0","0","0","0","0","0","0","0","0","0","0","0","0","0","0","0","0","0","0","0","0","0","0","0","0","0","0","0","0","0","0","0","0","0","0","0","0","0","0","0",
"1600000US0612328","Cedarville CDP, California","437","76","361","340","318","0","16","0","0","6","21","21","2","9","2","0","8","0","0","0","0","0","0","0","0","0","0","0","0","0","0","0","0","0","0","0","0","0","0","0","0","0","0","0","0","0","0","0","0","0","0","0","0","0","0","0","0","0","0","0","0","0","0","0","0","0","0","0","0","0","0","0","0",
"1600000US0612412","Centerville CDP (Fresno County), California","378","136","242","226","205","2","0","18","0","1","16","16","1","11","3","0","0","0","0","0","0","0","0","0","0","1","0","0","0","0","0","0","0","0","0","0","0","0","0","0","0","0","0","0","0","0","0","0","0","0","0","0","0","0","0","0","0","0","0","0","0","0","0","0","0","0","0","0","0","0","0","0","0",
"1600000US0612415","Centerville CDP (Shasta County), California","2095","166","1929","1773","1687","8","24","41","1","12","156","145","11","66","34","3","26","1","1","0","0","2","1","0","0","0","0","10","6","0","1","0","0","1","0","2","0","0","0","0","0","0","0","0","0","0","0","0","1","0","0","0","1","0","0","0","0","0","0","0","0","0","0","0","0","0","0","0","0","0","0","0","0",
"1600000US0612524","Ceres city, California","49302","31624","17678","16291","10586","897","204","4068","334","202","1387","1288","174","449","269","34","179","17","22","10","18","10","1","0","70","10","25","87","11","11","0","3","18","10","5","20","3","0","3","1","0","1","0","0","0","1","0","0","10","1","0","2","0","1","0","4","0","0","2","0","0","0","0","0","2","1","1","0","0","0","0","0","0",
"1600000US0612552","Cerritos city, California","49578","7092","42486","40797","6340","3155","61","30810","191","240","1689","1552","124","95","805","25","97","33","97","11","38","10","3","4","174","36","0","122","11","12","4","3","35","2","5","26","14","0","0","0","0","2","7","1","0","0","0","0","14","5","0","5","1","0","0","1","2","0","0","0","0","0","0","0","1","1","0","0","0","0","0","0","0",
"1600000US0612594","Chalfant CDP, California","660","55","605","574","543","2","23","4","1","1","31","31","0","18","3","0","9","0","0","0","0","0","0","0","1","0","0","0","0","0","0","0","0","0","0","0","0","0","0","0","0","0","0","0","0","0","0","0","0","0","0","0","0","0","0","0","0","0","0","0","0","0","0","0","0","0","0","0","0","0","0","0","0",
"1600000US0612612","Challenge-Brownsville CDP, California","1161","94","1067","987","920","12","20","11","10","14","80","75","4","53","2","4","11","0","0","0","0","0","0","0","1","0","0","5","0","0","0","0","2","0","0","3","0","0","0","0","0","0","0","0","0","0","0","0","0","0","0","0","0","0","0","0","0","0","0","0","0","0","0","0","0","0","0","0","0","0","0","0","0",
"1600000US0612669","Channel Islands Beach CDP, California","2870","455","2415","2246","2103","21","7","85","7","23","169","158","14","44","44","6","42","0","0","0","4","1","0","0","3","0","0","9","2","0","0","2","2","0","0","0","0","0","0","0","0","0","0","0","3","0","0","0","2","0","0","2","0","0","0","0","0","0","0","0","0","0","0","0","0","0","0","0","0","0","0","0","0",
"1600000US0612730","Charleston View CDP, California","45","15","30","23","22","0","0","1","0","0","7","7","2","4","0","0","1","0","0","0","0","0","0","0","0","0","0","0","0","0","0","0","0","0","0","0","0","0","0","0","0","0","0","0","0","0","0","0","0","0","0","0","0","0","0","0","0","0","0","0","0","0","0","0","0","0","0","0","0","0","0","0","0",
"1600000US0612734","Charter Oak CDP, California","9739","5600","4139","3861","2277","379","34","1113","14","44","278","248","43","43","94","1","23","8","9","6","3","0","0","0","7","9","2","27","10","1","0","0","3","6","0","5","2","0","0","0","0","0","0","0","0","0","0","0","3","1","0","0","0","0","0","2","0","0","0","0","0","0","0","0","0","0","0","0","0","0","0","0","0",
"1600000US0612818","Cherokee CDP, California","88","6","82","72","70","0","0","1","0","1","10","8","1","2","3","0","2","0","0","0","0","0","0","0","0","0","0","2","0","0","0","0","0","0","0","2","0","0","0","0","0","0","0","0","0","0","0","0","0","0","0","0","0","0","0","0","0","0","0","0","0","0","0","0","0","0","0","0","0","0","0","0","0",
"1600000US0612860","Cherokee Strip CDP, California","206","164","42","41","33","1","0","3","0","4","1","1","0","1","0","0","0","0","0","0","0","0","0","0","0","0","0","0","0","0","0","0","0","0","0","0","0","0","0","0","0","0","0","0","0","0","0","0","0","0","0","0","0","0","0","0","0","0","0","0","0","0","0","0","0","0","0","0","0","0","0","0","0",
"1600000US0612902","Cherryland CDP, California","15808","9179","6629","6136","2279","1299","54","2133","283","88","493","433","89","44","107","23","39","11","32","8","6","3","2","0","60","7","2","50","4","15","1","4","1","0","0","19","2","0","3","0","0","0","0","0","0","0","0","1","8","0","0","4","1","1","0","0","0","0","1","1","0","0","0","0","2","2","0","0","0","0","0","0","0",
"1600000US0612916","Cherry Valley CDP, California","6509","1544","4965","4680","4360","99","44","146","10","21","285","272","22","130","53","5","52","2","1","1","4","0","0","0","2","0","0","10","3","3","1","1","1","0","0","1","0","0","0","0","0","0","0","0","0","0","0","0","3","3","0","0","0","0","0","0","0","0","0","0","0","0","0","0","0","0","0","0","0","0","0","0","0",
"1600000US0612930","Chester CDP, California","2187","175","2012","1908","1855","3","18","27","1","4","104","100","11","57","10","0","17","0","0","0","2","0","0","1","1","0","1","0","0","0","0","0","0","0","0","0","0","0","0","0","0","0","0","0","0","0","0","0","4","3","0","0","0","0","0","0","0","0","0","1","0","0","0","0","0","0","0","0","0","0","0","0","0",
"1600000US0613014","Chico city, California","101475","20638","80837","74414","66361","1822","938","4349","320","624","6423","5999","862","2235","1405","175","1046","71","42","14","27","15","4","2","85","16","0","389","120","46","7","11","58","16","15","83","9","1","6","0","10","3","2","0","2","0","0","0","28","13","1","5","0","0","0","7","2","0","0","0","0","0","0","0","7","4","2","0","1","0","0","0","0",
"1600000US0613077","Chilcoot-Vinton CDP, California","446","28","418","399","385","0","10","4","0","0","19","18","1","14","2","0","0","1","0","0","0","0","0","0","0","0","0","0","0","0","0","0","0","0","0","0","0","0","0","0","0","0","0","0","0","0","0","0","1","0","0","0","0","0","0","0","0","0","0","1","0","0","0","0","0","0","0","0","0","0","0","0","0",
"1600000US0613157","China Lake Acres CDP, California","1757","327","1430","1309","1218","37","29","14","2","9","121","116","9","62","19","1","14","2","5","2","0","1","0","0","1","0","0","5","2","0","0","0","0","0","0","3","0","0","0","0","0","0","0","0","0","0","0","0","0","0","0","0","0","0","0","0","0","0","0","0","0","0","0","0","0","0","0","0","0","0","0","0","0",
"1600000US0613182","Chinese Camp CDP, California","90","9","81","76","73","3","0","0","0","0","5","5","1","3","0","0","1","0","0","0","0","0","0","0","0","0","0","0","0","0","0","0","0","0","0","0","0","0","0","0","0","0","0","0","0","0","0","0","0","0","0","0","0","0","0","0","0","0","0","0","0","0","0","0","0","0","0","0","0","0","0","0","0",
"1600000US0613210","Chino city, California","91403","46841","44562","42124","18833","5212","256","17255","102","466","2438","2224","314","319","794","60","265","59","116","14","44","9","1","8","176","44","1","183","39","27","7","25","21","3","5","34","4","1","5","0","1","4","5","1","0","0","0","1","30","15","0","6","2","1","0","5","0","0","1","0","0","0","0","0","1","1","0","0","0","0","0","0","0",
"1600000US0613214","Chino Hills city, California","78411","22084","56327","53626","18465","3116","126","31417","125","377","2701","2521","292","303","1238","44","266","43","89","5","59","15","1","0","128","38","0","163","30","25","5","10","22","5","6","42","7","0","2","0","2","6","0","0","0","0","1","0","14","3","1","3","4","0","0","1","0","0","1","0","1","0","0","0","3","1","2","0","0","0","0","0","0",
"1600000US0613278","Choctaw Valley CDP, California","237","40","197","187","172","1","3","10","0","1","10","6","0","5","0","0","0","0","0","0","1","0","0","0","0","0","0","4","0","0","0","0","1","0","1","2","0","0","0","0","0","0","0","0","0","0","0","0","0","0","0","0","0","0","0","0","0","0","0","0","0","0","0","0","0","0","0","0","0","0","0","0","0",
"1600000US0613294","Chowchilla city, California","19039","9054","9985","9383","6775","1817","182","494","33","82","602","587","78","199","62","11","101","3","2","0","5","3","2","2","113","6","0","10","3","2","1","1","3","0","0","0","0","0","0","0","0","0","0","0","0","0","0","0","3","0","0","0","1","0","0","2","0","0","0","0","0","0","0","0","0","0","0","0","0","0","0","2","2",
"1600000US0613364","Chualar CDP, California","1185","1143","42","36","24","0","8","4","0","0","6","4","1","1","1","0","1","0","0","0","0","0","0","0","0","0","0","2","0","0","0","1","1","0","0","0","0","0","0","0","0","0","0","0","0","0","0","0","0","0","0","0","0","0","0","0","0","0","0","0","0","0","0","0","0","0","0","0","0","0","0","0","0",
"1600000US0613392","Chula Vista city, California","275487","164698","110789","100067","43720","12703","488","40841","1140","1175","10722","9640","1445","817","4457","308","640","154","799","68","173","55","11","9","589","107","8","986","170","230","19","43","147","14","12","257","35","2","5","2","1","28","11","0","2","5","0","3","88","36","3","2","22","6","0","14","1","1","1","1","1","0","0","0","8","3","1","1","3","0","0","0","0",
"1600000US0613560","Citrus CDP, California","10243","7806","2437","2277","1183","169","36","818","6","65","160","146","18","27","57","4","13","2","7","0","7","2","0","0","1","5","3","12","2","0","0","3","0","0","0","4","0","0","1","0","0","0","2","0","0","0","0","0","2","0","1","1","0","0","0","0","0","0","0","0","0","0","0","0","0","0","0","0","0","0","0","0","0",
"1600000US0613588","Citrus Heights city, California","87583","17176","70407","64601","56474","3191","516","3507","403","510","5806","5325","902","1724","1320","176","851","52","78","21","38","15","10","1","110","21","6","452","131","83","4","20","68","15","4","82","8","1","16","0","2","12","1","0","2","0","0","3","27","9","8","0","1","0","0","6","0","0","1","1","0","0","1","0","2","2","0","0","0","0","0","0","0",
"1600000US0613756","Claremont city, California","37266","9416","27850","25631","17628","1783","90","5809","49","272","2219","2066","276","254","907","25","251","44","41","6","19","3","1","1","231","7","0","145","48","20","4","12","18","0","0","38","3","0","0","0","2","0","0","0","0","0","0","0","6","4","0","1","1","0","0","0","0","0","0","0","0","0","0","0","2","1","1","0","0","0","0","0","0",
"1600000US0613784","Clarksburg CDP, California","402","111","291","281","262","0","3","16","0","0","10","9","1","2","4","0","0","0","2","0","0","0","0","0","0","0","0","1","0","0","0","0","1","0","0","0","0","0","0","0","0","0","0","0","0","0","0","0","0","0","0","0","0","0","0","0","0","0","0","0","0","0","0","0","0","0","0","0","0","0","0","0","0",
"1600000US0613854","Clay CDP, California","1252","284","968","895","813","19","11","45","1","6","73","69","2","26","12","0","26","0","1","0","1","0","0","0","1","0","0","4","0","1","0","2","1","0","0","0","0","0","0","0","0","0","0","0","0","0","0","0","0","0","0","0","0","0","0","0","0","0","0","0","0","0","0","0","0","0","0","0","0","0","0","0","0",
"1600000US0613882","Clayton city, California","11070","1242","9828","9044","7782","172","17","1014","14","45","784","739","62","134","378","25","104","0","13","0","5","4","1","0","12","1","0","40","6","8","1","2","15","0","0","7","1","0","0","0","0","0","0","0","0","0","0","0","5","1","0","0","3","0","0","1","0","0","0","0","0","0","0","0","0","0","0","0","0","0","0","0","0",
"1600000US0613910","Clear Creek CDP, California","175","9","166","158","157","0","0","1","0","0","8","5","0","5","0","0","0","0","0","0","0","0","0","0","0","0","0","2","0","0","0","0","1","0","0","0","1","0","0","0","0","0","0","0","0","0","0","0","1","0","0","0","1","0","0","0","0","0","0","0","0","0","0","0","0","0","0","0","0","0","0","0","0",
"1600000US0613945","Clearlake city, California","16685","5406","11279","10257","9143","551","292","157","23","91","1022","934","166","443","88","23","170","21","2","0","8","3","3","0","7","0","0","83","31","7","2","2","9","3","8","15","2","0","1","0","0","0","0","0","2","0","1","0","4","2","1","0","1","0","0","0","0","0","0","0","0","0","0","0","1","1","0","0","0","0","0","0","0",
"1600000US0613966","Clearlake Oaks CDP, California","2551","314","2237","2043","1855","83","33","49","2","21","194","184","20","56","22","4","76","0","0","0","0","2","0","0","3","1","0","10","3","0","0","0","0","0","0","5","0","0","0","0","0","0","1","1","0","0","0","0","0","0","0","0","0","0","0","0","0","0","0","0","0","0","0","0","0","0","0","0","0","0","0","0","0",
"1600000US0613985","Clearlake Riviera CDP, California","3410","651","2759","2541","2370","60","41","44","5","21","218","203","36","89","29","6","38","1","0","2","0","0","0","0","2","0","0","13","2","3","1","1","4","1","0","1","0","0","0","0","0","0","0","0","0","0","0","0","1","0","0","0","0","0","0","0","0","0","0","0","0","1","0","0","1","1","0","0","0","0","0","0","0",
"1600000US0614008","Cleone CDP, California","622","182","440","409","402","1","3","3","0","0","31","31","0","11","5","1","13","0","0","0","0","0","0","1","0","0","0","0","0","0","0","0","0","0","0","0","0","0","0","0","0","0","0","0","0","0","0","0","0","0","0","0","0","0","0","0","0","0","0","0","0","0","0","0","0","0","0","0","0","0","0","0","0",
"1600000US0614106","Clio CDP, California","77","0","77","76","74","1","0","0","1","0","1","1","0","1","0","0","0","0","0","0","0","0","0","0","0","0","0","0","0","0","0","0","0","0","0","0","0","0","0","0","0","0","0","0","0","0","0","0","0","0","0","0","0","0","0","0","0","0","0","0","0","0","0","0","0","0","0","0","0","0","0","0","0",
"1600000US0614148","Clipper Mills CDP, California","160","12","148","142","138","0","2","2","0","0","6","6","0","5","0","1","0","0","0","0","0","0","0","0","0","0","0","0","0","0","0","0","0","0","0","0","0","0","0","0","0","0","0","0","0","0","0","0","0","0","0","0","0","0","0","0","0","0","0","0","0","0","0","0","0","0","0","0","0","0","0","0","0",
"1600000US0614190","Cloverdale city, California","8996","3470","5526","5136","4834","58","86","89","16","53","390","376","28","170","76","10","82","0","1","0","0","6","0","0","3","0","0","13","3","3","0","0","0","0","0","5","2","0","0","0","0","0","0","0","0","0","0","0","1","0","0","0","0","0","0","0","0","0","0","0","0","0","0","1","0","0","0","0","0","0","0","0","0",
"1600000US0614218","Clovis city, California","120124","36594","83530","77730","57916","2993","738","15147","270","666","5800","5490","699","1676","1617","131","997","49","124","11","24","22","3","1","99","33","4","285","73","39","5","15","56","11","8","53","4","0","2","5","1","9","0","0","0","0","0","4","21","12","0","6","0","0","0","0","3","0","0","0","0","0","0","0","4","4","0","0","0","0","0","0","0",
"1600000US0614232","Clyde CDP, California","729","144","585","515","400","33","3","73","1","5","70","62","3","15","24","0","14","2","0","0","1","3","0","0","0","0","0","8","1","0","0","2","2","0","0","3","0","0","0","0","0","0","0","0","0","0","0","0","0","0","0","0","0","0","0","0","0","0","0","0","0","0","0","0","0","0","0","0","0","0","0","0","0",
"1600000US0614260","Coachella city, California","41941","40421","1520","1371","836","136","83","143","10","163","149","120","31","18","7","11","17","7","11","2","7","1","0","5","2","0","1","21","4","3","1","1","0","0","0","7","0","0","1","1","1","2","0","0","0","0","0","0","7","4","0","0","1","2","0","0","0","0","0","0","0","0","0","0","1","0","1","0","0","0","0","0","0",
"1600000US0614274","Coalinga city, California","17590","11243","6347","5996","4748","665","112","377","26","68","351","329","23","118","53","3","55","2","7","2","0","1","0","0","63","2","0","18","8","3","0","0","0","0","1","5","0","1","0","0","0","0","0","0","0","0","0","0","3","2","0","0","0","0","0","0","1","0","0","0","0","0","0","0","1","1","0","0","0","0","0","0","0",
"1600000US0614288","Coarsegold CDP, California","4144","589","3555","3300","2976","16","215","60","0","33","255","242","20","137","19","0","56","3","2","0","0","2","1","0","2","0","0","13","7","1","0","0","5","0","0","0","0","0","0","0","0","0","0","0","0","0","0","0","0","0","0","0","0","0","0","0","0","0","0","0","0","0","0","0","0","0","0","0","0","0","0","0","0",
"1600000US0614302","Cobb CDP, California","1295","119","1176","1075","1027","5","22","9","0","12","101","98","6","30","19","0","42","0","0","0","0","0","0","0","1","0","0","2","0","0","0","0","0","0","0","1","0","0","0","0","0","0","1","0","0","0","0","0","1","0","0","0","1","0","0","0","0","0","0","0","0","0","0","0","0","0","0","0","0","0","0","0","0",
"1600000US0614406","Coffee Creek CDP, California","152","12","140","127","122","0","2","2","0","1","13","12","1","11","0","0","0","0","0","0","0","0","0","0","0","0","0","1","0","0","0","0","0","0","0","0","0","0","0","0","0","0","0","0","0","1","0","0","0","0","0","0","0","0","0","0","0","0","0","0","0","0","0","0","0","0","0","0","0","0","0","0","0",
"1600000US0614442","Cohasset CDP, California","830","58","772","740","714","3","11","1","1","10","32","32","6","15","2","0","8","0","0","0","0","0","0","0","1","0","0","0","0","0","0","0","0","0","0","0","0","0","0","0","0","0","0","0","0","0","0","0","0","0","0","0","0","0","0","0","0","0","0","0","0","0","0","0","0","0","0","0","0","0","0","0","0",
"1600000US0614450","Cold Springs CDP (El Dorado County), California","556","52","504","479","468","5","1","3","1","1","25","20","0","14","0","1","5","0","0","0","0","0","0","0","0","0","0","5","0","0","4","1","0","0","0","0","0","0","0","0","0","0","0","0","0","0","0","0","0","0","0","0","0","0","0","0","0","0","0","0","0","0","0","0","0","0","0","0","0","0","0","0","0",
"1600000US0614454","Cold Springs CDP (Tuolumne County), California","123","7","116","106","104","0","0","1","0","1","10","10","2","6","1","0","0","1","0","0","0","0","0","0","0","0","0","0","0","0","0","0","0","0","0","0","0","0","0","0","0","0","0","0","0","0","0","0","0","0","0","0","0","0","0","0","0","0","0","0","0","0","0","0","0","0","0","0","0","0","0","0","0",
"1600000US0614484","Coleville CDP, California","419","104","315","310","279","6","17","8","0","0","5","4","1","1","2","0","0","0","0","0","0","0","0","0","0","0","0","1","0","0","0","0","0","0","0","1","0","0","0","0","0","0","0","0","0","0","0","0","0","0","0","0","0","0","0","0","0","0","0","0","0","0","0","0","0","0","0","0","0","0","0","0","0",
"1600000US0614498","Colfax city, California","1995","210","1785","1637","1555","10","33","22","5","12","148","140","12","57","27","1","40","0","0","1","0","2","0","0","0","0","0","8","2","0","0","0","3","1","0","2","0","0","0","0","0","0","0","0","0","0","0","0","0","0","0","0","0","0","0","0","0","0","0","0","0","0","0","0","0","0","0","0","0","0","0","0","0",
"1600000US0614554","College City CDP, California","292","201","91","84","79","0","0","3","2","0","7","7","0","6","1","0","0","0","0","0","0","0","0","0","0","0","0","0","0","0","0","0","0","0","0","0","0","0","0","0","0","0","0","0","0","0","0","0","0","0","0","0","0","0","0","0","0","0","0","0","0","0","0","0","0","0","0","0","0","0","0","0","0",
"1600000US0614708","Collierville CDP, California","2094","784","1310","1235","1109","16","5","75","10","20","75","72","1","39","8","13","8","0","0","1","0","1","0","0","0","1","0","3","0","1","0","0","1","0","0","0","0","0","0","0","0","1","0","0","0","0","0","0","0","0","0","0","0","0","0","0","0","0","0","0","0","0","0","0","0","0","0","0","0","0","0","0","0",
"1600000US0614736","Colma town, California","1507","621","886","819","307","50","4","442","3","13","67","65","7","7","32","0","7","4","3","0","2","2","0","0","1","0","0","2","0","0","0","0","0","0","0","1","0","0","0","0","0","0","0","0","1","0","0","0","0","0","0","0","0","0","0","0","0","0","0","0","0","0","0","0","0","0","0","0","0","0","0","0","0",
"1600000US0614764","Coloma CDP, California","521","60","461","428","405","4","3","6","0","10","33","27","8","12","2","1","2","0","0","0","0","0","0","0","2","0","0","6","3","0","0","0","0","1","0","1","0","0","0","0","0","0","0","0","0","0","0","1","0","0","0","0","0","0","0","0","0","0","0","0","0","0","0","0","0","0","0","0","0","0","0","0","0",
"1600000US0614890","Colton city, California","53909","39779","14130","13095","5658","4439","163","2471","116","248","1035","909","227","163","195","29","83","51","58","12","33","8","6","0","38","5","1","106","46","14","0","8","5","1","3","15","2","1","1","2","2","3","2","1","0","0","0","0","20","3","0","13","3","1","0","0","0","0","0","0","0","0","0","0","0","0","0","0","0","0","0","0","0",
"1600000US0614904","Columbia CDP, California","2577","308","2269","2096","1988","8","38","42","3","17","173","168","12","100","17","1","28","1","4","0","3","0","0","0","2","0","0","5","0","0","0","1","3","0","0","0","0","0","0","0","0","0","0","0","1","0","0","0","0","0","0","0","0","0","0","0","0","0","0","0","0","0","0","0","0","0","0","0","0","0","0","0","0",
"1600000US0614946","Colusa city, California","6411","3757","2654","2441","2187","58","65","82","34","15","213","202","8","109","26","5","35","0","0","2","0","0","0","0","12","5","0","7","4","0","0","1","0","1","0","1","0","0","0","0","0","0","0","0","0","0","0","0","4","2","0","0","1","0","0","1","0","0","0","0","0","0","0","0","0","0","0","0","0","0","0","0","0",
"1600000US0614974","Commerce city, California","12378","11690","688","629","293","88","38","163","3","44","59","47","2","12","7","1","2","5","5","2","1","1","0","4","5","0","0","10","1","2","0","1","1","0","0","5","0","0","0","0","0","0","0","0","0","0","0","0","2","1","0","0","0","0","0","0","1","0","0","0","0","0","0","0","0","0","0","0","0","0","0","0","0",
"1600000US0615030","Comptche CDP, California","167","15","152","143","137","0","5","0","0","1","9","9","0","3","2","0","3","0","1","0","0","0","0","0","0","0","0","0","0","0","0","0","0","0","0","0","0","0","0","0","0","0","0","0","0","0","0","0","0","0","0","0","0","0","0","0","0","0","0","0","0","0","0","0","0","0","0","0","0","0","0","0","0",
"1600000US0615044","Compton city, California","95740","67791","27949","26679","856","24342","132","365","544","440","1270","1105","342","38","48","20","45","217","86","40","224","3","2","5","23","12","0","153","65","26","0","8","9","0","0","13","0","1","5","4","9","6","5","0","0","0","0","2","11","6","0","2","1","0","0","2","0","0","0","0","0","0","0","0","1","0","0","0","0","1","0","0","0",
"1600000US0616000","Concord city, California","125410","38953","86457","78894","54104","4532","295","18435","644","884","7563","7004","849","1039","3275","196","996","66","158","31","73","27","5","8","197","69","15","503","80","121","15","18","88","9","6","114","15","1","5","1","4","19","4","1","1","0","0","1","49","21","1","6","2","7","1","7","2","1","0","1","0","0","0","0","7","3","3","1","0","0","0","0","0",
"1600000US0616035","Concow CDP, California","402","32","370","338","302","10","2","21","0","3","32","31","0","23","1","0","2","1","1","0","1","0","0","0","2","0","0","1","0","0","0","0","0","0","1","0","0","0","0","0","0","0","0","0","0","0","0","0","0","0","0","0","0","0","0","0","0","0","0","0","0","0","0","0","0","0","0","0","0","0","0","0","0",
"1600000US0616090","Contra Costa Centre CDP, California","6808","833","5975","5487","3234","329","15","1822","16","71","488","449","53","32","269","18","40","1","18","1","0","2","0","1","7","7","0","30","11","8","0","0","2","0","0","7","1","0","0","0","1","0","0","0","0","0","0","0","9","0","2","3","0","1","0","0","0","0","0","3","0","0","0","0","0","0","0","0","0","0","0","0","0",
"1600000US0616210","Copperopolis CDP, California","3400","487","2913","2687","2561","30","17","58","6","15","226","217","21","112","22","4","56","0","0","0","0","0","0","0","2","0","0","8","2","0","0","0","1","1","1","1","0","0","0","0","0","0","0","0","0","2","0","0","1","0","0","0","0","0","0","0","0","0","1","0","0","0","0","0","0","0","0","0","0","0","0","0","0",
"1600000US0616224","Corcoran city, California","22339","15538","6801","6514","3174","2853","194","182","32","79","287","273","36","59","21","9","13","5","12","1","5","0","0","0","112","0","0","14","5","1","0","5","3","0","0","0","0","0","0","0","0","0","0","0","0","0","0","0","0","0","0","0","0","0","0","0","0","0","0","0","0","0","0","0","0","0","0","0","0","0","0","0","0",
"1600000US0616322","Corning city, California","8244","4487","3757","3479","3186","18","105","111","11","48","278","267","30","119","29","19","59","0","1","0","1","0","2","3","4","0","0","9","0","0","0","0","1","0","0","0","0","0","0","0","4","1","0","0","3","0","0","0","2","0","0","1","0","0","0","0","0","0","0","0","1","0","0","0","0","0","0","0","0","0","0","0","0",
"1600000US0616350","Corona city, California","157136","73102","84034","78270","49860","8136","461","18482","509","822","5764","5333","796","861","2108","223","689","94","168","25","101","36","0","8","168","53","3","398","112","53","10","13","47","1","4","119","13","0","5","1","1","10","6","1","1","0","0","1","27","11","2","4","6","2","0","1","1","0","0","0","0","0","0","0","2","1","1","0","0","0","0","4","4",
"1600000US0616378","Coronado city, California","20192","3406","16786","15702","14275","607","53","613","41","113","1084","1021","113","203","394","17","246","2","22","0","3","1","0","0","20","0","0","58","12","3","3","2","8","7","0","20","1","0","2","0","0","0","0","0","0","0","0","0","5","2","0","0","1","0","0","2","0","0","0","0","0","0","0","0","0","0","0","0","0","0","0","0","0",
"1600000US0616420","Coronita CDP, California","2639","1590","1049","997","837","29","3","112","6","10","52","50","3","16","15","1","9","2","0","1","2","0","0","0","0","1","0","2","1","0","0","0","0","0","0","1","0","0","0","0","0","0","0","0","0","0","0","0","0","0","0","0","0","0","0","0","0","0","0","0","0","0","0","0","0","0","0","0","0","0","0","0","0",
"1600000US0616434","Corralitos CDP, California","2342","635","1707","1600","1521","5","5","46","0","23","107","102","17","27","27","1","24","0","0","0","1","0","0","0","4","0","1","5","1","1","0","0","0","0","0","3","0","0","0","0","0","0","0","0","0","0","0","0","0","0","0","0","0","0","0","0","0","0","0","0","0","0","0","0","0","0","0","0","0","0","0","0","0",
"1600000US0616462","Corte Madera town, California","10222","1092","9130","8426","7422","72","8","807","14","103","704","677","68","70","341","13","168","2","9","0","0","0","1","0","1","3","1","22","6","4","0","6","2","1","0","3","0","0","0","0","0","0","0","0","0","0","0","0","5","3","2","0","0","0","0","0","0","0","0","0","0","0","0","0","0","0","0","0","0","0","0","0","0",
"1600000US0616532","Costa Mesa city, California","111918","40795","71123","66192","54169","1306","232","9455","412","618","4931","4537","486","813","1980","199","785","10","71","13","36","10","2","5","101","25","1","363","65","25","12","14","52","4","3","164","11","4","3","0","3","2","0","1","0","0","0","0","28","9","0","4","6","2","0","6","1","0","0","0","0","0","0","0","0","0","0","0","0","0","0","3","3",
"1600000US0616560","Cotati city, California","7584","1720","5864","5384","4866","103","43","292","20","60","480","463","86","133","125","11","91","0","9","0","0","1","1","1","5","0","0","16","1","3","0","2","3","0","2","4","0","0","0","0","0","1","0","0","0","0","0","0","0","0","0","0","0","0","0","0","0","0","0","0","0","0","0","0","1","1","0","0","0","0","0","0","0",
"1600000US0616580","Coto de Caza CDP, California","14710","1522","13188","12349","10722","178","15","1354","7","73","839","785","62","109","376","15","192","3","2","1","0","0","0","0","14","9","2","50","0","6","0","2","12","0","1","28","0","0","0","0","0","0","1","0","0","0","0","0","3","1","0","0","0","0","0","1","1","0","0","0","0","0","0","0","1","1","0","0","0","0","0","0","0",
"1600000US0616623","Cottonwood CDP (Kern County), California","3971","3114","857","781","172","579","11","12","0","7","76","66","41","5","3","0","4","3","6","0","0","3","0","0","0","1","0","7","5","1","0","0","1","0","0","0","0","0","0","0","0","0","0","0","0","0","0","0","2","0","0","1","0","0","0","1","0","0","0","0","0","0","0","0","1","0","0","1","0","0","0","0","0",
"1600000US0616630","Cottonwood CDP (Shasta County), California","6268","694","5574","5120","4818","22","147","116","3","14","454","443","29","277","35","11","87","2","0","0","0","2","0","0","0","0","0","11","2","6","0","0","1","0","0","2","0","0","0","0","0","0","0","0","0","0","0","0","0","0","0","0","0","0","0","0","0","0","0","0","0","0","0","0","0","0","0","0","0","0","0","0","0",
"1600000US0616644","Coulterville CDP, California","115","13","102","94","92","0","1","1","0","0","8","7","0","3","0","0","3","0","0","0","0","1","0","0","0","0","0","0","0","0","0","0","0","0","0","0","0","0","0","0","0","0","0","0","0","0","0","0","1","1","0","0","0","0","0","0","0","0","0","0","0","0","0","0","0","0","0","0","0","0","0","0","0",
"1600000US0616651","Country Club CDP, California","10777","5459","5318","4783","3429","549","85","626","55","39","535","479","83","134","135","12","31","23","17","2","8","11","0","0","18","5","0","52","6","14","0","2","8","1","0","16","0","1","4","0","0","0","0","0","0","0","0","0","4","2","0","1","1","0","0","0","0","0","0","0","0","0","0","0","0","0","0","0","0","0","0","0","0",
"1600000US0616714","Courtland CDP, California","326","176","150","135","125","0","0","8","1","1","15","14","0","7","6","0","0","0","0","0","1","0","0","0","0","0","0","0","0","0","0","0","0","0","0","0","0","0","0","0","0","0","0","0","0","0","0","0","0","0","0","0","0","0","0","0","0","0","0","0","0","0","0","0","1","0","1","0","0","0","0","0","0",
"1600000US0616728","Covelo CDP, California","1394","488","906","821","472","1","341","1","1","5","85","82","0","58","3","0","20","0","0","0","0","0","0","1","0","0","0","2","1","0","0","0","0","0","0","0","0","1","0","0","0","0","0","0","0","0","0","0","0","0","0","0","0","0","0","0","0","0","0","0","0","0","0","0","1","0","0","0","1","0","0","0","0",
"1600000US0616742","Covina city, California","51268","30108","21160","19881","10051","1748","156","7571","87","268","1279","1183","176","201","425","29","140","41","40","3","35","3","0","8","65","16","1","92","25","14","1","10","9","0","0","18","7","0","6","1","0","1","0","0","0","0","0","0","3","3","0","0","0","0","0","0","0","0","0","0","0","0","0","0","1","0","1","0","0","0","0","0","0",
"1600000US0616762","Cowan CDP, California","342","227","115","110","104","1","1","4","0","0","5","4","0","2","1","0","1","0","0","0","0","0","0","0","0","0","0","1","1","0","0","0","0","0","0","0","0","0","0","0","0","0","0","0","0","0","0","0","0","0","0","0","0","0","0","0","0","0","0","0","0","0","0","0","0","0","0","0","0","0","0","0","0",
"1600000US0616886","Crane Creek CDP, California","29","1","28","22","21","0","0","0","0","1","6","5","0","0","4","0","0","0","0","0","0","0","1","0","0","0","0","0","0","0","0","0","0","0","0","0","0","0","0","0","0","0","0","0","0","0","0","0","0","0","0","0","0","0","0","0","0","0","0","0","0","0","0","0","1","0","1","0","0","0","0","0","0",
"1600000US0617022","Crescent City city, California","6673","2181","4492","4162","2829","723","298","284","4","24","330","309","34","174","25","7","27","1","2","0","0","7","0","1","30","1","0","19","8","1","0","0","2","4","1","1","0","0","1","0","0","1","0","0","0","0","0","0","2","0","2","0","0","0","0","0","0","0","0","0","0","0","0","0","0","0","0","0","0","0","0","0","0",
"1600000US0617050","Crescent Mills CDP, California","206","22","184","168","154","0","12","0","0","2","16","15","0","9","0","0","5","0","0","0","0","0","0","0","0","0","1","1","1","0","0","0","0","0","0","0","0","0","0","0","0","0","0","0","0","0","0","0","0","0","0","0","0","0","0","0","0","0","0","0","0","0","0","0","0","0","0","0","0","0","0","0","0",
"1600000US0617078","Cressey CDP, California","366","206","160","157","137","1","3","12","0","4","3","3","0","1","1","0","1","0","0","0","0","0","0","0","0","0","0","0","0","0","0","0","0","0","0","0","0","0","0","0","0","0","0","0","0","0","0","0","0","0","0","0","0","0","0","0","0","0","0","0","0","0","0","0","0","0","0","0","0","0","0","0","0",
"1600000US0617106","Crest CDP, California","2828","582","2246","2096","1998","13","18","55","6","6","150","143","12","51","44","4","32","0","0","0","0","0","0","0","0","0","0","7","2","0","0","0","0","0","2","0","1","0","1","0","0","0","1","0","0","0","0","0","0","0","0","0","0","0","0","0","0","0","0","0","0","0","0","0","0","0","0","0","0","0","0","0","0",
"1600000US0617162","Crestline CDP, California","11650","2823","8827","8240","7764","132","72","177","12","83","587","566","71","236","100","19","109","5","6","3","5","0","0","2","5","5","0","17","9","3","2","0","0","1","0","1","0","0","0","0","1","0","0","0","0","0","0","0","4","3","0","0","0","0","0","1","0","0","0","0","0","0","0","0","0","0","0","0","0","0","0","0","0",
"1600000US0617232","Creston CDP, California","98","33","65","59","57","0","0","1","1","0","6","5","0","3","0","0","2","0","0","0","0","0","0","0","0","0","0","1","1","0","0","0","0","0","0","0","0","0","0","0","0","0","0","0","0","0","0","0","0","0","0","0","0","0","0","0","0","0","0","0","0","0","0","0","0","0","0","0","0","0","0","0","0",
"1600000US0617267","C-Road CDP, California","140","3","137","129","128","0","0","1","0","0","8","8","0","4","0","0","4","0","0","0","0","0","0","0","0","0","0","0","0","0","0","0","0","0","0","0","0","0","0","0","0","0","0","0","0","0","0","0","0","0","0","0","0","0","0","0","0","0","0","0","0","0","0","0","0","0","0","0","0","0","0","0","0",
"1600000US0617274","Crockett CDP, California","3242","625","2617","2372","1952","199","13","176","6","26","245","228","45","56","66","9","43","1","3","1","0","0","0","0","4","0","0","16","2","3","0","0","5","1","0","4","0","0","0","0","0","0","0","0","0","0","0","1","0","0","0","0","0","0","0","0","0","0","0","0","0","0","0","0","1","0","0","1","0","0","0","0","0",
"1600000US0617288","Cromberg CDP, California","272","35","237","233","222","0","7","3","0","1","4","4","0","4","0","0","0","0","0","0","0","0","0","0","0","0","0","0","0","0","0","0","0","0","0","0","0","0","0","0","0","0","0","0","0","0","0","0","0","0","0","0","0","0","0","0","0","0","0","0","0","0","0","0","0","0","0","0","0","0","0","0","0",
"1600000US0617372","Crowley Lake CDP, California","980","182","798","748","714","5","4","12","4","9","50","47","0","23","15","0","9","0","0","0","0","0","0","0","0","0","0","2","1","0","0","0","1","0","0","0","0","0","0","0","0","0","0","0","0","0","0","0","1","0","0","0","1","0","0","0","0","0","0","0","0","0","0","0","0","0","0","0","0","0","0","0","0",
"1600000US0617428","Crows Landing CDP, California","322","243","79","68","62","4","0","0","0","2","11","10","0","5","0","1","3","1","0","0","0","0","0","0","0","0","0","0","0","0","0","0","0","0","0","0","0","0","0","0","0","0","0","0","0","0","0","0","1","0","0","0","0","0","0","1","0","0","0","0","0","0","0","0","0","0","0","0","0","0","0","0","0",
"1600000US0617498","Cudahy city, California","22811","21872","939","852","401","167","37","157","26","64","87","65","9","2","13","4","12","4","4","0","5","3","1","2","4","2","0","18","1","3","4","2","0","0","1","2","1","0","1","0","0","0","1","0","0","2","0","0","4","2","0","0","0","0","0","0","1","0","0","0","0","1","0","0","0","0","0","0","0","0","0","0","0",
"1600000US0617568","Culver City city, California","40779","8732","32047","29037","18544","3143","47","6832","92","379","3010","2800","469","219","1352","23","413","31","136","4","70","9","0","5","48","21","0","183","47","60","1","19","10","2","0","37","1","0","0","1","3","0","2","0","0","0","0","0","25","11","4","8","0","1","0","1","0","0","0","0","0","0","0","0","2","0","2","0","0","0","0","0","0",
"1600000US0617610","Cupertino city, California","60381","2330","58051","56098","13085","360","53","42349","21","230","1953","1858","79","93","1227","15","211","9","45","3","7","18","2","4","74","69","2","90","15","15","0","6","26","0","1","18","4","0","0","0","0","5","0","0","0","0","0","0","5","1","0","2","0","1","1","0","0","0","0","0","0","0","0","0","0","0","0","0","0","0","0","0","0",
"1600000US0617708","Cutler CDP, California","4480","4309","171","159","70","6","0","73","0","10","12","12","0","7","2","0","1","0","0","1","0","0","0","0","1","0","0","0","0","0","0","0","0","0","0","0","0","0","0","0","0","0","0","0","0","0","0","0","0","0","0","0","0","0","0","0","0","0","0","0","0","0","0","0","0","0","0","0","0","0","0","0","0",
"1600000US0617722","Cutten CDP, California","3223","365","2858","2637","2301","32","131","130","20","23","221","216","26","94","42","6","43","1","0","0","0","3","0","0","1","0","0","3","1","1","0","0","0","0","0","0","0","0","1","0","0","0","0","0","0","0","0","0","2","2","0","0","0","0","0","0","0","0","0","0","0","0","0","0","0","0","0","0","0","0","0","0","0",
"1600000US0617727","Cuyama CDP, California","37","17","20","16","14","0","1","0","1","0","4","4","0","2","0","0","1","0","0","0","1","0","0","0","0","0","0","0","0","0","0","0","0","0","0","0","0","0","0","0","0","0","0","0","0","0","0","0","0","0","0","0","0","0","0","0","0","0","0","0","0","0","0","0","0","0","0","0","0","0","0","0","0",
"1600000US0617750","Cypress city, California","50151","10689","39462","37160","16356","1522","85","18743","251","203","2302","2094","248","295","969","72","227","14","67","6","18","12","2","6","122","29","7","178","28","28","0","12","31","0","2","66","4","2","1","0","0","3","0","0","1","0","0","0","29","7","0","1","12","0","0","5","0","0","4","0","0","0","0","0","1","0","0","0","1","0","0","0","0",
"1600000US0617876","Dales CDP, California","28","4","24","23","22","0","1","0","0","0","1","0","0","0","0","0","0","0","0","0","0","0","0","0","0","0","0","1","1","0","0","0","0","0","0","0","0","0","0","0","0","0","0","0","0","0","0","0","0","0","0","0","0","0","0","0","0","0","0","0","0","0","0","0","0","0","0","0","0","0","0","0","0",
"1600000US0617918","Daly City city, California","104901","25237","79664","76031","12207","2360","112","59722","705","925","3633","3314","231","134","1467","98","522","29","265","29","54","33","5","1","350","73","23","287","55","54","2","17","27","3","4","79","20","0","5","0","0","5","6","0","1","0","0","9","28","13","3","4","2","0","0","3","2","0","0","0","1","0","0","0","4","2","2","0","0","0","0","0","0",
"1600000US0617946","Dana Point city, California","33107","6294","26813","25281","23463","268","66","1291","30","163","1532","1452","147","357","518","61","311","8","5","3","3","2","0","1","24","10","2","72","16","9","0","0","15","0","0","30","2","0","0","0","0","0","0","0","0","0","0","0","7","2","0","1","2","0","0","2","0","0","0","0","0","0","0","0","0","0","0","0","0","0","0","1","1",
"1600000US0617988","Danville town, California","43582","3952","39630","37047","29819","380","59","6540","42","207","2583","2463","154","283","1427","80","400","9","17","1","4","6","1","3","46","32","0","107","16","24","1","5","8","4","1","44","0","1","1","0","0","0","1","0","0","0","0","1","12","3","0","4","1","0","0","3","0","0","0","0","0","0","1","0","0","0","0","0","0","0","0","1","1",
"1600000US0617995","Daphnedale Park CDP, California","129","9","120","109","99","6","4","0","0","0","11","11","0","5","0","2","4","0","0","0","0","0","0","0","0","0","0","0","0","0","0","0","0","0","0","0","0","0","0","0","0","0","0","0","0","0","0","0","0","0","0","0","0","0","0","0","0","0","0","0","0","0","0","0","0","0","0","0","0","0","0","0","0",
"1600000US0618030","Darwin CDP, California","36","0","36","36","34","0","2","0","0","0","0","0","0","0","0","0","0","0","0","0","0","0","0","0","0","0","0","0","0","0","0","0","0","0","0","0","0","0","0","0","0","0","0","0","0","0","0","0","0","0","0","0","0","0","0","0","0","0","0","0","0","0","0","0","0","0","0","0","0","0","0","0","0",
"1600000US0618086","Davenport CDP, California","388","152","236","216","204","3","2","2","0","5","20","20","3","3","10","0","4","0","0","0","0","0","0","0","0","0","0","0","0","0","0","0","0","0","0","0","0","0","0","0","0","0","0","0","0","0","0","0","0","0","0","0","0","0","0","0","0","0","0","0","0","0","0","0","0","0","0","0","0","0","0","0","0",
"1600000US0618100","Davis city, California","66850","11343","55507","51014","34152","1554","104","14625","97","482","4493","4256","485","465","2251","62","754","22","67","5","28","15","1","0","76","16","9","213","41","46","6","5","32","1","1","40","18","5","1","0","2","4","9","0","0","0","2","0","21","11","1","1","2","1","0","0","0","0","0","4","1","0","0","0","3","3","0","0","0","0","0","0","0",
"1600000US0618153","Day Valley CDP, California","3410","641","2769","2616","2474","16","13","91","0","22","153","146","30","47","31","2","32","0","3","0","1","0","0","0","0","0","0","4","2","0","0","0","0","0","0","1","0","0","0","0","0","1","0","0","0","0","0","0","3","1","0","1","0","0","0","1","0","0","0","0","0","0","0","0","0","0","0","0","0","0","0","0","0",
"1600000US0618324","Deer Park CDP, California","1294","251","1043","982","893","6","2","68","6","7","61","59","3","20","18","4","14","0","0","0","0","0","0","0","0","0","0","1","0","1","0","0","0","0","0","0","0","0","0","0","0","0","0","0","0","0","0","0","1","0","0","1","0","0","0","0","0","0","0","0","0","0","0","0","0","0","0","0","0","0","0","0","0",
"1600000US0618352","Del Aire CDP, California","10338","4877","5461","4942","3200","484","18","1058","103","79","519","476","92","51","205","14","64","8","8","1","15","5","0","0","12","1","0","37","3","5","1","3","12","0","0","12","0","0","0","0","1","0","0","0","0","0","0","0","6","4","0","0","0","0","0","2","0","0","0","0","0","0","0","0","0","0","0","0","0","0","0","0","0",
"1600000US0618394","Delano city, California","51428","38453","12975","12473","2391","2695","155","7079","35","118","502","457","37","36","173","3","25","3","23","4","3","11","2","1","121","14","1","38","8","9","0","6","4","0","1","5","1","0","2","0","0","0","0","2","0","0","0","0","7","2","0","1","0","0","0","4","0","0","0","0","0","0","0","0","0","0","0","0","0","0","0","0","0",
"1600000US0618422","Del Dios CDP, California","396","42","354","346","324","7","2","7","0","6","8","8","1","2","3","1","0","0","0","0","0","0","0","0","1","0","0","0","0","0","0","0","0","0","0","0","0","0","0","0","0","0","0","0","0","0","0","0","0","0","0","0","0","0","0","0","0","0","0","0","0","0","0","0","0","0","0","0","0","0","0","0","0",
"1600000US0618450","Delft Colony CDP, California","412","389","23","20","20","0","0","0","0","0","3","3","0","2","0","0","0","0","0","0","0","0","0","0","1","0","0","0","0","0","0","0","0","0","0","0","0","0","0","0","0","0","0","0","0","0","0","0","0","0","0","0","0","0","0","0","0","0","0","0","0","0","0","0","0","0","0","0","0","0","0","0","0",
"1600000US0618464","Delhi CDP, California","10656","8497","2159","1958","1485","33","27","370","19","24","201","183","19","73","35","1","30","0","8","0","0","0","0","0","17","0","0","13","2","1","0","1","0","0","0","5","1","1","1","1","0","0","0","0","0","0","0","0","5","3","0","2","0","0","0","0","0","0","0","0","0","0","0","0","0","0","0","0","0","0","0","0","0",
"1600000US0618485","Delleker CDP, California","802","236","566","539","503","2","20","6","0","8","27","25","0","12","7","2","4","0","0","0","0","0","0","0","0","0","0","0","0","0","0","0","0","0","0","0","0","0","0","0","0","0","0","0","0","0","0","0","1","0","0","0","1","0","0","0","0","0","0","0","0","0","0","0","0","0","0","0","0","0","0","1","1",
"1600000US0618506","Del Mar city, California","3954","274","3680","3475","3282","16","2","145","4","26","205","195","27","37","56","4","60","0","2","0","2","0","0","0","5","2","0","9","4","0","0","1","2","0","0","0","0","0","0","0","2","0","0","0","0","0","0","0","1","0","0","0","0","0","0","0","0","0","1","0","0","0","0","0","0","0","0","0","0","0","0","0","0",
"1600000US0618590","Del Monte Forest CDP, California","4204","241","3963","3751","3253","37","6","426","7","22","212","195","22","33","89","1","45","1","3","0","1","0","0","0","0","0","0","11","0","5","1","0","0","0","0","0","0","0","2","0","0","2","0","0","0","0","0","1","6","1","0","0","1","4","0","0","0","0","0","0","0","0","0","0","0","0","0","0","0","0","0","0","0",
"1600000US0618674","Del Rey CDP, California","1358","1207","151","134","73","12","2","45","0","2","17","16","2","6","4","2","0","0","0","0","0","1","0","0","0","1","0","1","0","0","0","0","0","0","0","1","0","0","0","0","0","0","0","0","0","0","0","0","0","0","0","0","0","0","0","0","0","0","0","0","0","0","0","0","0","0","0","0","0","0","0","0","0",
"1600000US0618688","Del Rey Oaks city, California","1592","244","1348","1249","1084","26","7","125","5","2","99","94","6","23","38","0","21","1","3","0","0","0","1","0","1","0","0","3","0","1","0","0","0","0","0","1","0","0","1","0","0","0","0","0","0","0","0","0","0","0","0","0","0","0","0","0","0","0","0","0","0","0","0","0","2","2","0","0","0","0","0","0","0",
"1600000US0618695","Del Rio CDP, California","1399","221","1178","1110","839","23","0","222","13","13","68","68","1","13","28","0","16","0","0","0","0","0","1","0","0","6","3","0","0","0","0","0","0","0","0","0","0","0","0","0","0","0","0","0","0","0","0","0","0","0","0","0","0","0","0","0","0","0","0","0","0","0","0","0","0","0","0","0","0","0","0","0","0",
"1600000US0618856","Denair CDP, California","4865","1772","3093","2843","2730","23","22","46","4","18","250","241","23","114","48","3","46","0","0","0","0","1","0","0","3","2","1","8","5","0","0","2","0","0","0","0","0","0","1","0","0","0","0","0","0","0","0","0","0","0","0","0","0","0","0","0","0","0","0","0","0","0","0","0","1","1","0","0","0","0","0","0","0",
"1600000US0618926","Derby Acres CDP, California","301","52","249","235","226","3","1","3","0","2","14","13","0","12","1","0","0","0","0","0","0","0","0","0","0","0","0","1","0","0","0","0","1","0","0","0","0","0","0","0","0","0","0","0","0","0","0","0","0","0","0","0","0","0","0","0","0","0","0","0","0","0","0","0","0","0","0","0","0","0","0","0","0",
"1600000US0618940","Descanso CDP, California","1499","230","1269","1186","1148","5","10","14","0","9","83","77","2","36","12","1","22","0","1","0","2","0","0","0","1","0","0","5","1","1","0","0","0","0","0","0","0","0","0","0","0","3","0","0","0","0","0","0","1","0","0","0","0","0","0","0","0","0","0","0","0","1","0","0","0","0","0","0","0","0","0","0","0",
"1600000US0618982","Desert Center CDP, California","256","71","185","173","167","4","0","2","0","0","12","9","6","2","0","0","0","1","0","0","0","0","0","0","0","0","0","3","0","1","0","0","0","0","0","1","0","0","0","0","0","1","0","0","0","0","0","0","0","0","0","0","0","0","0","0","0","0","0","0","0","0","0","0","0","0","0","0","0","0","0","0","0",
"1600000US0618986","Desert Edge CDP, California","4180","1649","2531","2404","2238","60","19","76","5","6","127","112","8","47","15","3","35","0","1","0","2","0","0","0","1","0","0","10","3","0","1","0","3","1","0","2","0","0","0","0","0","0","0","0","0","0","0","0","5","0","0","0","0","3","0","0","0","0","1","0","1","0","0","0","0","0","0","0","0","0","0","0","0",
"1600000US0618996","Desert Hot Springs city, California","32512","19887","12625","11584","8058","2418","171","696","47","194","1041","966","326","241","125","28","126","33","25","6","20","5","0","1","26","2","2","68","35","6","4","5","3","3","3","3","0","0","0","0","0","1","5","0","0","0","0","0","7","1","0","5","0","0","0","1","0","0","0","0","0","0","0","0","0","0","0","0","0","0","0","0","0",
"1600000US0619022","Desert Palms CDP, California","6686","258","6428","6328","6116","82","6","108","7","9","100","96","2","33","20","1","34","0","0","0","1","0","1","0","0","4","0","4","0","2","0","0","1","0","0","0","0","0","0","0","0","1","0","0","0","0","0","0","0","0","0","0","0","0","0","0","0","0","0","0","0","0","0","0","0","0","0","0","0","0","0","0","0",
"1600000US0619024","Desert Shores CDP, California","1128","1009","119","111","102","2","5","1","1","0","8","6","2","2","0","0","0","2","0","0","0","0","0","0","0","0","0","2","1","0","0","0","0","0","0","0","1","0","0","0","0","0","0","0","0","0","0","0","0","0","0","0","0","0","0","0","0","0","0","0","0","0","0","0","0","0","0","0","0","0","0","0","0",
"1600000US0619052","Desert View Highlands CDP, California","2676","1675","1001","930","630","163","10","115","0","12","71","67","12","17","7","1","11","4","4","0","10","0","0","0","1","0","0","3","3","0","0","0","0","0","0","0","0","0","0","0","0","0","0","0","0","0","0","0","1","1","0","0","0","0","0","0","0","0","0","0","0","0","0","0","0","0","0","0","0","0","0","0","0",
"1600000US0619150","Diablo CDP, California","1255","80","1175","1114","1001","8","5","100","0","0","61","54","0","4","35","0","13","1","0","0","0","0","0","0","1","0","0","7","0","0","1","2","0","0","0","2","1","0","0","1","0","0","0","0","0","0","0","0","0","0","0","0","0","0","0","0","0","0","0","0","0","0","0","0","0","0","0","0","0","0","0","0","0",
"1600000US0619155","Diablo Grande CDP, California","1669","614","1055","959","570","144","2","204","6","33","96","83","15","16","25","7","12","0","2","0","2","1","0","0","1","0","2","9","0","6","0","0","1","0","0","2","0","0","0","0","0","0","0","0","0","0","0","0","3","0","0","0","0","1","0","1","0","0","1","0","0","0","0","0","1","1","0","0","0","0","0","0","0",
"1600000US0619192","Diamond Bar city, California","55072","10803","44269","42774","8117","1717","56","32626","79","179","1495","1398","156","127","687","13","148","34","40","3","24","16","0","1","103","37","9","85","14","19","0","8","5","0","2","20","9","0","1","0","3","4","0","0","0","0","0","0","9","5","0","0","0","0","0","3","0","0","0","0","1","0","0","0","2","0","2","0","0","0","0","1","1",
"1600000US0619220","Diamond Springs CDP, California","11345","1775","9570","8959","8603","43","143","99","5","66","611","581","38","306","109","8","109","3","0","0","5","0","2","0","1","0","0","29","11","3","0","1","4","1","3","4","0","1","0","0","0","0","1","0","0","0","0","0","1","0","0","0","0","0","0","0","0","0","1","0","0","0","0","0","0","0","0","0","0","0","0","0","0",
"1600000US0619248","Di Giorgio CDP, California","400","393","7","6","6","0","0","0","0","0","1","1","0","0","0","1","0","0","0","0","0","0","0","0","0","0","0","0","0","0","0","0","0","0","0","0","0","0","0","0","0","0","0","0","0","0","0","0","0","0","0","0","0","0","0","0","0","0","0","0","0","0","0","0","0","0","0","0","0","0","0","0","0",
"1600000US0619262","Dillon Beach CDP, California","246","17","229","218","210","1","0","6","0","1","11","7","3","2","2","0","0","0","0","0","0","0","0","0","0","0","0","4","3","0","0","0","0","0","0","1","0","0","0","0","0","0","0","0","0","0","0","0","0","0","0","0","0","0","0","0","0","0","0","0","0","0","0","0","0","0","0","0","0","0","0","0","0",
"1600000US0619318","Dinuba city, California","24563","21599","2964","2740","2044","71","52","450","22","101","224","204","16","53","69","9","35","3","1","0","1","3","0","0","12","2","0","18","2","0","0","1","4","0","3","5","2","0","0","0","0","1","0","0","0","0","0","0","2","1","0","0","0","1","0","0","0","0","0","0","0","0","0","0","0","0","0","0","0","0","0","0","0",
"1600000US0619339","Discovery Bay CDP, California","15358","2865","12493","11505","9734","722","36","880","71","62","988","913","137","229","291","54","136","10","20","4","5","2","0","1","20","3","1","65","13","7","0","8","4","0","0","31","1","0","0","0","0","1","0","0","0","0","0","0","9","1","0","2","2","0","0","4","0","0","0","0","0","0","0","0","1","1","0","0","0","0","0","0","0",
"1600000US0619402","Dixon city, California","18988","8302","10686","9702","8227","550","84","652","64","125","984","897","127","250","260","40","135","11","14","3","14","2","0","0","25","9","7","75","18","16","0","4","6","1","0","26","1","0","0","0","0","2","0","1","0","0","0","0","12","3","0","0","4","0","1","4","0","0","0","0","0","0","0","0","0","0","0","0","0","0","0","0","0",
"1600000US0619406","Dixon Lane-MeadowCreek CDP, California","2780","818","1962","1846","1756","4","40","42","0","4","116","113","13","56","16","4","22","0","0","0","0","0","0","2","0","0","0","3","2","0","0","0","0","0","0","0","0","0","1","0","0","0","0","0","0","0","0","0","0","0","0","0","0","0","0","0","0","0","0","0","0","0","0","0","0","0","0","0","0","0","0","0","0",
"1600000US0619416","Dobbins CDP, California","551","68","483","426","395","2","16","8","1","4","57","55","3","39","3","0","9","0","0","0","0","0","0","1","0","0","0","0","0","0","0","0","0","0","0","0","0","0","0","0","0","0","0","0","0","0","0","0","2","1","0","0","1","0","0","0","0","0","0","0","0","0","0","0","0","0","0","0","0","0","0","0","0",
"1600000US0619440","Dogtown CDP, California","2516","655","1861","1754","1633","31","12","62","12","4","107","94","6","49","15","0","19","0","0","2","1","0","0","0","1","0","1","12","0","0","0","1","0","0","0","10","0","0","0","0","0","0","0","1","0","0","0","0","0","0","0","0","0","0","0","0","0","0","0","0","0","0","0","0","1","0","1","0","0","0","0","0","0",
"1600000US0619455","Dollar Point CDP, California","1261","86","1175","1139","1094","6","2","30","5","2","36","33","2","14","8","0","8","0","0","0","0","0","0","0","0","0","1","3","1","0","0","0","0","0","1","1","0","0","0","0","0","0","0","0","0","0","0","0","0","0","0","0","0","0","0","0","0","0","0","0","0","0","0","0","0","0","0","0","0","0","0","0","0",
"1600000US0619570","Dorrington CDP, California","519","45","474","452","428","3","4","15","0","2","22","20","0","2","0","3","11","0","0","0","0","0","0","0","3","1","0","1","0","0","0","0","1","0","0","0","0","0","0","0","0","0","0","0","0","0","0","0","1","0","1","0","0","0","0","0","0","0","0","0","0","0","0","0","0","0","0","0","0","0","0","0","0",
"1600000US0619584","Dorris city, California","860","339","521","464","430","3","15","16","0","0","57","57","0","45","0","0","11","0","0","0","0","0","0","0","0","0","1","0","0","0","0","0","0","0","0","0","0","0","0","0","0","0","0","0","0","0","0","0","0","0","0","0","0","0","0","0","0","0","0","0","0","0","0","0","0","0","0","0","0","0","0","0","0",
"1600000US0619612","Dos Palos city, California","5798","4184","1614","1515","1309","120","19","37","8","22","99","96","15","47","16","4","7","3","0","0","3","0","1","0","0","0","0","2","1","0","0","0","0","0","0","1","0","0","0","0","0","0","0","0","0","0","0","0","1","0","0","0","0","1","0","0","0","0","0","0","0","0","0","0","0","0","0","0","0","0","0","0","0",
"1600000US0619654","Dos Palos Y CDP, California","310","219","91","78","75","0","0","2","1","0","13","11","2","0","0","3","5","0","0","0","0","0","0","0","0","1","0","1","1","0","0","0","0","0","0","0","0","0","0","0","0","0","0","0","0","0","0","0","1","0","0","0","0","0","0","1","0","0","0","0","0","0","0","0","0","0","0","0","0","0","0","0","0",
"1600000US0619724","Douglas City CDP, California","868","53","815","722","658","3","15","33","0","13","93","84","7","52","2","4","18","0","0","0","0","0","0","1","0","0","0","6","0","0","0","0","2","2","0","0","1","0","0","1","0","0","0","0","0","0","0","0","3","0","0","0","0","1","0","1","0","0","0","0","0","0","0","1","0","0","0","0","0","0","0","0","0",
"1600000US0619766","Downey city, California","114355","85866","28489","26810","14378","3930","251","7311","249","691","1679","1519","221","253","456","46","230","57","46","15","61","3","1","5","98","23","4","123","36","19","0","17","12","0","2","19","9","1","1","0","1","5","0","0","1","0","0","0","31","19","3","2","2","1","0","4","0","0","0","0","0","0","0","0","6","1","5","0","0","0","0","0","0",
"1600000US0619794","Downieville CDP, California","290","30","260","228","220","0","2","2","0","4","32","31","1","8","7","0","10","1","0","0","0","0","0","0","4","0","0","1","1","0","0","0","0","0","0","0","0","0","0","0","0","0","0","0","0","0","0","0","0","0","0","0","0","0","0","0","0","0","0","0","0","0","0","0","0","0","0","0","0","0","0","0","0",
"1600000US0619878","Doyle CDP, California","536","37","499","445","422","8","8","4","1","2","54","53","1","31","4","0","16","1","0","0","0","0","0","0","0","0","0","1","0","0","0","0","0","1","0","0","0","0","0","0","0","0","0","0","0","0","0","0","0","0","0","0","0","0","0","0","0","0","0","0","0","0","0","0","0","0","0","0","0","0","0","0","0",
"1600000US0619976","Drytown CDP, California","186","10","176","163","156","0","0","1","1","5","13","13","3","3","1","0","6","0","0","0","0","0","0","0","0","0","0","0","0","0","0","0","0","0","0","0","0","0","0","0","0","0","0","0","0","0","0","0","0","0","0","0","0","0","0","0","0","0","0","0","0","0","0","0","0","0","0","0","0","0","0","0","0",
"1600000US0619990","Duarte city, California","21727","10436","11291","10700","4892","1126","59","4507","15","101","591","537","76","91","215","6","62","24","19","0","14","1","0","0","22","6","1","46","11","9","2","2","5","1","1","15","0","0","0","0","0","0","0","0","0","0","0","0","8","2","0","2","4","0","0","0","0","0","0","0","0","0","0","0","0","0","0","0","0","0","0","0","0",
"1600000US0620018","Dublin city, California","72589","8351","64238","60665","18149","2740","376","38858","202","340","3573","3330","318","244","1952","49","311","50","105","20","36","15","1","1","159","65","4","212","24","43","1","5","36","2","5","64","16","1","2","1","0","3","3","0","3","0","0","3","31","18","3","2","3","4","0","0","0","0","0","1","0","0","0","0","0","0","0","0","0","0","0","0","0",
"1600000US0620032","Ducor CDP, California","616","558","58","51","39","0","0","12","0","0","7","6","0","2","2","0","0","0","1","0","1","0","0","0","0","0","0","1","0","1","0","0","0","0","0","0","0","0","0","0","0","0","0","0","0","0","0","0","0","0","0","0","0","0","0","0","0","0","0","0","0","0","0","0","0","0","0","0","0","0","0","0","0",
"1600000US0620228","Dunnigan CDP, California","1382","764","618","570","464","72","8","16","7","3","48","43","15","17","2","4","3","1","0","0","0","0","1","0","0","0","0","5","3","1","0","0","0","0","0","1","0","0","0","0","0","0","0","0","0","0","0","0","0","0","0","0","0","0","0","0","0","0","0","0","0","0","0","0","0","0","0","0","0","0","0","0","0",
"1600000US0620242","Dunsmuir city, California","1707","202","1505","1396","1321","14","19","23","1","18","109","93","12","42","18","0","17","0","0","0","0","1","1","0","2","0","0","15","5","0","0","0","10","0","0","0","0","0","0","0","0","0","0","0","0","0","0","0","1","0","0","0","0","0","0","0","0","0","1","0","0","0","0","0","0","0","0","0","0","0","0","0","0",
"1600000US0620270","Durham CDP, California","5834","811","5023","4762","4567","35","50","61","6","43","261","254","29","114","38","11","55","0","1","0","0","0","0","0","6","0","0","7","1","1","0","3","0","0","0","2","0","0","0","0","0","0","0","0","0","0","0","0","0","0","0","0","0","0","0","0","0","0","0","0","0","0","0","0","0","0","0","0","0","0","0","0","0",
"1600000US0620284","Dustin Acres CDP, California","677","160","517","478","448","0","16","3","0","11","39","38","1","21","5","0","11","0","0","0","0","0","0","0","0","0","0","1","0","0","0","0","1","0","0","0","0","0","0","0","0","0","0","0","0","0","0","0","0","0","0","0","0","0","0","0","0","0","0","0","0","0","0","0","0","0","0","0","0","0","0","0","0",
"1600000US0620298","Dutch Flat CDP, California","183","21","162","153","151","1","0","0","1","0","9","6","0","0","6","0","0","0","0","0","0","0","0","0","0","0","0","3","2","0","0","0","0","0","0","1","0","0","0","0","0","0","0","0","0","0","0","0","0","0","0","0","0","0","0","0","0","0","0","0","0","0","0","0","0","0","0","0","0","0","0","0","0",
"1600000US0620424","Eagleville CDP, California","45","3","42","39","36","0","0","0","3","0","3","3","0","2","0","0","0","0","0","0","0","0","0","0","0","1","0","0","0","0","0","0","0","0","0","0","0","0","0","0","0","0","0","0","0","0","0","0","0","0","0","0","0","0","0","0","0","0","0","0","0","0","0","0","0","0","0","0","0","0","0","0","0",
"1600000US0620438","Earlimart CDP, California","7679","7045","634","603","118","21","3","450","0","11","31","26","5","5","8","0","0","0","4","0","2","0","0","0","2","0","0","2","2","0","0","0","0","0","0","0","0","0","0","0","0","0","0","0","0","0","0","0","3","3","0","0","0","0","0","0","0","0","0","0","0","0","0","0","0","0","0","0","0","0","0","0","0",
"1600000US0620515","East Bakersfield CDP, California","9749","8299","1450","1313","701","508","43","45","0","16","137","118","39","36","19","0","8","11","0","0","0","0","0","0","5","0","0","18","10","3","0","0","1","1","0","3","0","0","0","0","0","0","0","0","0","0","0","0","1","0","0","0","0","0","0","1","0","0","0","0","0","0","0","0","0","0","0","0","0","0","0","0","0",
"1600000US0620574","Eastern Goleta Valley CDP, California","28656","7458","21198","19886","17661","204","82","1714","52","173","1312","1241","95","199","534","31","339","1","10","0","7","0","1","1","19","4","0","66","19","11","0","4","16","0","0","10","3","2","1","0","0","0","0","0","0","0","0","0","5","1","0","2","0","0","0","1","0","1","0","0","0","0","0","0","0","0","0","0","0","0","0","0","0",
"1600000US0620598","East Foothills CDP, California","6803","2205","4598","4299","2395","109","15","1713","24","43","299","278","20","37","147","6","35","3","13","2","0","4","0","1","9","1","0","19","3","3","0","0","0","0","0","10","1","0","0","0","0","0","0","0","2","0","0","0","2","2","0","0","0","0","0","0","0","0","0","0","0","0","0","0","0","0","0","0","0","0","0","0","0",
"1600000US0620697","East Hemet CDP, California","19432","10232","9200","8501","6860","1023","164","353","35","66","699","647","157","193","104","19","84","28","15","3","27","4","1","0","12","0","0","42","9","2","4","1","7","3","4","5","3","0","3","0","0","1","0","0","0","0","0","0","9","7","0","0","0","0","0","2","0","0","0","0","0","0","0","0","1","1","0","0","0","0","0","0","0",
"1600000US0620802","East Los Angeles CDP, California","118786","113036","5750","5234","2399","638","199","1648","19","331","516","404","68","44","87","16","64","19","25","13","31","6","1","4","17","7","2","88","24","19","1","7","5","1","4","13","3","0","4","1","0","2","3","0","1","0","0","0","22","9","2","2","3","2","0","2","0","0","1","1","0","0","0","0","2","2","0","0","0","0","0","0","0",
"1600000US0620900","East Nicolaus CDP, California","223","53","170","146","135","0","2","7","2","0","24","24","1","6","1","1","14","1","0","0","0","0","0","0","0","0","0","0","0","0","0","0","0","0","0","0","0","0","0","0","0","0","0","0","0","0","0","0","0","0","0","0","0","0","0","0","0","0","0","0","0","0","0","0","0","0","0","0","0","0","0","0","0",
"1600000US0620903","East Niles CDP, California","28390","22905","5485","5004","3873","646","195","161","11","118","481","445","88","212","52","4","58","2","13","0","2","2","0","0","3","9","0","33","11","5","1","3","5","1","1","5","0","0","1","0","0","0","0","0","0","0","0","0","3","0","1","1","0","0","1","0","0","0","0","0","0","0","0","0","0","0","0","0","0","0","0","0","0",
"1600000US0620907","East Oakdale CDP, California","3201","452","2749","2559","2375","17","26","116","2","23","190","176","12","82","21","4","51","0","0","0","0","0","0","0","0","6","0","11","0","0","0","0","1","0","1","6","2","0","0","0","0","1","0","0","0","0","0","0","3","1","0","0","2","0","0","0","0","0","0","0","0","0","0","0","0","0","0","0","0","0","0","0","0",
"1600000US0620928","Easton CDP, California","1972","1330","642","618","508","17","11","71","1","10","24","23","3","7","5","3","2","0","0","1","0","0","0","0","2","0","0","1","0","0","0","0","0","1","0","0","0","0","0","0","0","0","0","0","0","0","0","0","0","0","0","0","0","0","0","0","0","0","0","0","0","0","0","0","0","0","0","0","0","0","0","0","0",
"1600000US0620942","East Orosi CDP, California","423","396","27","20","10","2","0","3","0","5","7","7","0","2","1","0","3","0","0","0","0","1","0","0","0","0","0","0","0","0","0","0","0","0","0","0","0","0","0","0","0","0","0","0","0","0","0","0","0","0","0","0","0","0","0","0","0","0","0","0","0","0","0","0","0","0","0","0","0","0","0","0","0",
"1600000US0620956","East Palo Alto city, California","30034","19964","10070","9232","2305","3190","24","1567","2008","138","838","719","165","39","170","41","56","46","47","26","20","1","2","0","64","6","36","108","42","22","11","13","1","0","0","5","3","1","3","0","3","0","0","0","1","0","0","3","11","3","0","0","0","0","0","3","1","0","0","0","4","0","0","0","0","0","0","0","0","0","0","0","0",
"1600000US0620984","East Pasadena CDP, California","6021","2174","3847","3646","1502","159","7","1928","12","38","201","191","24","11","115","2","21","2","3","0","4","0","0","0","9","0","0","10","2","3","0","3","1","0","0","0","0","1","0","0","0","0","0","0","0","0","0","0","0","0","0","0","0","0","0","0","0","0","0","0","0","0","0","0","0","0","0","0","0","0","0","0","0",
"1600000US0621012","East Porterville CDP, California","5549","4474","1075","1021","768","10","70","60","94","19","54","49","2","23","6","4","12","0","0","0","1","0","0","1","0","0","0","5","1","2","0","0","1","0","0","1","0","0","0","0","0","0","0","0","0","0","0","0","0","0","0","0","0","0","0","0","0","0","0","0","0","0","0","0","0","0","0","0","0","0","0","0","0",
"1600000US0621026","East Quincy CDP, California","2463","221","2242","2067","1948","30","44","26","7","12","175","171","26","84","25","1","28","0","0","0","0","2","0","1","4","0","0","4","0","0","0","0","0","0","0","2","1","0","1","0","0","0","0","0","0","0","0","0","0","0","0","0","0","0","0","0","0","0","0","0","0","0","0","0","0","0","0","0","0","0","0","0","0",
"1600000US0621034","East Rancho Dominguez CDP, California","15114","12857","2257","2157","143","1841","14","32","69","58","100","74","22","5","2","0","4","16","6","1","12","0","1","0","1","2","2","22","8","5","0","3","2","0","0","3","0","0","0","0","1","0","0","0","0","0","0","0","3","0","0","2","0","0","0","0","0","0","1","0","0","0","0","0","1","0","1","0","0","0","0","0","0",
"1600000US0621061","East Richmond Heights CDP, California","3460","511","2949","2644","1819","309","6","459","13","38","305","274","52","22","123","4","56","5","3","0","7","1","0","0","1","0","0","26","3","14","0","1","0","0","0","6","2","0","0","0","0","0","0","0","0","0","0","0","5","2","0","2","0","0","1","0","0","0","0","0","0","0","0","0","0","0","0","0","0","0","0","0","0",
"1600000US0621096","East San Gabriel CDP, California","22769","6218","16551","16027","3145","255","31","12481","16","99","524","490","41","35","279","0","57","8","21","1","3","1","1","2","31","10","0","30","10","9","4","0","1","0","1","1","1","0","1","2","0","0","0","0","0","0","0","0","1","0","1","0","0","0","0","0","0","0","0","0","0","0","0","0","3","1","0","0","0","2","0","0","0",
"1600000US0621138","East Shore CDP, California","181","13","168","153","145","0","5","0","0","3","15","12","0","3","7","0","2","0","0","0","0","0","0","0","0","0","0","3","3","0","0","0","0","0","0","0","0","0","0","0","0","0","0","0","0","0","0","0","0","0","0","0","0","0","0","0","0","0","0","0","0","0","0","0","0","0","0","0","0","0","0","0","0",
"1600000US0621188","East Sonora CDP, California","2431","231","2200","2084","1992","13","11","59","1","8","116","111","3","50","21","6","28","1","1","0","1","0","0","0","0","0","0","4","1","0","0","0","3","0","0","0","0","0","0","0","0","0","0","0","0","0","0","0","1","0","0","0","0","1","0","0","0","0","0","0","0","0","0","0","0","0","0","0","0","0","0","0","0",
"1600000US0621210","East Tulare Villa CDP, California","773","491","282","255","227","0","14","9","1","4","27","25","3","9","3","5","5","0","0","0","0","0","0","0","0","0","0","2","0","1","0","0","0","0","1","0","0","0","0","0","0","0","0","0","0","0","0","0","0","0","0","0","0","0","0","0","0","0","0","0","0","0","0","0","0","0","0","0","0","0","0","0","0",
"1600000US0621230","Eastvale city, California","69757","26164","43593","40997","13603","6061","117","20654","185","377","2596","2376","471","254","928","57","210","81","157","11","64","13","0","2","95","31","2","204","47","35","1","10","37","4","4","50","1","0","2","1","0","9","0","3","0","0","0","0","13","4","0","4","3","1","0","0","0","0","0","0","1","0","0","0","3","1","2","0","0","0","0","0","0",
"1600000US0621292","East Whittier CDP, California","10394","5934","4460","4164","3114","181","42","726","32","69","296","280","30","48","98","14","69","2","5","4","4","0","0","1","5","0","0","12","0","0","0","0","1","4","0","5","0","0","0","0","0","2","0","0","0","0","0","0","4","2","2","0","0","0","0","0","0","0","0","0","0","0","0","0","0","0","0","0","0","0","0","0","0",
"1600000US0621530","Edgewood CDP, California","72","12","60","51","50","0","0","0","0","1","9","9","0","7","0","0","0","2","0","0","0","0","0","0","0","0","0","0","0","0","0","0","0","0","0","0","0","0","0","0","0","0","0","0","0","0","0","0","0","0","0","0","0","0","0","0","0","0","0","0","0","0","0","0","0","0","0","0","0","0","0","0","0",
"1600000US0621544","Edison CDP, California","255","157","98","92","82","6","0","3","0","1","6","5","2","2","1","0","0","0","0","0","0","0","0","0","0","0","0","1","0","0","0","1","0","0","0","0","0","0","0","0","0","0","0","0","0","0","0","0","0","0","0","0","0","0","0","0","0","0","0","0","0","0","0","0","0","0","0","0","0","0","0","0","0",
"1600000US0621558","Edmundson Acres CDP, California","296","231","65","53","39","6","5","2","0","1","12","12","0","11","0","0","1","0","0","0","0","0","0","0","0","0","0","0","0","0","0","0","0","0","0","0","0","0","0","0","0","0","0","0","0","0","0","0","0","0","0","0","0","0","0","0","0","0","0","0","0","0","0","0","0","0","0","0","0","0","0","0","0",
"1600000US0621565","Edna CDP, California","184","20","164","152","151","0","0","1","0","0","12","11","3","1","5","0","1","0","0","0","1","0","0","0","0","0","0","1","0","0","0","1","0","0","0","0","0","0","0","0","0","0","0","0","0","0","0","0","0","0","0","0","0","0","0","0","0","0","0","0","0","0","0","0","0","0","0","0","0","0","0","0","0",
"1600000US0621600","Edwards AFB CDP, California","2135","421","1714","1537","1210","198","4","88","23","14","177","161","56","33","34","0","22","1","8","0","5","0","0","0","1","1","0","16","1","6","1","3","1","0","0","2","0","0","2","0","0","0","0","0","0","0","0","0","0","0","0","0","0","0","0","0","0","0","0","0","0","0","0","0","0","0","0","0","0","0","0","0","0",
"1600000US0621691","El Adobe CDP, California","391","287","104","94","85","2","2","4","0","1","10","10","0","8","0","0","2","0","0","0","0","0","0","0","0","0","0","0","0","0","0","0","0","0","0","0","0","0","0","0","0","0","0","0","0","0","0","0","0","0","0","0","0","0","0","0","0","0","0","0","0","0","0","0","0","0","0","0","0","0","0","0","0",
"1600000US0621712","El Cajon city, California","106215","31271","74944","69145","56116","6664","328","5006","418","613","5799","5347","919","735","2255","212","652","99","135","59","81","15","3","1","149","32","0","414","99","42","15","26","42","11","2","123","25","2","4","0","1","18","0","3","0","0","0","1","37","14","2","4","7","1","0","5","0","0","1","2","0","1","0","0","1","1","0","0","0","0","0","0","0",
"1600000US0621782","El Centro city, California","44322","38566","5756","5429","3877","725","69","593","16","149","327","297","36","97","57","5","63","3","11","0","1","1","3","1","17","2","0","23","2","6","1","0","5","0","1","2","0","0","1","0","3","1","0","0","0","0","0","1","7","2","3","0","0","0","0","0","1","0","1","0","0","0","0","0","0","0","0","0","0","0","0","0","0",
"1600000US0621788","El Centro Naval Air Facility CDP, California","280","98","182","161","96","46","0","16","0","3","21","20","5","4","8","0","1","0","1","0","0","0","0","0","1","0","0","1","0","1","0","0","0","0","0","0","0","0","0","0","0","0","0","0","0","0","0","0","0","0","0","0","0","0","0","0","0","0","0","0","0","0","0","0","0","0","0","0","0","0","0","0","0",
"1600000US0621796","El Cerrito city, California","25962","3075","22887","20947","11467","1387","25","7701","51","316","1940","1756","221","113","897","29","312","28","68","4","29","10","3","2","23","12","5","174","23","54","2","12","32","0","2","34","4","2","2","0","0","1","3","0","0","0","0","3","9","2","0","3","2","1","1","0","0","0","0","0","0","0","0","0","1","1","0","0","0","0","0","0","0",
"1600000US0621810","El Cerrito CDP, California","5058","2858","2200","2036","1690","101","29","182","7","27","164","151","28","21","56","7","21","0","6","0","3","7","0","0","2","0","0","10","2","3","0","1","0","0","0","3","0","0","0","0","0","1","0","0","0","0","0","0","2","0","0","1","1","0","0","0","0","0","0","0","0","0","0","0","1","0","1","0","0","0","0","0","0",
"1600000US0621880","El Dorado Hills CDP, California","50547","5494","45053","41826","34609","677","109","6013","96","322","3227","3030","268","592","1411","75","577","9","23","0","4","16","0","0","49","4","2","191","16","38","0","4","44","5","6","72","4","0","0","0","0","0","2","0","0","0","0","0","6","1","0","0","1","0","0","0","2","0","2","0","0","0","0","0","0","0","0","0","0","0","0","0","0",
"1600000US0621894","Eldridge CDP, California","1312","550","762","709","647","8","2","32","10","10","53","50","7","15","11","8","9","0","0","0","0","0","0","0","0","0","0","3","0","0","0","0","2","0","0","1","0","0","0","0","0","0","0","0","0","0","0","0","0","0","0","0","0","0","0","0","0","0","0","0","0","0","0","0","0","0","0","0","0","0","0","0","0",
"1600000US0621916","Elfin Forest CDP, California","600","63","537","514","495","8","1","4","0","6","23","20","6","2","5","0","5","0","0","0","0","0","0","0","2","0","0","3","0","1","0","0","2","0","0","0","0","0","0","0","0","0","0","0","0","0","0","0","0","0","0","0","0","0","0","0","0","0","0","0","0","0","0","0","0","0","0","0","0","0","0","0","0",
"1600000US0621936","El Granada CDP, California","5481","773","4708","4348","4042","30","11","249","3","13","360","337","34","42","159","8","84","1","2","0","3","0","0","0","4","0","0","22","2","0","0","2","3","0","1","10","2","0","0","0","0","2","0","0","0","0","0","0","1","1","0","0","0","0","0","0","0","0","0","0","0","0","0","0","0","0","0","0","0","0","0","0","0",
"1600000US0621964","Elizabeth Lake CDP, California","1651","339","1312","1225","1166","20","9","25","0","5","87","78","4","49","15","2","6","0","0","0","0","0","0","0","2","0","0","9","1","4","2","0","2","0","0","0","0","0","0","0","0","0","0","0","0","0","0","0","0","0","0","0","0","0","0","0","0","0","0","0","0","0","0","0","0","0","0","0","0","0","0","0","0",
"1600000US0622006","Elk Creek CDP, California","138","8","130","122","120","1","1","0","0","0","8","7","0","7","0","0","0","0","0","0","0","0","0","0","0","0","0","1","0","0","0","0","0","0","0","0","0","0","0","0","1","0","0","0","0","0","0","0","0","0","0","0","0","0","0","0","0","0","0","0","0","0","0","0","0","0","0","0","0","0","0","0","0",
"1600000US0622020","Elk Grove city, California","176124","33392","142732","130511","51218","17149","521","58036","2446","1141","12221","11023","1954","1369","4459","248","811","217","703","76","114","74","15","4","625","153","201","1081","298","266","36","47","110","15","18","166","40","3","23","1","9","20","11","4","1","1","0","12","104","43","5","15","5","12","0","18","1","0","0","4","0","1","0","0","13","10","2","0","1","0","0","0","0",
"1600000US0622034","Elkhorn CDP, California","1588","753","835","745","669","1","8","55","2","10","90","85","7","28","17","1","21","1","4","0","2","0","0","0","3","1","0","5","0","0","0","1","1","0","0","3","0","0","0","0","0","0","0","0","0","0","0","0","0","0","0","0","0","0","0","0","0","0","0","0","0","0","0","0","0","0","0","0","0","0","0","0","0",
"1600000US0622104","El Macero CDP, California","1074","89","985","938","769","9","0","155","1","4","47","40","5","6","9","3","11","0","4","0","1","0","0","0","1","0","0","5","0","0","0","0","5","0","0","0","0","0","0","0","0","0","0","0","0","0","0","0","0","0","0","0","0","0","0","0","0","0","0","0","0","0","0","0","2","0","2","0","0","0","0","0","0",
"1600000US0622146","Elmira CDP, California","193","60","133","124","118","1","2","3","0","0","9","7","0","1","1","0","5","0","0","0","0","0","0","0","0","0","0","2","0","0","0","0","2","0","0","0","0","0","0","0","0","0","0","0","0","0","0","0","0","0","0","0","0","0","0","0","0","0","0","0","0","0","0","0","0","0","0","0","0","0","0","0","0",
"1600000US0622230","El Monte city, California","109450","70819","38631","37888","3667","745","146","32940","34","356","743","647","51","80","242","6","64","28","22","8","23","18","0","4","53","48","0","84","16","4","1","9","10","0","6","22","4","2","3","0","2","3","1","0","0","0","0","1","12","4","0","7","1","0","0","0","0","0","0","0","0","0","0","0","0","0","0","0","0","0","0","0","0",
"1600000US0622235","El Monte Mobile Village CDP, California","156","148","8","6","5","0","0","1","0","0","2","1","0","0","1","0","0","0","0","0","0","0","0","0","0","0","0","1","0","0","0","0","0","0","0","1","0","0","0","0","0","0","0","0","0","0","0","0","0","0","0","0","0","0","0","0","0","0","0","0","0","0","0","0","0","0","0","0","0","0","0","0","0",
"1600000US0622286","El Nido CDP, California","331","264","67","59","59","0","0","0","0","0","8","8","0","0","0","0","6","0","1","0","0","1","0","0","0","0","0","0","0","0","0","0","0","0","0","0","0","0","0","0","0","0","0","0","0","0","0","0","0","0","0","0","0","0","0","0","0","0","0","0","0","0","0","0","0","0","0","0","0","0","0","0","0",
"1600000US0622300","El Paso de Robles (Paso Robles) city, California","31490","11958","19532","18285","16759","480","104","693","74","175","1247","1166","185","339","271","46","261","16","17","0","7","0","0","3","17","4","0","75","23","15","0","1","13","2","0","19","0","1","0","0","0","0","0","0","1","0","0","0","6","0","0","1","1","0","0","2","0","0","2","0","0","0","0","0","0","0","0","0","0","0","0","0","0",
"1600000US0622328","El Portal CDP, California","372","36","336","312","290","3","5","9","1","4","24","21","0","5","13","1","0","0","0","0","2","0","0","0","0","0","0","3","1","0","1","0","0","0","0","1","0","0","0","0","0","0","0","0","0","0","0","0","0","0","0","0","0","0","0","0","0","0","0","0","0","0","0","0","0","0","0","0","0","0","0","0","0",
"1600000US0622360","El Rancho CDP, California","96","85","11","7","1","0","5","0","1","0","4","2","0","1","0","0","1","0","0","0","0","0","0","0","0","0","0","1","0","0","0","0","0","0","0","0","0","0","0","0","0","1","0","0","0","0","0","0","1","0","0","1","0","0","0","0","0","0","0","0","0","0","0","0","0","0","0","0","0","0","0","0","0",
"1600000US0622370","El Rio CDP, California","7037","6249","788","712","567","42","19","67","7","10","76","68","6","24","15","1","9","2","2","2","1","1","0","0","5","0","0","6","0","1","2","0","1","1","1","0","0","0","0","0","0","0","0","0","0","0","0","0","2","1","0","0","0","0","1","0","0","0","0","0","0","0","0","0","0","0","0","0","0","0","0","0","0",
"1600000US0622412","El Segundo city, California","17272","2976","14296","13028","10636","394","45","1804","61","88","1268","1175","136","122","638","20","184","7","21","0","8","0","3","3","25","4","4","86","23","17","0","6","8","0","0","17","3","1","3","0","5","2","1","0","0","0","0","0","7","2","0","0","0","0","0","1","0","0","4","0","0","0","0","0","0","0","0","0","0","0","0","0","0",
"1600000US0622454","El Sobrante CDP (Contra Costa County), California","15524","4646","10878","9877","4871","1766","64","2874","94","208","1001","896","155","154","212","17","177","20","58","7","35","15","0","0","32","12","2","92","30","18","2","4","10","6","0","13","5","0","1","0","0","2","1","0","0","0","0","0","12","4","0","0","7","1","0","0","0","0","0","0","0","0","0","0","0","0","0","0","0","0","0","1","1",
"1600000US0622457","El Sobrante CDP (Riverside County), California","14039","4403","9636","9051","5163","958","31","2765","20","114","585","543","96","64","235","23","48","17","16","4","9","1","0","0","19","10","1","39","10","7","0","5","4","0","0","12","0","0","0","1","0","0","0","0","0","0","0","0","3","0","1","1","0","0","0","1","0","0","0","0","0","0","0","0","0","0","0","0","0","0","0","0","0",
"1600000US0622510","El Verano CDP, California","3867","1531","2336","2190","2061","8","5","92","8","16","146","137","21","44","39","6","23","1","0","2","0","0","0","0","1","0","0","8","3","0","0","0","0","0","0","5","0","0","0","0","0","0","0","0","0","0","0","0","1","1","0","0","0","0","0","0","0","0","0","0","0","0","0","0","0","0","0","0","0","0","0","0","0",
"1600000US0622524","Elverta CDP, California","5435","1090","4345","4036","3584","97","49","247","23","36","309","290","34","105","55","2","72","0","2","4","3","0","0","0","4","0","9","14","3","5","1","3","0","0","0","2","0","0","0","0","0","0","0","0","0","0","0","0","5","0","1","1","1","1","0","0","0","0","0","0","1","0","0","0","0","0","0","0","0","0","0","0","0",
"1600000US0622587","Emerald Lake Hills CDP, California","4406","348","4058","3747","3207","36","1","460","9","34","311","302","18","9","196","9","62","2","4","0","0","0","0","0","0","0","2","9","1","0","2","0","3","1","0","1","0","0","1","0","0","0","0","0","0","0","0","0","0","0","0","0","0","0","0","0","0","0","0","0","0","0","0","0","0","0","0","0","0","0","0","0","0",
"1600000US0622594","Emeryville city, California","12905","1435","11470","10638","4564","1968","23","3918","39","126","832","759","157","68","318","3","93","32","40","3","14","6","0","0","17","6","2","63","16","23","0","7","9","0","0","4","2","0","0","0","1","1","0","0","0","0","0","0","9","3","0","1","0","0","0","2","1","0","0","0","2","0","0","0","1","0","1","0","0","0","0","0","0",
"1600000US0622622","Empire CDP, California","4202","2541","1661","1555","1393","56","41","46","11","8","106","100","6","61","5","1","21","0","2","1","0","0","0","0","0","0","3","6","4","1","0","0","0","0","0","1","0","0","0","0","0","0","0","0","0","0","0","0","0","0","0","0","0","0","0","0","0","0","0","0","0","0","0","0","0","0","0","0","0","0","0","0","0",
"1600000US0622678","Encinitas city, California","62007","9357","52650","49127","45642","281","115","2634","64","391","3523","3352","308","573","1516","78","741","13","24","11","15","6","0","4","42","21","0","161","30","29","2","3","20","0","2","60","3","1","0","0","1","9","1","0","0","0","0","0","10","1","0","2","1","5","0","1","0","0","0","0","0","0","0","0","0","0","0","0","0","0","0","0","0",
"1600000US0622790","Escalon city, California","7472","2330","5142","4717","4490","35","26","129","4","33","425","410","46","129","63","13","156","0","0","0","1","0","0","0","1","1","0","14","1","3","0","0","3","0","0","4","2","0","0","1","0","0","0","0","0","0","0","0","1","1","0","0","0","0","0","0","0","0","0","0","0","0","0","0","0","0","0","0","0","0","0","0","0",
"1600000US0622804","Escondido city, California","151038","78226","72812","67078","50693","3267","479","11650","325","664","5734","5256","818","964","2059","174","800","47","114","26","45","12","4","13","144","35","1","438","112","63","16","18","77","9","5","94","13","3","4","0","7","11","4","0","0","0","0","2","33","5","4","5","7","1","0","7","0","0","0","4","0","0","0","0","7","3","3","1","0","0","0","0","0",
"1600000US0622846","Esparto CDP, California","3572","2038","1534","1419","1205","87","22","90","1","14","115","107","22","47","14","2","13","0","0","0","1","0","0","0","6","2","0","6","0","0","0","0","0","0","0","6","0","0","0","0","0","0","0","0","0","0","0","0","2","2","0","0","0","0","0","0","0","0","0","0","0","0","0","0","0","0","0","0","0","0","0","0","0",
"1600000US0622972","Etna city, California","678","39","639","576","543","3","19","8","3","0","63","63","2","47","4","2","2","3","0","1","0","0","0","0","2","0","0","0","0","0","0","0","0","0","0","0","0","0","0","0","0","0","0","0","0","0","0","0","0","0","0","0","0","0","0","0","0","0","0","0","0","0","0","0","0","0","0","0","0","0","0","0","0",
"1600000US0623000","Eucalyptus Hills CDP, California","5517","970","4547","4236","3785","291","23","91","8","38","311","290","34","80","85","13","65","0","4","0","6","0","0","0","3","0","0","17","9","2","0","0","1","0","0","5","0","0","0","0","0","0","0","0","0","0","0","0","4","3","0","0","0","0","0","0","0","0","0","1","0","0","0","0","0","0","0","0","0","0","0","0","0",
"1600000US0623042","Eureka city, California","26512","4014","22498","20376","17069","506","909","1467","227","198","2122","1958","260","871","295","78","340","42","14","6","9","11","2","4","24","2","0","147","62","8","0","5","24","5","3","32","2","0","2","0","2","2","0","0","0","0","0","0","16","1","2","2","0","2","0","8","0","0","0","1","0","0","0","0","1","0","0","1","0","0","0","0","0",
"1600000US0623126","Exeter city, California","10321","5287","5034","4699","4389","45","77","126","17","45","335","323","22","165","47","14","68","0","4","0","0","0","0","0","3","0","0","11","3","1","0","2","2","1","1","0","1","0","0","0","0","0","0","0","0","0","0","0","1","1","0","0","0","0","0","0","0","0","0","0","0","0","0","0","0","0","0","0","0","0","0","0","0",
"1600000US0623150","Fairbanks Ranch CDP, California","3002","206","2796","2660","2227","20","0","397","1","15","136","133","27","8","61","6","26","1","0","0","1","1","0","0","2","0","0","3","0","1","0","0","1","1","0","0","0","0","0","0","0","0","0","0","0","0","0","0","0","0","0","0","0","0","0","0","0","0","0","0","0","0","0","0","0","0","0","0","0","0","0","0","0",
"1600000US0623158","Fairfax CDP, California","1879","1460","419","378","320","25","7","17","3","6","41","40","4","19","11","0","4","0","0","0","0","1","0","0","0","0","1","1","0","0","0","0","0","0","0","0","1","0","0","0","0","0","0","0","0","0","0","0","0","0","0","0","0","0","0","0","0","0","0","0","0","0","0","0","0","0","0","0","0","0","0","0","0",
"1600000US0623168","Fairfax town, California","7605","878","6727","6232","5815","94","16","232","15","60","495","482","56","87","175","10","141","4","2","0","0","3","0","2","1","1","0","12","6","2","0","0","0","1","0","3","0","0","0","0","0","0","0","0","0","0","0","0","1","0","0","0","0","0","0","1","0","0","0","0","0","0","0","0","0","0","0","0","0","0","0","0","0",
"1600000US0623182","Fairfield city, California","119881","36723","83158","74647","33265","17216","384","21921","1201","660","8511","7487","1657","906","2508","250","576","234","646","72","121","40","17","7","357","52","44","910","207","224","42","33","80","20","6","210","7","0","23","2","4","36","6","1","1","0","0","8","105","42","7","10","26","4","1","8","0","0","3","0","3","0","1","0","6","3","2","0","1","0","0","3","3",
"1600000US0623196","Fairhaven CDP, California","165","7","158","137","125","2","2","6","1","1","21","16","2","10","0","1","0","0","0","1","0","0","0","0","2","0","0","5","3","0","0","1","1","0","0","0","0","0","0","0","0","0","0","0","0","0","0","0","0","0","0","0","0","0","0","0","0","0","0","0","0","0","0","0","0","0","0","0","0","0","0","0","0",
"1600000US0623210","Fairmead CDP, California","1235","875","360","308","209","72","7","7","2","11","52","47","19","14","0","1","4","1","1","0","3","0","1","0","3","0","0","2","0","0","0","0","0","0","0","1","0","0","1","0","0","0","0","0","0","0","0","0","3","0","0","0","2","0","0","0","0","0","0","0","1","0","0","0","0","0","0","0","0","0","0","0","0",
"1600000US0623294","Fair Oaks CDP, California","32514","4128","28386","26314","23504","732","129","1677","44","228","2072","1936","268","485","640","57","392","24","11","3","16","1","0","0","29","8","2","122","37","24","0","8","16","2","1","21","2","2","0","0","4","3","1","0","0","0","0","1","12","6","1","0","4","0","0","1","0","0","0","0","0","0","0","0","2","2","0","0","0","0","0","0","0",
"1600000US0623350","Fairview CDP, California","11341","3020","8321","7491","3331","1703","15","2187","159","96","830","744","152","52","249","17","61","28","46","13","21","1","0","0","72","20","12","79","14","19","3","5","13","1","1","17","1","0","0","0","1","2","2","0","0","0","0","0","7","5","0","2","0","0","0","0","0","0","0","0","0","0","0","0","0","0","0","0","0","0","0","0","0",
"1600000US0623462","Fallbrook CDP, California","32267","16040","16227","15113","13608","462","102","718","85","138","1114","1002","132","264","323","51","163","4","22","4","7","4","0","0","18","10","0","97","14","10","1","11","18","1","0","37","1","0","0","0","1","0","0","0","3","0","0","0","14","4","1","0","0","0","0","8","0","0","0","1","0","0","0","0","1","0","0","0","1","0","0","0","0",
"1600000US0623532","Fall River Mills CDP, California","616","84","532","510","467","0","31","3","1","8","22","21","4","11","2","0","4","0","0","0","0","0","0","0","0","0","0","1","0","1","0","0","0","0","0","0","0","0","0","0","0","0","0","0","0","0","0","0","0","0","0","0","0","0","0","0","0","0","0","0","0","0","0","0","0","0","0","0","0","0","0","0","0",
"1600000US0623616","Farmersville city, California","10397","9142","1255","1164","1011","32","42","47","0","32","91","80","9","48","5","0","14","0","0","0","1","0","0","0","3","0","0","10","5","0","0","1","0","0","0","4","0","0","0","0","0","0","0","0","0","0","0","0","1","0","0","1","0","0","0","0","0","0","0","0","0","0","0","0","0","0","0","0","0","0","0","0","0",
"1600000US0623630","Farmington CDP, California","220","86","134","125","125","0","0","0","0","0","9","9","0","0","0","2","7","0","0","0","0","0","0","0","0","0","0","0","0","0","0","0","0","0","0","0","0","0","0","0","0","0","0","0","0","0","0","0","0","0","0","0","0","0","0","0","0","0","0","0","0","0","0","0","0","0","0","0","0","0","0","0","0",
"1600000US0623812","Fellows CDP, California","52","1","51","49","46","0","3","0","0","0","2","2","0","0","0","0","2","0","0","0","0","0","0","0","0","0","0","0","0","0","0","0","0","0","0","0","0","0","0","0","0","0","0","0","0","0","0","0","0","0","0","0","0","0","0","0","0","0","0","0","0","0","0","0","0","0","0","0","0","0","0","0","0",
"1600000US0623826","Felton CDP, California","4489","597","3892","3593","3422","31","16","74","3","47","299","287","28","95","57","8","96","0","0","0","1","0","0","1","1","0","0","12","6","1","0","0","1","0","0","3","0","0","1","0","0","0","0","0","0","0","0","0","0","0","0","0","0","0","0","0","0","0","0","0","0","0","0","0","0","0","0","0","0","0","0","0","0",
"1600000US0623910","Ferndale city, California","1398","115","1283","1197","1154","5","16","17","0","5","86","85","5","41","9","0","30","0","0","0","0","0","0","0","0","0","0","0","0","0","0","0","0","0","0","0","0","0","0","0","0","0","0","0","0","0","0","0","1","0","0","0","0","0","0","1","0","0","0","0","0","0","0","0","0","0","0","0","0","0","0","0","0",
"1600000US0623973","Fetters Hot Springs-Agua Caliente CDP, California","4233","2203","2030","1887","1743","44","12","77","7","4","143","134","13","37","38","6","35","0","3","0","0","0","0","0","1","1","0","9","6","0","1","0","2","0","0","0","0","0","0","0","0","0","0","0","0","0","0","0","0","0","0","0","0","0","0","0","0","0","0","0","0","0","0","0","0","0","0","0","0","0","0","0","0",
"1600000US0623980","Fiddletown CDP, California","279","40","239","227","224","0","0","2","0","1","12","12","1","4","2","0","5","0","0","0","0","0","0","0","0","0","0","0","0","0","0","0","0","0","0","0","0","0","0","0","0","0","0","0","0","0","0","0","0","0","0","0","0","0","0","0","0","0","0","0","0","0","0","0","0","0","0","0","0","0","0","0","0",
"1600000US0624008","Fieldbrook CDP, California","827","46","781","710","675","7","17","5","2","4","71","65","5","41","7","0","11","0","0","0","0","0","0","0","1","0","0","6","5","1","0","0","0","0","0","0","0","0","0","0","0","0","0","0","0","0","0","0","0","0","0","0","0","0","0","0","0","0","0","0","0","0","0","0","0","0","0","0","0","0","0","0","0",
"1600000US0624022","Fields Landing CDP, California","287","47","240","204","183","3","11","7","0","0","36","35","2","12","7","0","12","0","0","0","0","1","0","0","1","0","0","1","0","0","0","0","1","0","0","0","0","0","0","0","0","0","0","0","0","0","0","0","0","0","0","0","0","0","0","0","0","0","0","0","0","0","0","0","0","0","0","0","0","0","0","0","0",
"1600000US0624092","Fillmore city, California","16419","12593","3826","3520","3082","75","55","220","7","81","306","280","21","92","91","21","46","0","4","1","2","1","0","0","1","0","0","21","3","4","1","1","4","4","0","2","0","0","0","0","0","0","2","0","0","0","0","0","4","2","0","0","2","0","0","0","0","0","0","0","0","0","0","0","1","0","1","0","0","0","0","0","0",
"1600000US0624134","Firebaugh city, California","8096","7486","610","580","499","32","3","16","3","27","30","26","3","12","7","0","1","0","0","0","0","1","0","0","1","0","1","4","1","1","0","0","0","0","1","1","0","0","0","0","0","0","0","0","0","0","0","0","0","0","0","0","0","0","0","0","0","0","0","0","0","0","0","0","0","0","0","0","0","0","0","0","0",
"1600000US0624218","Fish Camp CDP, California","49","5","44","44","44","0","0","0","0","0","0","0","0","0","0","0","0","0","0","0","0","0","0","0","0","0","0","0","0","0","0","0","0","0","0","0","0","0","0","0","0","0","0","0","0","0","0","0","0","0","0","0","0","0","0","0","0","0","0","0","0","0","0","0","0","0","0","0","0","0","0","0","0",
"1600000US0624477","Florence-Graham CDP, California","61983","56300","5683","5332","619","4149","82","185","8","289","351","293","67","22","24","4","25","55","12","4","71","1","0","0","1","7","0","54","25","4","1","2","3","2","2","4","2","0","5","0","1","2","1","0","0","0","0","0","4","1","1","1","1","0","0","0","0","0","0","0","0","0","0","0","0","0","0","0","0","0","0","0","0",
"1600000US0624498","Florin CDP, California","52388","15033","37355","34698","8042","6796","246","18014","1288","312","2657","2386","621","291","565","67","159","166","134","42","55","22","4","3","196","19","42","242","68","60","12","7","25","4","5","29","2","0","8","4","2","3","0","0","1","0","0","12","28","13","5","0","2","2","1","3","0","0","2","0","0","0","0","0","1","0","1","0","0","0","0","0","0",
"1600000US0624526","Floriston CDP, California","80","3","77","66","66","0","0","0","0","0","11","10","0","6","0","0","4","0","0","0","0","0","0","0","0","0","0","1","1","0","0","0","0","0","0","0","0","0","0","0","0","0","0","0","0","0","0","0","0","0","0","0","0","0","0","0","0","0","0","0","0","0","0","0","0","0","0","0","0","0","0","0","0",
"1600000US0624568","Flournoy CDP, California","117","22","95","88","70","1","6","2","2","7","7","7","1","6","0","0","0","0","0","0","0","0","0","0","0","0","0","0","0","0","0","0","0","0","0","0","0","0","0","0","0","0","0","0","0","0","0","0","0","0","0","0","0","0","0","0","0","0","0","0","0","0","0","0","0","0","0","0","0","0","0","0","0",
"1600000US0624638","Folsom city, California","80454","10503","69951","65004","44972","3342","269","15742","185","494","4947","4673","407","863","1849","127","1095","28","46","8","39","12","4","3","148","30","14","247","41","42","16","26","34","5","4","61","0","0","4","4","0","3","1","0","0","2","0","4","22","8","1","3","2","3","0","5","0","0","0","0","0","0","0","0","5","4","0","1","0","0","0","0","0",
"1600000US0624680","Fontana city, California","208393","141269","67124","62681","25883","17658","489","16992","447","1212","4443","4014","916","560","1029","109","452","158","247","51","211","15","10","12","168","71","5","380","103","71","12","36","37","4","10","66","17","1","2","0","2","10","0","3","0","0","0","6","46","6","1","19","6","4","0","9","0","0","0","0","0","0","0","1","3","2","1","0","0","0","0","0","0",
"1600000US0624722","Foothill Farms CDP, California","35834","8319","27515","25035","17464","3922","153","2937","316","243","2480","2206","577","415","592","44","237","84","86","23","45","23","2","0","47","9","22","241","65","51","8","21","18","6","8","44","0","2","9","0","1","6","0","2","0","0","0","0","32","15","5","7","3","1","0","1","0","0","0","0","0","0","0","0","1","1","0","0","0","0","0","0","0",
"1600000US0624750","Forbestown CDP, California","396","45","351","318","298","3","12","2","0","3","33","31","0","26","1","0","3","0","0","0","0","0","1","0","0","0","0","1","0","0","0","0","0","0","0","1","0","0","0","0","0","0","0","0","0","0","0","0","1","0","0","0","0","0","0","1","0","0","0","0","0","0","0","0","0","0","0","0","0","0","0","0","0",
"1600000US0624764","Ford City CDP, California","4348","2736","1612","1510","1441","19","11","13","2","24","102","97","12","44","17","2","14","3","3","0","0","0","0","0","2","0","0","3","0","0","0","0","0","0","0","3","0","0","0","0","0","0","0","0","0","0","0","0","2","0","0","0","0","0","0","2","0","0","0","0","0","0","0","0","0","0","0","0","0","0","0","0","0",
"1600000US0624834","Foresthill CDP, California","1692","161","1531","1375","1315","7","38","7","1","7","156","138","10","73","14","1","34","0","1","0","1","1","0","0","3","0","0","17","4","0","0","1","4","0","0","8","0","0","0","0","0","0","0","0","0","0","0","0","1","1","0","0","0","0","0","0","0","0","0","0","0","0","0","0","0","0","0","0","0","0","0","0","0",
"1600000US0624897","Forest Meadows CDP, California","1276","99","1177","1114","1055","1","19","22","1","16","63","57","5","9","15","7","21","0","0","0","0","0","0","0","0","0","0","6","1","0","0","0","2","1","0","2","0","0","0","0","0","0","0","0","0","0","0","0","0","0","0","0","0","0","0","0","0","0","0","0","0","0","0","0","0","0","0","0","0","0","0","0","0",
"1600000US0624918","Forest Ranch CDP, California","1304","108","1196","1104","1057","9","9","16","0","13","92","84","6","45","18","2","12","0","0","0","0","0","0","1","0","0","0","8","4","0","0","0","0","1","0","3","0","0","0","0","0","0","0","0","0","0","0","0","0","0","0","0","0","0","0","0","0","0","0","0","0","0","0","0","0","0","0","0","0","0","0","0","0",
"1600000US0624960","Forestville CDP, California","3264","454","2810","2609","2485","22","31","45","4","22","201","188","9","79","31","5","59","0","1","1","0","1","0","0","0","2","0","11","0","2","0","0","1","0","2","5","1","0","0","0","0","0","0","0","0","0","0","0","2","1","0","0","0","0","0","1","0","0","0","0","0","0","0","0","0","0","0","0","0","0","0","0","0",
"1600000US0625030","Fort Bidwell CDP, California","180","18","162","156","86","0","70","0","0","0","6","4","0","2","0","0","1","0","0","0","0","0","1","0","0","0","0","2","0","0","0","0","0","0","0","0","0","2","0","0","0","0","0","0","0","0","0","0","0","0","0","0","0","0","0","0","0","0","0","0","0","0","0","0","0","0","0","0","0","0","0","0","0",
"1600000US0625058","Fort Bragg city, California","6983","2235","4748","4345","4065","44","75","112","8","41","403","385","42","177","59","5","86","3","1","1","4","1","0","1","5","0","0","16","10","0","1","0","1","0","1","0","1","0","2","0","0","0","0","0","0","0","0","0","2","1","0","0","0","0","0","0","0","0","0","1","0","0","0","0","0","0","0","0","0","0","0","0","0",
"1600000US0625086","Fort Dick CDP, California","912","73","839","789","669","1","102","10","0","7","50","44","2","29","1","0","10","0","0","0","0","0","0","2","0","0","0","5","1","0","0","0","0","0","1","3","0","0","0","0","0","0","0","0","0","0","0","0","1","0","0","0","1","0","0","0","0","0","0","0","0","0","0","0","0","0","0","0","0","0","0","0","0",
"1600000US0625093","Fort Hunter Liggett CDP, California","250","54","196","188","123","23","3","22","9","8","8","8","2","0","1","0","2","0","0","0","0","0","0","0","3","0","0","0","0","0","0","0","0","0","0","0","0","0","0","0","0","0","0","0","0","0","0","0","0","0","0","0","0","0","0","0","0","0","0","0","0","0","0","0","0","0","0","0","0","0","0","0","0",
"1600000US0625114","Fort Irwin CDP, California","8096","2139","5957","5419","3555","1066","90","508","145","55","538","499","145","80","136","7","39","7","24","15","12","0","0","0","33","1","0","37","14","10","2","0","0","0","0","8","0","0","0","0","1","2","0","0","0","0","0","0","2","0","0","0","2","0","0","0","0","0","0","0","0","0","0","0","0","0","0","0","0","0","0","0","0",
"1600000US0625128","Fort Jones city, California","695","92","603","511","461","4","30","9","0","7","92","81","14","47","6","3","9","0","0","0","0","0","0","1","1","0","0","9","9","0","0","0","0","0","0","0","0","0","0","0","0","0","0","0","0","0","0","0","2","0","0","0","0","0","0","0","2","0","0","0","0","0","0","0","0","0","0","0","0","0","0","0","0",
"1600000US0625296","Fortuna city, California","12516","2590","9926","9156","8488","64","355","153","15","81","770","725","52","437","67","21","134","2","2","0","2","3","0","1","4","0","0","36","14","2","1","1","3","2","2","11","0","0","0","0","0","0","0","0","0","0","0","0","9","0","0","9","0","0","0","0","0","0","0","0","0","0","0","0","0","0","0","0","0","0","0","0","0",
"1600000US0625300","Fort Washington CDP, California","255","46","209","196","189","2","3","2","0","0","13","12","1","0","5","0","5","0","0","0","1","0","0","0","0","0","0","1","0","1","0","0","0","0","0","0","0","0","0","0","0","0","0","0","0","0","0","0","0","0","0","0","0","0","0","0","0","0","0","0","0","0","0","0","0","0","0","0","0","0","0","0","0",
"1600000US0625338","Foster City city, California","33805","2421","31384","29673","10734","479","31","17992","179","258","1711","1624","96","82","933","20","334","9","37","3","6","10","0","0","65","21","8","77","9","10","4","3","13","1","1","24","8","1","3","0","0","0","0","0","0","0","0","0","10","5","0","0","1","2","0","0","0","0","1","0","1","0","0","0","0","0","0","0","0","0","0","0","0",
"1600000US0625380","Fountain Valley city, California","57047","8837","48210","45719","22230","526","71","22532","126","234","2491","2320","160","353","1204","89","350","5","21","3","21","6","0","0","81","27","0","161","18","12","1","8","37","1","2","69","0","2","0","0","3","4","2","0","2","0","0","0","10","3","2","1","2","0","0","2","0","0","0","0","0","0","0","0","0","0","0","0","0","0","0","0","0",
"1600000US0625436","Fowler city, California","6700","4446","2254","2170","1135","93","26","877","0","39","84","81","15","30","13","0","11","2","0","0","2","0","0","0","4","2","2","1","0","1","0","0","0","0","0","0","0","0","0","0","0","0","0","0","0","0","0","0","1","0","0","1","0","0","0","0","0","0","0","0","0","0","0","0","1","1","0","0","0","0","0","0","0",
"1600000US0625488","Franklin CDP (Merced County), California","6919","4152","2767","2544","1203","168","20","1127","9","17","223","208","40","57","71","7","13","8","7","0","2","0","1","0","2","0","0","7","2","0","1","0","2","0","0","2","0","0","0","0","0","0","0","0","0","0","0","0","8","5","0","0","1","0","0","2","0","0","0","0","0","0","0","0","0","0","0","0","0","0","0","0","0",
"1600000US0625506","Franklin CDP (Sacramento County), California","167","48","119","106","85","3","1","14","0","3","13","10","0","3","3","0","1","0","0","1","0","1","0","0","0","0","1","1","0","0","0","0","1","0","0","0","0","0","0","0","0","0","0","0","0","0","0","0","2","0","0","2","0","0","0","0","0","0","0","0","0","0","0","0","0","0","0","0","0","0","0","0","0",
"1600000US0625534","Frazier Park CDP, California","2592","681","1911","1798","1716","19","14","36","2","11","113","110","14","44","13","6","27","0","4","0","1","0","0","0","0","1","0","3","0","1","0","0","2","0","0","0","0","0","0","0","0","0","0","0","0","0","0","0","0","0","0","0","0","0","0","0","0","0","0","0","0","0","0","0","0","0","0","0","0","0","0","0","0",
"1600000US0625576","Freedom CDP, California","3835","2920","915","828","728","16","6","69","0","9","87","72","5","9","22","4","22","2","0","0","2","1","0","0","5","0","0","15","0","1","0","0","9","0","0","4","0","1","0","0","0","0","0","0","0","0","0","0","0","0","0","0","0","0","0","0","0","0","0","0","0","0","0","0","0","0","0","0","0","0","0","0","0",
"1600000US0625590","Freeport CDP, California","58","18","40","38","38","0","0","0","0","0","2","2","0","1","0","0","0","0","0","0","0","0","0","1","0","0","0","0","0","0","0","0","0","0","0","0","0","0","0","0","0","0","0","0","0","0","0","0","0","0","0","0","0","0","0","0","0","0","0","0","0","0","0","0","0","0","0","0","0","0","0","0","0",
"1600000US0626000","Fremont city, California","230504","29016","201488","192895","38160","5108","470","146875","967","1315","8593","7937","590","649","4484","196","646","74","259","40","85","109","8","3","524","222","48","564","100","111","7","28","77","9","12","125","41","1","7","5","5","11","2","3","6","1","3","10","74","28","1","19","5","7","0","11","1","0","2","0","0","0","0","0","18","8","6","1","1","2","0","0","0",
"1600000US0626028","French Camp CDP, California","3770","2357","1413","1360","753","387","3","197","10","10","53","53","18","15","8","0","5","2","0","0","0","0","0","0","2","3","0","0","0","0","0","0","0","0","0","0","0","0","0","0","0","0","0","0","0","0","0","0","0","0","0","0","0","0","0","0","0","0","0","0","0","0","0","0","0","0","0","0","0","0","0","0","0",
"1600000US0626056","French Gulch CDP, California","373","19","354","336","316","3","2","5","0","10","18","18","4","12","0","0","2","0","0","0","0","0","0","0","0","0","0","0","0","0","0","0","0","0","0","0","0","0","0","0","0","0","0","0","0","0","0","0","0","0","0","0","0","0","0","0","0","0","0","0","0","0","0","0","0","0","0","0","0","0","0","0","0",
"1600000US0626067","French Valley CDP, California","35280","10675","24605","22162","14678","2559","148","4417","192","168","2443","2200","386","387","788","110","226","26","133","6","33","8","1","0","88","8","0","226","28","65","5","11","31","0","5","70","8","0","1","0","0","0","2","0","0","0","0","0","17","9","0","0","3","0","0","3","2","0","0","0","0","0","0","0","0","0","0","0","0","0","0","0","0",
"1600000US0627000","Fresno city, California","542107","273771","268336","251744","129705","37611","3501","77243","766","2918","16592","15369","3166","3681","3973","308","1877","537","535","60","269","228","21","25","462","202","25","1107","382","185","11","76","153","26","28","142","25","1","16","5","20","27","5","0","0","0","0","5","106","71","2","7","7","1","0","6","6","1","2","3","0","0","0","0","10","8","2","0","0","0","0","0","0",
"1600000US0627014","Friant CDP, California","446","82","364","324","299","5","11","9","0","0","40","39","0","16","4","0","18","0","0","0","0","1","0","0","0","0","0","1","0","0","0","0","1","0","0","0","0","0","0","0","0","0","0","0","0","0","0","0","0","0","0","0","0","0","0","0","0","0","0","0","0","0","0","0","0","0","0","0","0","0","0","0","0",
"1600000US0627080","Fruitdale CDP, California","989","273","716","658","475","28","2","146","1","6","58","56","2","14","32","1","5","0","2","0","0","0","0","0","0","0","0","2","0","0","0","0","0","0","0","2","0","0","0","0","0","0","0","0","0","0","0","0","0","0","0","0","0","0","0","0","0","0","0","0","0","0","0","0","0","0","0","0","0","0","0","0","0",
"1600000US0627130","Fruitridge Pocket CDP, California","6102","2831","3271","2997","990","877","39","984","78","29","274","246","64","45","46","5","22","21","16","6","9","6","0","0","6","0","0","27","11","6","0","3","5","0","0","1","0","0","1","0","0","0","0","0","0","0","0","0","0","0","0","0","0","0","0","0","0","0","0","0","0","0","0","0","1","1","0","0","0","0","0","0","0",
"1600000US0627190","Fuller Acres CDP, California","917","769","148","129","99","2","6","2","0","20","19","17","4","7","2","0","4","0","0","0","0","0","0","0","0","0","0","2","0","0","0","0","0","0","0","0","0","0","0","0","0","2","0","0","0","0","0","0","0","0","0","0","0","0","0","0","0","0","0","0","0","0","0","0","0","0","0","0","0","0","0","0","0",
"1600000US0628000","Fullerton city, California","143617","54225","89392","84281","42150","2972","289","37913","266","691","5111","4777","499","690","2334","126","679","29","123","12","59","23","3","1","147","47","5","303","52","43","13","18","43","2","6","93","16","0","0","0","3","4","3","2","2","1","0","2","29","11","0","4","2","2","0","8","0","0","1","0","0","0","1","0","2","1","1","0","0","0","0","0","0",
"1600000US0628014","Fulton CDP, California","551","241","310","292","276","2","2","7","0","5","18","18","1","5","3","2","7","0","0","0","0","0","0","0","0","0","0","0","0","0","0","0","0","0","0","0","0","0","0","0","0","0","0","0","0","0","0","0","0","0","0","0","0","0","0","0","0","0","0","0","0","0","0","0","0","0","0","0","0","0","0","0","0",
"1600000US0628021","Furnace Creek CDP, California","136","33","103","94","75","2","14","3","0","0","9","9","0","1","1","0","7","0","0","0","0","0","0","0","0","0","0","0","0","0","0","0","0","0","0","0","0","0","0","0","0","0","0","0","0","0","0","0","0","0","0","0","0","0","0","0","0","0","0","0","0","0","0","0","0","0","0","0","0","0","0","0","0",
"1600000US0628112","Galt city, California","25383","11588","13795","12577","10922","442","143","921","72","77","1218","1118","139","382","296","47","176","7","15","3","7","12","0","4","21","6","3","94","15","10","4","1","14","5","2","36","6","0","0","0","0","1","0","0","0","0","0","0","4","2","0","0","0","1","0","1","0","0","0","0","0","0","0","0","0","0","0","0","0","0","0","2","2",
"1600000US0628154","Garberville CDP, California","818","85","733","670","612","2","17","20","2","17","63","62","6","40","7","0","9","0","0","0","0","0","0","0","0","0","0","1","0","0","0","0","1","0","0","0","0","0","0","0","0","0","0","0","0","0","0","0","0","0","0","0","0","0","0","0","0","0","0","0","0","0","0","0","0","0","0","0","0","0","0","0","0",
"1600000US0628168","Gardena city, California","61027","24503","36524","34464","4819","13006","106","15813","356","364","2060","1799","289","78","628","37","134","108","153","19","163","0","1","4","145","38","2","236","61","34","2","24","21","3","2","63","14","4","2","1","2","1","1","1","0","0","0","0","19","7","0","4","2","4","0","0","1","0","0","1","0","0","0","0","6","5","1","0","0","0","0","0","0",
"1600000US0628182","Garden Acres CDP, California","11398","8863","2535","2270","1740","166","70","249","15","30","265","238","37","92","36","6","46","4","2","0","1","0","0","0","5","6","3","27","18","7","1","0","1","0","0","0","0","0","0","0","0","0","0","0","0","0","0","0","0","0","0","0","0","0","0","0","0","0","0","0","0","0","0","0","0","0","0","0","0","0","0","0","0",
"1600000US0628210","Garden Farms CDP, California","449","58","391","375","368","0","1","0","1","5","16","16","4","5","1","1","5","0","0","0","0","0","0","0","0","0","0","0","0","0","0","0","0","0","0","0","0","0","0","0","0","0","0","0","0","0","0","0","0","0","0","0","0","0","0","0","0","0","0","0","0","0","0","0","0","0","0","0","0","0","0","0","0",
"1600000US0629000","Garden Grove city, California","171949","64102","107847","103958","28172","1595","220","72524","759","688","3889","3526","306","605","1691","142","374","31","118","16","25","20","4","5","140","47","2","332","49","55","5","8","57","4","4","112","15","0","2","0","2","8","0","2","5","3","0","1","28","7","1","1","2","3","0","11","1","0","1","0","0","0","1","0","3","0","3","0","0","0","0","0","0",
"1600000US0629070","Garey CDP, California","72","18","54","48","45","0","1","1","0","1","6","6","0","4","2","0","0","0","0","0","0","0","0","0","0","0","0","0","0","0","0","0","0","0","0","0","0","0","0","0","0","0","0","0","0","0","0","0","0","0","0","0","0","0","0","0","0","0","0","0","0","0","0","0","0","0","0","0","0","0","0","0","0",
"1600000US0629112","Garnet CDP, California","7118","5456","1662","1554","1186","227","15","94","10","22","108","83","13","29","17","1","8","3","4","0","8","0","0","0","0","0","0","25","5","5","0","2","0","1","3","6","1","0","1","0","0","1","0","0","0","0","0","0","0","0","0","0","0","0","0","0","0","0","0","0","0","0","0","0","0","0","0","0","0","0","0","0","0",
"1600000US0629154","Gasquet CDP, California","657","43","614","557","509","5","36","4","0","3","57","56","1","35","0","0","19","0","0","0","1","0","0","0","0","0","0","1","0","0","0","0","0","0","0","0","0","0","0","0","1","0","0","0","0","0","0","0","0","0","0","0","0","0","0","0","0","0","0","0","0","0","0","0","0","0","0","0","0","0","0","0","0",
"1600000US0629252","Gazelle CDP, California","95","7","88","79","78","0","0","1","0","0","9","9","3","6","0","0","0","0","0","0","0","0","0","0","0","0","0","0","0","0","0","0","0","0","0","0","0","0","0","0","0","0","0","0","0","0","0","0","0","0","0","0","0","0","0","0","0","0","0","0","0","0","0","0","0","0","0","0","0","0","0","0","0",
"1600000US0629350","Georgetown CDP, California","2255","232","2023","1878","1783","40","27","10","3","15","145","139","11","44","10","2","71","0","0","0","0","0","0","0","1","0","0","6","0","1","0","1","0","0","0","4","0","0","0","0","0","0","0","0","0","0","0","0","0","0","0","0","0","0","0","0","0","0","0","0","0","0","0","0","0","0","0","0","0","0","0","0","0",
"1600000US0629392","Gerber CDP, California","1044","582","462","428","376","9","30","8","1","4","34","29","2","12","6","1","5","3","0","0","0","0","0","0","0","0","0","5","3","0","0","0","0","0","0","1","0","0","0","0","0","0","0","0","0","0","0","1","0","0","0","0","0","0","0","0","0","0","0","0","0","0","0","0","0","0","0","0","0","0","0","0","0",
"1600000US0629420","Geyserville CDP, California","861","342","519","478","444","4","4","18","2","6","41","35","0","19","8","0","7","0","0","0","0","0","0","0","1","0","0","5","2","0","0","0","0","0","0","3","0","0","0","0","0","0","0","0","0","0","0","0","1","1","0","0","0","0","0","0","0","0","0","0","0","0","0","0","0","0","0","0","0","0","0","0","0",
"1600000US0629504","Gilroy city, California","59520","33650","25870","23597","15770","1174","144","6046","140","323","2273","2089","286","377","864","66","290","23","57","1","14","21","5","3","57","25","0","171","26","29","5","6","29","1","6","49","10","0","3","0","0","3","3","0","0","0","0","1","12","5","0","0","3","0","0","4","0","0","0","0","0","0","0","0","1","0","0","0","0","0","1","0","0",
"1600000US0630000","Glendale city, California","196543","33575","162968","156377","122519","3365","203","29461","120","709","6591","6216","625","510","3582","91","825","37","142","12","85","30","1","8","216","49","3","310","69","73","8","30","25","3","7","49","11","1","5","4","8","9","3","4","1","0","0","0","60","29","2","12","10","3","0","1","0","0","2","0","1","0","0","0","3","2","1","0","0","0","0","2","2",
"1600000US0630014","Glendora city, California","52558","19017","33541","31479","23384","1021","120","6656","24","274","2062","1912","238","335","850","37","322","6","36","1","22","7","4","0","45","9","0","135","21","28","0","9","10","0","5","50","1","2","2","0","1","4","2","0","0","0","0","0","15","2","1","0","1","0","0","11","0","0","0","0","0","0","0","0","0","0","0","0","0","0","0","0","0",
"1600000US0630028","Glen Ellen CDP, California","714","91","623","589","553","2","7","22","2","3","34","34","0","12","8","6","8","0","0","0","0","0","0","0","0","0","0","0","0","0","0","0","0","0","0","0","0","0","0","0","0","0","0","0","0","0","0","0","0","0","0","0","0","0","0","0","0","0","0","0","0","0","0","0","0","0","0","0","0","0","0","0","0",
"1600000US0630126","Glennville CDP, California","158","4","154","152","140","0","6","3","0","3","2","2","0","2","0","0","0","0","0","0","0","0","0","0","0","0","0","0","0","0","0","0","0","0","0","0","0","0","0","0","0","0","0","0","0","0","0","0","0","0","0","0","0","0","0","0","0","0","0","0","0","0","0","0","0","0","0","0","0","0","0","0","0",
"1600000US0630282","Golden Hills CDP, California","9578","2332","7246","6700","6274","130","79","129","11","77","546","520","54","236","98","5","106","1","5","3","1","2","0","0","8","0","1","25","6","9","2","0","3","0","0","4","0","0","0","0","0","0","0","1","0","0","0","0","1","0","0","0","0","1","0","0","0","0","0","0","0","0","0","0","0","0","0","0","0","0","0","0","0",
"1600000US0630339","Gold Mountain CDP, California","73","2","71","70","69","0","0","0","1","0","1","1","0","1","0","0","0","0","0","0","0","0","0","0","0","0","0","0","0","0","0","0","0","0","0","0","0","0","0","0","0","0","0","0","0","0","0","0","0","0","0","0","0","0","0","0","0","0","0","0","0","0","0","0","0","0","0","0","0","0","0","0","0",
"1600000US0630345","Gold River CDP, California","7844","657","7187","6732","5055","188","13","1427","22","27","455","421","41","76","183","5","87","2","12","3","1","3","2","2","3","1","0","30","6","6","1","0","8","1","0","4","0","0","2","0","1","1","0","0","0","0","0","0","4","0","0","1","2","0","0","0","0","0","0","1","0","0","0","0","0","0","0","0","0","0","0","0","0",
"1600000US0630378","Goleta city, California","32690","11552","21138","19694","15076","474","69","3908","12","155","1444","1375","162","228","609","21","277","9","14","0","16","4","0","1","22","12","0","66","13","10","1","3","9","1","2","23","2","0","0","0","0","0","0","1","0","0","0","1","3","0","0","1","0","2","0","0","0","0","0","0","0","0","0","0","0","0","0","0","0","0","0","0","0",
"1600000US0630392","Gonzales city, California","8647","7945","702","625","412","25","26","127","9","26","77","73","8","15","36","3","6","1","1","1","0","0","0","0","1","1","0","2","0","1","0","0","1","0","0","0","0","0","0","0","0","0","0","0","0","0","0","0","2","0","0","2","0","0","0","0","0","0","0","0","0","0","0","0","0","0","0","0","0","0","0","0","0",
"1600000US0630410","Good Hope CDP, California","9468","8161","1307","1182","731","347","17","50","3","34","125","109","21","14","14","8","20","3","9","3","12","0","0","2","3","0","0","16","3","1","0","1","0","0","1","1","1","0","2","0","0","6","0","0","0","0","0","0","0","0","0","0","0","0","0","0","0","0","0","0","0","0","0","0","0","0","0","0","0","0","0","0","0",
"1600000US0630412","Goodmanville CDP, California","121","14","107","104","98","1","1","4","0","0","3","3","0","2","1","0","0","0","0","0","0","0","0","0","0","0","0","0","0","0","0","0","0","0","0","0","0","0","0","0","0","0","0","0","0","0","0","0","0","0","0","0","0","0","0","0","0","0","0","0","0","0","0","0","0","0","0","0","0","0","0","0","0",
"1600000US0630420","Goodyears Bar CDP, California","69","7","62","61","59","0","2","0","0","0","1","0","0","0","0","0","0","0","0","0","0","0","0","0","0","0","0","1","0","0","0","0","0","0","0","0","0","0","0","0","0","0","0","0","0","0","0","1","0","0","0","0","0","0","0","0","0","0","0","0","0","0","0","0","0","0","0","0","0","0","0","0","0",
"1600000US0630476","Goshen CDP, California","4968","3862","1106","1017","436","48","16","475","3","39","89","83","18","37","12","0","7","0","2","1","2","0","0","0","0","4","0","5","3","0","0","0","1","1","0","0","0","0","0","0","0","0","0","0","0","0","0","0","1","1","0","0","0","0","0","0","0","0","0","0","0","0","0","0","0","0","0","0","0","0","0","0","0",
"1600000US0630560","Graeagle CDP, California","724","31","693","678","659","3","5","3","0","8","15","13","1","7","0","0","4","1","0","0","0","0","0","0","0","0","0","1","0","0","0","0","1","0","0","0","0","0","0","0","0","0","0","0","0","0","0","0","0","0","0","0","0","0","0","0","0","0","0","0","0","0","0","0","0","0","0","0","0","0","0","1","1",
"1600000US0630658","Grand Terrace city, California","13150","6297","6853","6367","4497","828","47","813","40","142","486","456","88","90","132","20","77","13","15","6","15","0","0","0","0","0","0","29","7","0","0","6","0","0","2","7","1","0","1","0","1","0","4","0","0","0","0","0","1","0","0","0","0","0","0","0","0","0","1","0","0","0","0","0","0","0","0","0","0","0","0","0","0",
"1600000US0630686","Grangeville CDP, California","508","171","337","323","277","7","4","20","0","15","14","14","0","9","1","2","1","0","1","0","0","0","0","0","0","0","0","0","0","0","0","0","0","0","0","0","0","0","0","0","0","0","0","0","0","0","0","0","0","0","0","0","0","0","0","0","0","0","0","0","0","0","0","0","0","0","0","0","0","0","0","0","0",
"1600000US0630693","Granite Bay CDP, California","21247","1901","19346","18068","15801","188","77","1870","24","108","1278","1206","73","255","528","39","274","11","8","0","3","2","0","0","9","2","2","68","2","6","0","4","15","7","2","31","0","0","1","0","0","0","0","0","0","0","0","0","4","2","0","0","0","0","0","2","0","0","0","0","0","0","0","0","0","0","0","0","0","0","0","0","0",
"1600000US0630703","Granite Hills CDP, California","3267","633","2634","2464","2309","36","8","82","13","16","170","156","8","38","42","10","50","0","2","0","2","0","0","0","4","0","0","14","5","2","0","2","0","0","0","3","0","0","0","0","0","2","0","0","0","0","0","0","0","0","0","0","0","0","0","0","0","0","0","0","0","0","0","0","0","0","0","0","0","0","0","0","0",
"1600000US0630714","Graniteville CDP, California","1","0","1","1","1","0","0","0","0","0","0","0","0","0","0","0","0","0","0","0","0","0","0","0","0","0","0","0","0","0","0","0","0","0","0","0","0","0","0","0","0","0","0","0","0","0","0","0","0","0","0","0","0","0","0","0","0","0","0","0","0","0","0","0","0","0","0","0","0","0","0","0","0",
"1600000US0630798","Grass Valley city, California","14016","1728","12288","11383","10857","81","111","225","15","94","905","850","97","424","117","20","178","3","0","0","0","0","0","0","11","0","0","49","10","3","0","0","13","5","3","13","1","0","1","0","0","0","0","0","0","0","0","0","4","0","0","2","1","0","0","0","0","0","0","1","0","0","0","0","2","0","0","0","2","0","0","0","0",
"1600000US0630812","Graton CDP, California","1683","298","1385","1266","1203","9","6","25","2","21","119","110","14","36","30","0","25","0","1","0","0","0","0","0","4","0","0","9","2","0","0","0","0","0","0","7","0","0","0","0","0","0","0","0","0","0","0","0","0","0","0","0","0","0","0","0","0","0","0","0","0","0","0","0","0","0","0","0","0","0","0","0","0",
"1600000US0630882","Grayson CDP, California","1041","928","113","104","71","22","3","7","1","0","9","6","1","0","4","0","1","0","0","0","0","0","0","0","0","0","0","3","0","0","0","0","3","0","0","0","0","0","0","0","0","0","0","0","0","0","0","0","0","0","0","0","0","0","0","0","0","0","0","0","0","0","0","0","0","0","0","0","0","0","0","0","0",
"1600000US0630900","Greeley Hill CDP, California","927","114","813","753","730","6","9","3","1","4","60","59","2","34","4","0","19","0","0","0","0","0","0","0","0","0","0","0","0","0","0","0","0","0","0","0","0","0","0","0","0","0","0","0","0","0","0","0","0","0","0","0","0","0","0","0","0","0","0","0","0","0","0","0","1","1","0","0","0","0","0","0","0",
"1600000US0630938","Greenacres CDP, California","5496","1467","4029","3715","3450","74","53","106","6","26","314","296","28","157","43","6","48","5","3","0","0","0","0","1","5","0","0","15","3","2","2","0","3","0","2","3","0","0","0","0","0","0","0","0","0","0","0","0","3","2","1","0","0","0","0","0","0","0","0","0","0","0","0","0","0","0","0","0","0","0","0","0","0",
"1600000US0630944","Green Acres CDP, California","2918","1754","1164","1053","821","110","12","89","2","19","111","105","23","23","22","8","12","2","9","2","4","0","0","0","0","0","0","5","0","1","0","4","0","0","0","0","0","0","0","0","0","0","0","0","0","0","0","0","1","1","0","0","0","0","0","0","0","0","0","0","0","0","0","0","0","0","0","0","0","0","0","0","0",
"1600000US0630987","Greenfield CDP, California","3447","2470","977","901","773","76","11","29","2","10","76","70","4","34","8","4","13","3","1","0","1","1","0","0","0","1","0","5","1","1","0","0","0","0","1","2","0","0","0","0","0","0","0","0","0","0","0","0","1","0","0","0","0","0","0","1","0","0","0","0","0","0","0","0","0","0","0","0","0","0","0","0","0",
"1600000US0630994","Greenfield city, California","18937","17804","1133","975","616","69","30","175","11","74","158","134","32","26","21","0","22","9","4","0","1","2","0","6","5","2","4","21","0","3","0","0","3","0","1","12","0","1","0","0","0","0","0","0","0","0","0","1","2","1","0","0","1","0","0","0","0","0","0","0","0","0","0","0","1","1","0","0","0","0","0","0","0",
"1600000US0631029","Greenhorn CDP, California","247","22","225","218","207","0","7","2","0","2","7","7","0","6","0","0","1","0","0","0","0","0","0","0","0","0","0","0","0","0","0","0","0","0","0","0","0","0","0","0","0","0","0","0","0","0","0","0","0","0","0","0","0","0","0","0","0","0","0","0","0","0","0","0","0","0","0","0","0","0","0","0","0",
"1600000US0631092","Green Valley CDP (Los Angeles County), California","1036","183","853","792","763","8","5","13","2","1","61","56","11","25","9","0","11","0","0","0","0","0","0","0","0","0","0","4","0","2","0","2","0","0","0","0","0","0","0","0","0","0","0","0","0","0","0","0","1","1","0","0","0","0","0","0","0","0","0","0","0","0","0","0","0","0","0","0","0","0","0","0","0",
"1600000US0631099","Green Valley CDP (Solano County), California","1654","168","1486","1403","1252","37","4","100","4","6","83","76","4","13","41","5","13","0","0","0","0","0","0","0","0","0","0","5","0","2","0","0","1","0","0","0","0","0","0","0","0","1","0","0","0","0","0","1","2","0","0","0","0","0","0","1","0","0","0","1","0","0","0","0","0","0","0","0","0","0","0","0","0",
"1600000US0631134","Greenview CDP, California","208","22","186","164","159","1","2","0","0","2","22","22","1","19","0","0","2","0","0","0","0","0","0","0","0","0","0","0","0","0","0","0","0","0","0","0","0","0","0","0","0","0","0","0","0","0","0","0","0","0","0","0","0","0","0","0","0","0","0","0","0","0","0","0","0","0","0","0","0","0","0","0","0",
"1600000US0631162","Greenville CDP, California","1026","89","937","861","752","7","90","2","1","9","76","71","3","51","0","1","13","0","0","0","0","0","0","0","0","0","3","5","0","0","0","0","0","0","0","2","0","0","2","0","1","0","0","0","0","0","0","0","0","0","0","0","0","0","0","0","0","0","0","0","0","0","0","0","0","0","0","0","0","0","0","0","0",
"1600000US0631246","Grenada CDP, California","314","24","290","259","240","5","5","4","0","5","31","29","1","21","2","0","5","0","0","0","0","0","0","0","0","0","0","1","1","0","0","0","0","0","0","0","0","0","0","0","0","0","0","0","0","0","0","0","1","0","0","0","1","0","0","0","0","0","0","0","0","0","0","0","0","0","0","0","0","0","0","0","0",
"1600000US0631260","Gridley city, California","7421","3633","3788","3488","3035","55","71","285","9","33","300","281","28","138","46","5","54","1","0","1","0","5","0","0","3","0","0","19","10","2","0","0","1","1","1","3","0","0","0","0","0","0","0","0","1","0","0","0","0","0","0","0","0","0","0","0","0","0","0","0","0","0","0","0","0","0","0","0","0","0","0","0","0",
"1600000US0631288","Grimes CDP, California","296","196","100","92","88","1","1","1","0","1","8","7","0","3","1","0","2","0","0","0","0","0","0","0","1","0","0","1","1","0","0","0","0","0","0","0","0","0","0","0","0","0","0","0","0","0","0","0","0","0","0","0","0","0","0","0","0","0","0","0","0","0","0","0","0","0","0","0","0","0","0","0","0",
"1600000US0631302","Grizzly Flats CDP, California","1093","99","994","907","868","3","17","13","0","6","87","79","7","33","8","1","29","0","1","0","0","0","0","0","0","0","0","8","6","0","0","2","0","0","0","0","0","0","0","0","0","0","0","0","0","0","0","0","0","0","0","0","0","0","0","0","0","0","0","0","0","0","0","0","0","0","0","0","0","0","0","0","0",
"1600000US0631372","Groveland CDP, California","540","44","496","450","441","1","4","3","0","1","46","44","1","18","0","1","20","2","0","0","0","0","0","0","2","0","0","1","0","0","0","0","0","0","0","1","0","0","0","0","0","0","0","0","0","0","0","0","1","0","1","0","0","0","0","0","0","0","0","0","0","0","0","0","0","0","0","0","0","0","0","0","0",
"1600000US0631393","Grover Beach city, California","12701","3979","8722","8057","7237","134","66","518","18","84","665","618","49","220","170","14","127","3","6","0","0","3","0","0","22","4","0","42","10","1","0","0","10","1","0","17","0","1","0","0","0","1","0","0","1","0","0","0","5","0","0","1","1","0","0","3","0","0","0","0","0","0","0","0","0","0","0","0","0","0","0","0","0",
"1600000US0631414","Guadalupe city, California","8057","7098","959","862","599","37","42","171","2","11","97","86","8","20","31","1","10","1","3","0","1","0","0","1","10","0","0","11","3","0","0","0","2","0","0","0","2","0","2","0","0","0","0","1","0","0","0","1","0","0","0","0","0","0","0","0","0","0","0","0","0","0","0","0","0","0","0","0","0","0","0","0","0",
"1600000US0631470","Guerneville CDP, California","4552","723","3829","3535","3333","59","57","44","1","41","294","273","28","121","45","10","59","0","2","0","1","0","1","1","4","1","0","19","6","1","0","3","3","0","0","2","2","0","0","0","0","0","0","0","2","0","0","0","1","1","0","0","0","0","0","0","0","0","0","0","0","0","0","0","1","1","0","0","0","0","0","0","0",
"1600000US0631540","Guinda CDP, California","245","67","178","170","157","10","0","0","0","3","8","7","0","3","1","0","3","0","0","0","0","0","0","0","0","0","0","1","0","0","0","0","0","0","0","1","0","0","0","0","0","0","0","0","0","0","0","0","0","0","0","0","0","0","0","0","0","0","0","0","0","0","0","0","0","0","0","0","0","0","0","0","0",
"1600000US0631568","Gustine city, California","6110","3811","2299","2151","2006","21","6","85","2","31","148","146","12","58","15","9","46","0","1","0","0","2","0","0","3","0","0","2","0","0","0","0","0","1","0","1","0","0","0","0","0","0","0","0","0","0","0","0","0","0","0","0","0","0","0","0","0","0","0","0","0","0","0","0","0","0","0","0","0","0","0","0","0",
"1600000US0631596","Hacienda Heights CDP, California","54191","24354","29837","28973","5830","530","95","22287","59","172","864","786","64","88","346","21","65","12","38","2","10","6","2","2","112","17","1","67","14","8","2","4","4","1","1","12","9","0","4","2","1","2","1","2","0","0","0","0","10","4","0","3","0","0","0","2","1","0","0","0","0","0","0","0","1","1","0","0","0","0","0","0","0",
"1600000US0631708","Half Moon Bay city, California","11795","3504","8291","7797","6948","78","15","699","15","42","494","474","33","89","216","20","105","5","3","0","0","0","0","0","2","0","1","20","4","0","0","6","4","0","0","4","0","0","0","0","0","2","0","0","0","0","0","0","0","0","0","0","0","0","0","0","0","0","0","0","0","0","0","0","0","0","0","0","0","0","0","0","0",
"1600000US0631883","Hamilton Branch CDP, California","505","36","469","446","436","2","4","1","0","3","23","22","0","12","2","0","7","0","0","0","0","0","0","0","0","0","1","1","0","0","0","0","0","0","0","0","1","0","0","0","0","0","0","0","0","0","0","0","0","0","0","0","0","0","0","0","0","0","0","0","0","0","0","0","0","0","0","0","0","0","0","0","0",
"1600000US0631890","Hamilton City CDP, California","2263","1990","273","248","171","16","10","44","2","5","25","24","2","9","7","0","3","0","0","0","0","2","0","0","1","0","0","1","0","0","0","1","0","0","0","0","0","0","0","0","0","0","0","0","0","0","0","0","0","0","0","0","0","0","0","0","0","0","0","0","0","0","0","0","0","0","0","0","0","0","0","0","0",
"1600000US0631960","Hanford city, California","57990","30763","27227","25095","19608","2423","365","2307","87","305","2132","1982","413","549","507","58","303","22","52","7","14","10","2","3","24","16","2","131","42","21","6","1","20","7","2","21","4","0","3","0","2","1","0","0","1","0","0","0","18","1","2","1","0","2","0","4","2","2","4","0","0","0","0","0","0","0","0","0","0","0","0","1","1",
"1600000US0632030","Happy Camp CDP, California","905","73","832","756","465","4","266","2","1","18","76","70","1","58","2","2","5","1","0","0","0","0","1","0","0","0","0","6","4","0","0","0","0","2","0","0","0","0","0","0","0","0","0","0","0","0","0","0","0","0","0","0","0","0","0","0","0","0","0","0","0","0","0","0","0","0","0","0","0","0","0","0","0",
"1600000US0632036","Happy Valley CDP, California","4949","539","4410","4104","3706","25","124","209","10","30","306","282","35","160","27","0","57","1","0","0","2","0","0","0","0","0","0","18","8","0","0","3","0","0","0","6","0","0","0","0","0","0","0","0","0","0","0","1","6","3","0","0","0","0","0","0","0","0","3","0","0","0","0","0","0","0","0","0","0","0","0","0","0",
"1600000US0632044","Harbison Canyon CDP, California","4048","829","3219","2998","2838","35","40","68","4","13","221","195","19","66","64","6","34","5","1","0","0","0","0","0","0","0","0","21","2","0","0","0","8","1","2","8","0","0","0","0","0","0","0","0","0","0","0","0","5","3","0","2","0","0","0","0","0","0","0","0","0","0","0","0","0","0","0","0","0","0","0","0","0",
"1600000US0632156","Hardwick CDP, California","151","118","33","31","26","5","0","0","0","0","2","1","0","1","0","0","0","0","0","0","0","0","0","0","0","0","0","0","0","0","0","0","0","0","0","0","0","0","0","0","0","0","0","0","0","0","0","0","1","0","0","0","0","0","0","0","0","0","1","0","0","0","0","0","0","0","0","0","0","0","0","0","0",
"1600000US0632212","Harmony Grove CDP, California","2079","328","1751","1596","1087","58","4","427","2","18","155","143","16","13","82","7","14","2","1","0","0","0","0","0","5","3","0","12","4","5","0","0","0","0","0","2","0","0","1","0","0","0","0","0","0","0","0","0","0","0","0","0","0","0","0","0","0","0","0","0","0","0","0","0","0","0","0","0","0","0","0","0","0",
"1600000US0632324","Hartland CDP, California","69","0","69","69","69","0","0","0","0","0","0","0","0","0","0","0","0","0","0","0","0","0","0","0","0","0","0","0","0","0","0","0","0","0","0","0","0","0","0","0","0","0","0","0","0","0","0","0","0","0","0","0","0","0","0","0","0","0","0","0","0","0","0","0","0","0","0","0","0","0","0","0","0",
"1600000US0632340","Hartley CDP, California","2430","580","1850","1690","1501","61","11","92","8","17","160","153","8","51","59","4","20","4","1","0","4","0","0","0","2","0","0","5","0","1","2","2","0","0","0","0","0","0","0","0","0","0","0","0","0","0","0","0","0","0","0","0","0","0","0","0","0","0","0","0","0","0","0","0","2","0","2","0","0","0","0","0","0",
"1600000US0632385","Hasley Canyon CDP, California","1195","367","828","772","746","9","2","12","1","2","56","50","2","9","14","5","13","0","0","0","2","3","0","0","2","0","0","6","2","1","0","0","0","0","0","1","0","0","2","0","0","0","0","0","0","0","0","0","0","0","0","0","0","0","0","0","0","0","0","0","0","0","0","0","0","0","0","0","0","0","0","0","0",
"1600000US0632408","Hat Creek CDP, California","266","30","236","223","176","0","37","2","5","3","13","13","0","8","2","0","2","0","0","0","0","1","0","0","0","0","0","0","0","0","0","0","0","0","0","0","0","0","0","0","0","0","0","0","0","0","0","0","0","0","0","0","0","0","0","0","0","0","0","0","0","0","0","0","0","0","0","0","0","0","0","0","0",
"1600000US0632506","Hawaiian Gardens city, California","14149","10858","3291","3164","773","550","18","1732","35","56","127","106","7","13","39","5","11","12","6","1","7","0","0","1","1","3","0","15","2","2","0","0","0","0","0","7","2","0","2","0","0","0","0","0","0","0","0","0","6","6","0","0","0","0","0","0","0","0","0","0","0","0","0","0","0","0","0","0","0","0","0","0","0",
"1600000US0632548","Hawthorne city, California","88083","47310","40773","38046","9147","20763","128","6552","683","773","2727","2443","533","153","587","40","227","198","172","27","355","26","5","13","82","21","4","262","92","41","1","35","18","0","7","42","7","0","6","1","2","3","3","1","1","1","0","1","19","6","0","10","0","0","0","1","0","0","0","0","2","0","0","0","3","2","0","1","0","0","0","0","0",
"1600000US0632562","Hayfork CDP, California","2324","151","2173","2030","1693","5","83","236","3","10","143","124","1","85","9","10","18","0","0","0","0","0","0","0","1","0","0","19","3","0","0","0","4","0","12","0","0","0","0","0","0","0","0","0","0","0","0","0","0","0","0","0","0","0","0","0","0","0","0","0","0","0","0","0","0","0","0","0","0","0","0","0","0",
"1600000US0633000","Hayward city, California","162954","67079","95875","89268","21436","14003","346","47655","4915","913","6607","5890","769","485","2198","193","377","170","360","76","107","60","11","4","670","119","291","644","139","114","19","37","62","5","8","162","27","2","13","1","11","20","5","2","4","2","0","11","63","26","5","8","6","4","0","7","2","0","4","1","0","0","0","0","10","4","4","1","1","0","0","0","0",
"1600000US0633056","Healdsburg city, California","11340","3925","7415","6981","6635","51","59","164","12","60","434","413","47","99","136","10","112","1","2","1","0","0","0","0","1","4","0","18","5","2","0","0","1","1","0","5","0","0","3","1","0","0","0","0","0","0","0","0","1","0","0","0","1","0","0","0","0","0","0","0","0","0","0","0","2","0","2","0","0","0","0","0","0",
"1600000US0633084","Heber CDP, California","6896","6713","183","170","123","12","6","22","1","6","13","11","5","4","1","0","0","0","0","0","0","0","0","0","0","1","0","2","0","0","0","0","0","0","0","0","1","0","0","0","0","0","0","0","0","0","0","1","0","0","0","0","0","0","0","0","0","0","0","0","0","0","0","0","0","0","0","0","0","0","0","0","0",
"1600000US0633182","Hemet city, California","89833","40796","49037","45555","33051","8285","537","2914","345","423","3482","3199","820","849","524","89","456","105","111","24","105","8","6","5","78","15","4","253","93","43","2","29","26","6","4","32","4","0","4","3","3","2","1","0","0","0","0","1","24","12","4","6","0","0","0","2","0","0","0","0","0","0","0","0","6","0","6","0","0","0","0","0","0",
"1600000US0633294","Herald CDP, California","1160","322","838","767","681","23","8","45","3","7","71","66","9","19","7","9","16","0","0","6","0","0","0","0","0","0","0","5","1","0","0","0","2","0","0","1","0","0","1","0","0","0","0","0","0","0","0","0","0","0","0","0","0","0","0","0","0","0","0","0","0","0","0","0","0","0","0","0","0","0","0","0","0",
"1600000US0633308","Hercules city, California","26016","4320","21696","20201","3688","4084","27","12037","141","224","1495","1333","230","59","524","16","101","59","166","12","35","16","6","0","93","12","4","148","38","36","8","8","28","2","1","17","0","0","5","0","0","4","0","0","1","0","0","0","9","7","0","1","1","0","0","0","0","0","0","0","0","0","0","0","5","3","1","1","0","0","0","0","0",
"1600000US0633336","Herlong CDP, California","237","8","229","220","186","18","15","1","0","0","9","7","0","1","3","0","0","0","0","0","1","2","0","0","0","0","0","2","1","0","0","0","0","1","0","0","0","0","0","0","0","0","0","0","0","0","0","0","0","0","0","0","0","0","0","0","0","0","0","0","0","0","0","0","0","0","0","0","0","0","0","0","0",
"1600000US0633364","Hermosa Beach city, California","19728","2064","17664","16332","14563","195","31","1371","20","152","1332","1272","103","138","700","20","272","6","6","1","12","3","2","0","5","4","0","56","19","11","0","0","6","0","0","15","2","0","0","0","3","0","0","0","0","0","0","0","4","2","0","2","0","0","0","0","0","0","0","0","0","0","0","0","0","0","0","0","0","0","0","0","0",
"1600000US0633434","Hesperia city, California","99818","58648","41170","38089","29444","5255","427","2193","205","565","3081","2832","638","815","501","107","517","62","42","15","68","5","3","12","42","5","0","230","94","48","4","23","9","4","3","38","3","0","0","0","0","0","1","2","1","0","0","0","18","2","1","7","0","4","0","4","0","0","0","0","0","0","0","0","1","0","1","0","0","0","0","0","0",
"1600000US0633504","Hickman CDP, California","604","219","385","361","348","0","2","8","0","3","24","22","0","10","2","1","8","0","0","0","0","0","0","0","1","0","0","2","1","0","0","0","0","0","0","1","0","0","0","0","0","0","0","0","0","0","0","0","0","0","0","0","0","0","0","0","0","0","0","0","0","0","0","0","0","0","0","0","0","0","0","0","0",
"1600000US0633518","Hidden Hills city, California","1725","117","1608","1523","1393","32","3","75","0","20","85","81","15","2","28","6","26","1","0","0","1","0","0","0","2","0","0","1","0","0","1","0","0","0","0","0","0","0","0","0","0","0","0","0","0","0","0","0","3","1","0","0","1","0","0","0","0","0","0","0","0","1","0","0","0","0","0","0","0","0","0","0","0",
"1600000US0633532","Hidden Meadows CDP, California","4484","594","3890","3634","3176","81","13","343","5","16","256","237","21","64","82","7","37","8","2","3","2","0","0","0","9","2","0","16","5","1","1","2","0","2","2","3","0","0","0","0","0","0","0","0","0","0","0","0","3","1","2","0","0","0","0","0","0","0","0","0","0","0","0","0","0","0","0","0","0","0","0","0","0",
"1600000US0633549","Hidden Valley Lake CDP, California","6235","1097","5138","4696","4442","65","40","103","14","32","442","427","40","191","61","8","115","2","5","0","0","2","0","0","2","1","0","13","1","2","0","0","5","0","1","2","0","0","0","0","0","0","0","0","2","0","0","0","2","1","0","0","0","1","0","0","0","0","0","0","0","0","0","0","0","0","0","0","0","0","0","0","0",
"1600000US0633574","Highgrove CDP, California","7515","4482","3033","2808","1500","452","25","763","20","48","225","203","42","26","54","13","17","3","17","8","6","3","0","0","14","0","0","15","5","0","0","0","4","0","0","6","0","0","0","0","0","0","0","0","0","0","0","0","7","4","3","0","0","0","0","0","0","0","0","0","0","0","0","0","0","0","0","0","0","0","0","0","0",
"1600000US0633588","Highland city, California","56999","31624","25375","23487","13300","5046","178","4580","145","238","1888","1736","454","313","463","32","195","82","72","17","45","8","0","2","40","13","0","141","52","31","2","7","6","1","8","26","1","1","1","0","0","2","2","1","0","0","0","0","10","6","0","2","2","0","0","0","0","0","0","0","0","0","0","0","1","1","0","0","0","0","0","0","0",
"1600000US0633632","Highlands CDP, California","2359","149","2210","1993","1239","20","0","720","10","4","217","202","20","25","126","0","18","0","1","0","1","1","0","0","7","3","0","14","4","6","1","2","0","0","0","0","0","0","1","0","0","0","0","0","0","0","0","0","1","0","0","1","0","0","0","0","0","0","0","0","0","0","0","0","0","0","0","0","0","0","0","0","0",
"1600000US0633689","Hillcrest CDP, California","10528","8447","2081","1922","1434","315","64","48","15","46","159","144","29","39","40","1","20","0","2","0","4","3","0","0","2","4","0","14","2","2","1","4","0","0","1","3","0","0","0","0","0","1","0","0","0","0","0","0","1","0","0","1","0","0","0","0","0","0","0","0","0","0","0","0","0","0","0","0","0","0","0","0","0",
"1600000US0633798","Hillsborough town, California","11387","531","10856","10214","6165","43","1","3927","29","49","642","625","35","24","444","7","98","0","8","0","0","0","0","0","5","4","0","15","1","2","0","2","8","0","0","2","0","0","0","0","0","0","0","0","0","0","0","0","2","2","0","0","0","0","0","0","0","0","0","0","0","0","0","0","0","0","0","0","0","0","0","0","0",
"1600000US0633861","Hilmar-Irwin CDP, California","5164","1099","4065","3876","3759","4","31","69","2","11","189","181","11","77","35","2","51","0","0","0","1","4","0","0","0","0","0","8","2","3","0","0","1","0","0","2","0","0","0","0","0","0","0","0","0","0","0","0","0","0","0","0","0","0","0","0","0","0","0","0","0","0","0","0","0","0","0","0","0","0","0","0","0",
"1600000US0633935","Hiouchi CDP, California","314","16","298","282","260","3","12","4","0","3","16","16","1","7","2","0","6","0","0","0","0","0","0","0","0","0","0","0","0","0","0","0","0","0","0","0","0","0","0","0","0","0","0","0","0","0","0","0","0","0","0","0","0","0","0","0","0","0","0","0","0","0","0","0","0","0","0","0","0","0","0","0","0",
"1600000US0634120","Hollister city, California","41678","28727","12951","11888","9606","327","126","1535","87","207","1063","966","115","229","346","32","155","5","7","1","2","11","3","3","49","6","2","89","12","5","1","12","12","0","4","34","1","0","0","0","0","0","1","0","7","0","0","0","6","2","0","0","0","0","0","4","0","0","0","0","0","0","0","0","1","0","0","0","1","0","0","1","1",
"1600000US0634246","Holtville city, California","5605","4763","842","776","726","21","4","11","1","13","66","64","5","35","9","0","13","1","1","0","0","0","0","0","0","0","0","2","2","0","0","0","0","0","0","0","0","0","0","0","0","0","0","0","0","0","0","0","0","0","0","0","0","0","0","0","0","0","0","0","0","0","0","0","0","0","0","0","0","0","0","0","0",
"1600000US0634281","Home Garden CDP, California","1653","1210","443","391","178","158","1","41","3","10","52","46","13","14","3","0","5","7","2","0","0","2","0","0","0","0","0","6","0","6","0","0","0","0","0","0","0","0","0","0","0","0","0","0","0","0","0","0","0","0","0","0","0","0","0","0","0","0","0","0","0","0","0","0","0","0","0","0","0","0","0","0","0",
"1600000US0634302","Home Gardens CDP, California","11203","8355","2848","2665","1543","255","31","764","26","46","183","163","36","25","52","3","16","8","7","0","2","3","0","0","10","1","0","18","2","3","0","0","6","1","0","3","0","0","0","0","0","1","2","0","0","0","0","0","2","0","1","1","0","0","0","0","0","0","0","0","0","0","0","0","0","0","0","0","0","0","0","0","0",
"1600000US0634316","Homeland CDP, California","6772","4452","2320","2178","1936","96","36","85","4","21","142","135","11","67","23","2","18","0","1","3","1","1","0","0","8","0","0","7","0","4","0","0","2","0","0","1","0","0","0","0","0","0","0","0","0","0","0","0","0","0","0","0","0","0","0","0","0","0","0","0","0","0","0","0","0","0","0","0","0","0","0","0","0",
"1600000US0634392","Homestead Valley CDP, California","2789","562","2227","2083","1931","31","21","82","1","17","144","135","5","69","21","2","34","0","0","0","2","1","0","0","0","0","1","7","4","2","1","0","0","0","0","0","0","0","0","0","0","0","0","0","0","0","0","0","2","0","0","0","1","0","0","1","0","0","0","0","0","0","0","0","0","0","0","0","0","0","0","0","0",
"1600000US0634405","Homewood Canyon CDP, California","40","4","36","32","32","0","0","0","0","0","4","3","0","3","0","0","0","0","0","0","0","0","0","0","0","0","0","1","0","0","0","0","0","0","0","1","0","0","0","0","0","0","0","0","0","0","0","0","0","0","0","0","0","0","0","0","0","0","0","0","0","0","0","0","0","0","0","0","0","0","0","0","0",
"1600000US0634428","Honcut CDP, California","306","143","163","133","115","0","3","11","3","1","30","28","0","17","2","4","5","0","0","0","0","0","0","0","0","0","0","2","0","0","0","0","0","1","1","0","0","0","0","0","0","0","0","0","0","0","0","0","0","0","0","0","0","0","0","0","0","0","0","0","0","0","0","0","0","0","0","0","0","0","0","0","0",
"1600000US0634484","Hood CDP, California","244","133","111","109","91","0","10","3","1","4","2","2","0","1","0","0","0","0","0","0","1","0","0","0","0","0","0","0","0","0","0","0","0","0","0","0","0","0","0","0","0","0","0","0","0","0","0","0","0","0","0","0","0","0","0","0","0","0","0","0","0","0","0","0","0","0","0","0","0","0","0","0","0",
"1600000US0634540","Hoopa CDP, California","3167","130","3037","2871","260","1","2600","3","0","7","166","145","1","98","0","0","9","17","0","0","0","8","10","2","0","0","0","17","10","1","0","0","4","0","0","0","0","0","0","0","0","1","0","0","0","0","0","1","4","0","0","2","0","0","0","0","0","0","0","0","2","0","0","0","0","0","0","0","0","0","0","0","0",
"1600000US0634652","Hopland CDP, California","661","236","425","404","377","0","14","13","0","0","21","20","0","9","4","0","7","0","0","0","0","0","0","0","0","0","0","1","0","0","0","0","0","0","0","0","0","1","0","0","0","0","0","0","0","0","0","0","0","0","0","0","0","0","0","0","0","0","0","0","0","0","0","0","0","0","0","0","0","0","0","0","0",
"1600000US0634694","Hornbrook CDP, California","266","21","245","229","194","0","26","0","0","9","16","15","0","13","1","1","0","0","0","0","0","0","0","0","0","0","0","1","1","0","0","0","0","0","0","0","0","0","0","0","0","0","0","0","0","0","0","0","0","0","0","0","0","0","0","0","0","0","0","0","0","0","0","0","0","0","0","0","0","0","0","0","0",
"1600000US0634708","Hornitos CDP, California","38","7","31","30","28","0","2","0","0","0","1","1","0","0","0","0","0","0","0","0","0","0","0","0","0","1","0","0","0","0","0","0","0","0","0","0","0","0","0","0","0","0","0","0","0","0","0","0","0","0","0","0","0","0","0","0","0","0","0","0","0","0","0","0","0","0","0","0","0","0","0","0","0",
"1600000US0634904","Hughson city, California","7481","3367","4114","3837","3587","51","43","108","8","40","277","264","23","110","51","10","53","1","0","0","1","1","0","0","11","3","0","11","6","0","0","0","0","0","0","1","0","0","0","0","0","1","0","0","0","0","0","3","2","0","0","0","0","0","0","2","0","0","0","0","0","0","0","0","0","0","0","0","0","0","0","0","0",
"1600000US0634928","Humboldt Hill CDP, California","3498","482","3016","2754","2409","56","165","87","16","21","262","243","23","122","38","9","37","6","2","0","1","2","0","0","1","2","0","15","8","3","0","0","0","1","0","3","0","0","0","0","0","0","0","0","0","0","0","0","4","0","0","1","0","0","0","3","0","0","0","0","0","0","0","0","0","0","0","0","0","0","0","0","0",
"1600000US0636000","Huntington Beach city, California","198711","39457","159254","147777","117536","2111","443","25921","532","1234","11477","10792","923","2051","4787","365","2028","44","161","25","42","29","3","3","247","82","2","650","116","76","7","27","85","17","11","259","35","3","6","0","1","6","1","0","0","0","0","0","33","3","0","5","9","2","0","9","0","0","5","0","0","0","0","0","2","0","2","0","0","0","0","0","0",
"1600000US0636056","Huntington Park city, California","54883","52986","1897","1706","759","389","22","313","21","202","191","148","33","12","16","8","30","7","10","4","14","2","0","4","1","7","0","36","12","10","0","2","6","0","1","3","0","0","1","0","0","0","0","0","1","0","0","0","3","2","0","0","1","0","0","0","0","0","0","0","0","0","0","0","4","2","1","0","1","0","0","0","0",
"1600000US0636084","Huron city, California","6206","5937","269","248","153","29","11","47","0","8","21","17","3","1","3","0","6","0","2","1","0","0","0","0","0","1","0","4","3","0","1","0","0","0","0","0","0","0","0","0","0","0","0","0","0","0","0","0","0","0","0","0","0","0","0","0","0","0","0","0","0","0","0","0","0","0","0","0","0","0","0","0","0",
"1600000US0636098","Hyampom CDP, California","241","14","227","216","200","2","2","9","0","3","11","9","0","8","0","1","0","0","0","0","0","0","0","0","0","0","0","2","2","0","0","0","0","0","0","0","0","0","0","0","0","0","0","0","0","0","0","0","0","0","0","0","0","0","0","0","0","0","0","0","0","0","0","0","0","0","0","0","0","0","0","0","0",
"1600000US0636126","Hydesville CDP, California","1244","96","1148","1062","1031","7","15","4","0","5","86","83","2","46","5","6","21","0","1","0","0","0","0","0","1","1","0","3","3","0","0","0","0","0","0","0","0","0","0","0","0","0","0","0","0","0","0","0","0","0","0","0","0","0","0","0","0","0","0","0","0","0","0","0","0","0","0","0","0","0","0","0","0",
"1600000US0636135","Hypericum CDP, California","125","107","18","17","17","0","0","0","0","0","1","1","0","0","1","0","0","0","0","0","0","0","0","0","0","0","0","0","0","0","0","0","0","0","0","0","0","0","0","0","0","0","0","0","0","0","0","0","0","0","0","0","0","0","0","0","0","0","0","0","0","0","0","0","0","0","0","0","0","0","0","0","0",
"1600000US0636168","Idlewild CDP, California","32","0","32","32","31","0","1","0","0","0","0","0","0","0","0","0","0","0","0","0","0","0","0","0","0","0","0","0","0","0","0","0","0","0","0","0","0","0","0","0","0","0","0","0","0","0","0","0","0","0","0","0","0","0","0","0","0","0","0","0","0","0","0","0","0","0","0","0","0","0","0","0","0",
"1600000US0636203","Idyllwild-Pine Cove CDP, California","4163","715","3448","3288","3109","39","31","87","3","19","160","152","12","59","32","6","37","1","2","0","0","0","0","0","3","0","0","7","3","0","0","0","1","0","0","0","0","0","3","0","0","0","0","0","0","0","0","0","1","0","0","0","1","0","0","0","0","0","0","0","0","0","0","0","0","0","0","0","0","0","0","0","0",
"1600000US0636252","Igo CDP, California","103","6","97","83","78","1","3","0","1","0","14","14","2","6","0","0","6","0","0","0","0","0","0","0","0","0","0","0","0","0","0","0","0","0","0","0","0","0","0","0","0","0","0","0","0","0","0","0","0","0","0","0","0","0","0","0","0","0","0","0","0","0","0","0","0","0","0","0","0","0","0","0","0",
"1600000US0636280","Imperial city, California","20263","16757","3506","3300","2452","281","36","458","13","60","206","189","16","69","47","4","26","3","10","1","1","0","1","0","5","6","0","16","0","2","0","0","1","2","2","2","0","0","2","0","2","1","0","0","0","0","0","2","1","0","0","1","0","0","0","0","0","0","0","0","0","0","0","0","0","0","0","0","0","0","0","0","0",
"1600000US0636294","Imperial Beach city, California","26137","13369","12768","11419","8712","873","97","1500","118","119","1349","1222","186","207","475","73","140","16","60","1","12","0","0","0","47","4","1","116","14","24","1","3","4","2","4","42","5","0","10","1","0","5","1","0","0","0","0","0","10","5","0","2","2","0","0","1","0","0","0","0","0","0","0","0","1","1","0","0","0","0","0","0","0",
"1600000US0636350","Independence CDP, California","593","85","508","439","375","1","51","4","1","7","69","64","0","56","0","0","3","5","0","0","0","0","0","0","0","0","0","0","0","0","0","0","0","0","0","0","0","0","0","0","0","0","0","0","0","0","0","0","4","0","0","3","0","0","1","0","0","0","0","0","0","0","0","0","1","0","0","0","0","1","0","0","0",
"1600000US0636364","Indian Falls CDP, California","79","4","75","70","70","0","0","0","0","0","5","5","0","5","0","0","0","0","0","0","0","0","0","0","0","0","0","0","0","0","0","0","0","0","0","0","0","0","0","0","0","0","0","0","0","0","0","0","0","0","0","0","0","0","0","0","0","0","0","0","0","0","0","0","0","0","0","0","0","0","0","0","0",
"1600000US0636420","Indianola CDP, California","791","91","700","641","604","4","20","9","1","3","59","54","1","26","15","3","8","0","0","0","0","0","0","0","1","0","0","4","1","0","0","0","1","0","0","2","0","0","0","0","0","0","0","0","0","0","0","0","1","0","0","0","0","0","0","1","0","0","0","0","0","0","0","0","0","0","0","0","0","0","0","0","0",
"1600000US0636434","Indian Wells city, California","4757","310","4447","4336","4135","37","10","128","4","22","111","102","8","21","36","1","26","1","3","0","1","0","0","0","3","2","0","8","1","0","0","1","3","0","2","1","0","0","0","0","0","0","0","0","0","0","0","0","1","0","0","1","0","0","0","0","0","0","0","0","0","0","0","0","0","0","0","0","0","0","0","0","0",
"1600000US0636448","Indio city, California","89137","61606","27531","25953","21474","1802","284","1988","48","357","1578","1456","296","360","333","38","275","27","25","10","34","9","3","3","29","11","3","103","26","23","10","7","20","0","0","7","0","0","3","0","0","2","2","0","1","0","0","2","18","4","2","1","4","2","0","2","0","0","2","0","0","0","1","0","1","0","1","0","0","0","0","0","0",
"1600000US0636452","Indio Hills CDP, California","1048","839","209","194","184","2","1","5","1","1","15","12","1","4","1","0","4","0","0","0","0","0","0","0","0","2","0","3","3","0","0","0","0","0","0","0","0","0","0","0","0","0","0","0","0","0","0","0","0","0","0","0","0","0","0","0","0","0","0","0","0","0","0","0","0","0","0","0","0","0","0","0","0",
"1600000US0636490","Industry city, California","264","130","134","125","82","8","0","33","0","2","9","5","0","0","2","0","0","0","1","0","0","2","0","0","0","0","0","4","1","0","0","1","0","0","0","2","0","0","0","0","0","0","0","0","0","0","0","0","0","0","0","0","0","0","0","0","0","0","0","0","0","0","0","0","0","0","0","0","0","0","0","0","0",
"1600000US0636546","Inglewood city, California","107762","55677","52085","48694","4398","40804","199","2107","331","855","3391","2937","944","95","211","14","105","410","241","37","778","10","3","6","41","34","8","410","215","49","7","46","15","0","2","21","8","0","7","2","18","7","11","2","0","0","0","0","42","8","10","11","4","4","0","5","0","0","0","0","0","0","0","0","2","2","0","0","0","0","0","0","0",
"1600000US0636613","Interlaken CDP, California","7368","5543","1825","1664","1378","30","17","197","4","38","161","148","8","29","62","1","42","0","1","0","0","4","0","1","0","0","0","9","1","0","0","0","2","1","4","0","0","0","1","0","0","0","0","0","0","0","0","0","4","0","1","0","0","0","0","3","0","0","0","0","0","0","0","0","0","0","0","0","0","0","0","0","0",
"1600000US0636616","Inverness CDP, California","1379","94","1285","1214","1166","4","0","23","8","13","71","68","8","22","19","6","13","0","0","0","0","0","0","0","0","0","0","3","1","0","0","0","2","0","0","0","0","0","0","0","0","0","0","0","0","0","0","0","0","0","0","0","0","0","0","0","0","0","0","0","0","0","0","0","0","0","0","0","0","0","0","0","0",
"1600000US0636658","Inyokern CDP, California","988","158","830","729","667","9","20","27","1","5","101","96","19","49","19","0","9","0","0","0","0","0","0","0","0","0","0","5","2","1","0","0","0","0","0","2","0","0","0","0","0","0","0","0","0","0","0","0","0","0","0","0","0","0","0","0","0","0","0","0","0","0","0","0","0","0","0","0","0","0","0","0","0",
"1600000US0636672","Ione city, California","5141","874","4267","3986","3709","115","62","79","0","21","281","263","11","139","45","7","54","1","0","0","0","3","0","2","1","0","0","18","5","2","0","0","4","1","0","4","0","0","0","0","0","2","0","0","0","0","0","0","0","0","0","0","0","0","0","0","0","0","0","0","0","0","0","0","0","0","0","0","0","0","0","0","0",
"1600000US0636735","Iron Horse CDP, California","269","33","236","220","214","0","4","0","2","0","16","16","1","10","1","0","3","0","0","0","0","0","0","1","0","0","0","0","0","0","0","0","0","0","0","0","0","0","0","0","0","0","0","0","0","0","0","0","0","0","0","0","0","0","0","0","0","0","0","0","0","0","0","0","0","0","0","0","0","0","0","0","0",
"1600000US0636770","Irvine city, California","307670","35855","271815","254843","106056","6646","285","139725","341","1790","16972","16294","1778","939","10419","228","1685","91","317","21","84","52","9","1","492","177","1","629","86","118","15","37","94","10","15","182","39","0","5","2","5","3","10","0","5","1","0","2","43","18","3","2","2","8","0","7","3","0","0","0","0","0","0","0","6","1","2","1","2","0","0","0","0",
"1600000US0636826","Irwindale city, California","1472","1336","136","121","53","15","1","50","0","2","15","8","2","4","0","0","0","0","0","0","1","0","0","0","1","0","0","7","2","0","0","0","1","0","0","2","0","0","0","0","0","2","0","0","0","0","0","0","0","0","0","0","0","0","0","0","0","0","0","0","0","0","0","0","0","0","0","0","0","0","0","0","0",
"1600000US0636868","Isla Vista CDP, California","15500","4239","11261","10202","6513","316","15","3210","14","134","1059","1002","175","93","571","16","120","1","6","0","7","0","1","0","11","1","0","50","4","11","3","0","17","1","0","6","6","0","0","1","0","0","0","0","0","1","0","0","5","2","0","1","0","1","0","0","0","1","0","0","0","0","0","0","2","2","0","0","0","0","0","0","0",
"1600000US0636882","Isleton city, California","794","347","447","408","353","12","3","36","1","3","39","32","6","13","1","1","7","0","1","1","1","0","0","0","1","0","0","7","0","1","0","1","3","0","0","1","0","0","0","0","0","0","1","0","0","0","0","0","0","0","0","0","0","0","0","0","0","0","0","0","0","0","0","0","0","0","0","0","0","0","0","0","0",
"1600000US0636910","Ivanhoe CDP, California","4468","3954","514","481","424","9","11","29","0","8","33","33","6","11","3","0","11","2","0","0","0","0","0","0","0","0","0","0","0","0","0","0","0","0","0","0","0","0","0","0","0","0","0","0","0","0","0","0","0","0","0","0","0","0","0","0","0","0","0","0","0","0","0","0","0","0","0","0","0","0","0","0","0",
"1600000US0636980","Jackson city, California","5019","818","4201","3927","3653","42","97","105","7","23","274","253","18","124","39","6","55","4","1","0","2","0","0","0","4","0","0","16","6","0","0","1","6","0","1","1","0","0","0","0","0","0","1","0","0","0","0","0","4","0","0","0","1","0","1","0","0","0","0","2","0","0","0","0","1","0","0","1","0","0","0","0","0",
"1600000US0637022","Jacumba CDP, California","540","193","347","320","289","20","7","1","1","2","27","25","13","11","0","0","0","0","0","0","0","0","0","0","0","1","0","2","0","0","0","0","1","0","0","0","0","0","1","0","0","0","0","0","0","0","0","0","0","0","0","0","0","0","0","0","0","0","0","0","0","0","0","0","0","0","0","0","0","0","0","0","0",
"1600000US0637106","Jamestown CDP, California","3478","517","2961","2726","2571","22","66","38","4","25","235","213","26","92","18","15","55","1","0","1","0","0","0","0","4","0","1","20","10","2","0","0","3","0","1","3","0","0","0","0","1","0","0","0","0","0","0","0","2","0","2","0","0","0","0","0","0","0","0","0","0","0","0","0","0","0","0","0","0","0","0","0","0",
"1600000US0637120","Jamul CDP, California","6179","1409","4770","4487","4206","81","18","144","9","29","283","270","21","65","119","6","45","1","2","1","2","0","3","0","5","0","0","11","1","3","1","1","3","1","1","0","0","0","0","0","0","0","0","0","0","0","0","0","2","2","0","0","0","0","0","0","0","0","0","0","0","0","0","0","0","0","0","0","0","0","0","0","0",
"1600000US0637134","Janesville CDP, California","2461","243","2218","2050","1977","2","43","17","2","9","168","158","6","95","23","0","31","0","0","0","3","0","0","0","0","0","0","9","0","1","0","0","0","0","0","2","3","1","0","0","0","1","0","0","0","0","0","1","1","0","0","0","1","0","0","0","0","0","0","0","0","0","0","0","0","0","0","0","0","0","0","0","0",
"1600000US0637274","Jenner CDP, California","122","14","108","99","91","1","0","7","0","0","9","9","2","4","0","0","2","0","0","0","0","1","0","0","0","0","0","0","0","0","0","0","0","0","0","0","0","0","0","0","0","0","0","0","0","0","0","0","0","0","0","0","0","0","0","0","0","0","0","0","0","0","0","0","0","0","0","0","0","0","0","0","0",
"1600000US0637400","Johannesburg CDP, California","113","7","106","97","89","0","0","8","0","0","9","7","0","5","0","0","2","0","0","0","0","0","0","0","0","0","0","2","2","0","0","0","0","0","0","0","0","0","0","0","0","0","0","0","0","0","0","0","0","0","0","0","0","0","0","0","0","0","0","0","0","0","0","0","0","0","0","0","0","0","0","0","0",
"1600000US0637442","Johnson Park CDP, California","686","81","605","557","509","2","41","5","0","0","48","47","3","32","3","0","7","0","0","0","0","2","0","0","0","0","0","0","0","0","0","0","0","0","0","0","0","0","0","0","0","0","0","0","0","0","0","0","1","0","0","0","0","0","0","0","0","0","1","0","0","0","0","0","0","0","0","0","0","0","0","0","0",
"1600000US0637484","Johnstonville CDP, California","973","134","839","796","745","3","21","12","1","14","43","39","3","24","2","0","9","0","1","0","0","0","0","0","0","0","0","2","0","1","0","0","1","0","0","0","0","0","0","0","0","0","0","0","0","0","0","0","2","0","0","0","1","0","0","1","0","0","0","0","0","0","0","0","0","0","0","0","0","0","0","0","0",
"1600000US0637512","Johnsville CDP, California","22","2","20","20","18","0","0","1","0","1","0","0","0","0","0","0","0","0","0","0","0","0","0","0","0","0","0","0","0","0","0","0","0","0","0","0","0","0","0","0","0","0","0","0","0","0","0","0","0","0","0","0","0","0","0","0","0","0","0","0","0","0","0","0","0","0","0","0","0","0","0","0","0",
"1600000US0637533","Jones Valley CDP, California","1160","83","1077","1000","942","3","27","22","3","3","77","72","8","44","10","2","8","0","0","0","0","0","0","0","0","0","0","4","0","0","0","0","0","1","0","3","0","0","0","0","0","0","0","0","0","0","0","0","1","0","0","0","0","0","0","0","0","0","0","0","1","0","0","0","0","0","0","0","0","0","0","0","0",
"1600000US0637554","Joshua Tree CDP, California","6489","1296","5193","4792","4342","217","58","131","15","29","401","389","81","149","54","12","71","4","4","2","5","1","0","0","2","3","1","12","4","3","1","1","1","0","0","1","0","0","0","0","1","0","0","0","0","0","0","0","0","0","0","0","0","0","0","0","0","0","0","0","0","0","0","0","0","0","0","0","0","0","0","0","0",
"1600000US0637568","Jovista CDP, California","41","40","1","1","1","0","0","0","0","0","0","0","0","0","0","0","0","0","0","0","0","0","0","0","0","0","0","0","0","0","0","0","0","0","0","0","0","0","0","0","0","0","0","0","0","0","0","0","0","0","0","0","0","0","0","0","0","0","0","0","0","0","0","0","0","0","0","0","0","0","0","0","0",
"1600000US0637582","Julian CDP, California","1768","325","1443","1329","1261","18","18","18","3","11","114","111","8","38","15","4","39","0","0","0","0","0","0","0","7","0","0","2","1","0","0","0","0","0","0","1","0","0","0","0","0","0","0","0","0","0","0","0","1","0","0","0","0","0","0","1","0","0","0","0","0","0","0","0","0","0","0","0","0","0","0","0","0",
"1600000US0637596","Junction City CDP, California","658","46","612","562","535","1","9","14","1","2","50","46","2","20","4","0","20","0","0","0","0","0","0","0","0","0","0","4","0","0","0","0","1","0","0","0","1","0","0","0","0","0","0","0","0","2","0","0","0","0","0","0","0","0","0","0","0","0","0","0","0","0","0","0","0","0","0","0","0","0","0","0","0",
"1600000US0637624","June Lake CDP, California","611","102","509","501","481","0","3","10","2","5","8","7","0","4","2","0","0","0","0","0","0","0","0","0","1","0","0","1","0","0","0","0","0","0","0","0","0","0","0","1","0","0","0","0","0","0","0","0","0","0","0","0","0","0","0","0","0","0","0","0","0","0","0","0","0","0","0","0","0","0","0","0","0",
"1600000US0637692","Jurupa Valley city, California","105053","74047","31006","29008","19187","3529","240","5281","237","534","1998","1809","284","511","405","41","293","44","65","14","71","13","2","6","41","13","6","168","47","30","3","9","26","3","4","34","3","0","0","0","6","3","0","0","0","0","0","0","20","9","0","0","3","2","0","5","0","0","1","0","0","0","0","0","1","0","1","0","0","0","0","0","0",
"1600000US0637904","Keddie CDP, California","51","9","42","40","40","0","0","0","0","0","2","2","2","0","0","0","0","0","0","0","0","0","0","0","0","0","0","0","0","0","0","0","0","0","0","0","0","0","0","0","0","0","0","0","0","0","0","0","0","0","0","0","0","0","0","0","0","0","0","0","0","0","0","0","0","0","0","0","0","0","0","0","0",
"1600000US0637918","Keeler CDP, California","71","13","58","51","51","0","0","0","0","0","7","7","0","1","1","0","5","0","0","0","0","0","0","0","0","0","0","0","0","0","0","0","0","0","0","0","0","0","0","0","0","0","0","0","0","0","0","0","0","0","0","0","0","0","0","0","0","0","0","0","0","0","0","0","0","0","0","0","0","0","0","0","0",
"1600000US0637946","Keene CDP, California","469","91","378","356","341","7","5","2","1","0","22","21","1","15","3","0","1","0","0","0","1","0","0","0","0","0","0","1","1","0","0","0","0","0","0","0","0","0","0","0","0","0","0","0","0","0","0","0","0","0","0","0","0","0","0","0","0","0","0","0","0","0","0","0","0","0","0","0","0","0","0","0","0",
"1600000US0638024","Kelly Ridge CDP, California","3006","329","2677","2476","2283","31","58","79","7","18","201","186","16","84","40","9","27","2","0","0","0","2","0","0","4","2","0","15","6","0","0","1","1","1","0","6","0","0","0","0","0","0","0","0","0","0","0","0","0","0","0","0","0","0","0","0","0","0","0","0","0","0","0","0","0","0","0","0","0","0","0","0","0",
"1600000US0638044","Kelseyville CDP, California","3382","1547","1835","1681","1581","11","50","27","3","9","154","143","17","60","29","8","25","0","0","0","0","2","2","0","0","0","0","11","4","0","0","1","4","1","0","0","0","0","0","0","0","0","1","0","0","0","0","0","0","0","0","0","0","0","0","0","0","0","0","0","0","0","0","0","0","0","0","0","0","0","0","0","0",
"1600000US0638065","Kennedy CDP, California","3223","2457","766","705","166","205","9","300","4","21","61","46","5","12","9","1","1","2","0","3","0","0","0","2","4","7","0","13","3","0","0","1","1","0","0","2","1","0","5","0","0","0","0","0","0","0","0","0","2","1","0","0","1","0","0","0","0","0","0","0","0","0","0","0","0","0","0","0","0","0","0","0","0",
"1600000US0638076","Kennedy Meadows CDP, California","58","3","55","54","52","0","1","0","0","1","1","1","0","0","0","0","1","0","0","0","0","0","0","0","0","0","0","0","0","0","0","0","0","0","0","0","0","0","0","0","0","0","0","0","0","0","0","0","0","0","0","0","0","0","0","0","0","0","0","0","0","0","0","0","0","0","0","0","0","0","0","0","0",
"1600000US0638086","Kensington CDP, California","5428","391","5037","4561","3690","96","4","723","2","46","476","441","49","22","252","4","87","0","6","0","6","1","0","0","13","1","0","31","10","5","3","1","2","0","3","5","2","0","0","0","0","0","0","0","0","0","0","0","4","4","0","0","0","0","0","0","0","0","0","0","0","0","0","0","0","0","0","0","0","0","0","0","0",
"1600000US0638114","Kentfield CDP, California","6808","453","6355","5929","5530","33","2","313","5","46","426","410","40","31","221","7","97","0","6","0","0","1","0","0","1","6","0","16","4","4","0","2","0","0","0","4","2","0","0","0","0","0","0","0","0","0","0","0","0","0","0","0","0","0","0","0","0","0","0","0","0","0","0","0","0","0","0","0","0","0","0","0","0",
"1600000US0638156","Kenwood CDP, California","852","87","765","701","671","5","1","13","4","7","64","63","7","19","7","10","20","0","0","0","0","0","0","0","0","0","0","1","1","0","0","0","0","0","0","0","0","0","0","0","0","0","0","0","0","0","0","0","0","0","0","0","0","0","0","0","0","0","0","0","0","0","0","0","0","0","0","0","0","0","0","0","0",
"1600000US0638177","Kep'el CDP, California","76","4","72","64","7","0","56","0","0","1","8","8","0","8","0","0","0","0","0","0","0","0","0","0","0","0","0","0","0","0","0","0","0","0","0","0","0","0","0","0","0","0","0","0","0","0","0","0","0","0","0","0","0","0","0","0","0","0","0","0","0","0","0","0","0","0","0","0","0","0","0","0","0",
"1600000US0638226","Kerman city, California","16016","12522","3494","3311","1910","69","40","1202","1","89","183","166","12","56","36","4","40","2","3","5","2","4","0","0","1","1","0","13","1","5","0","0","2","1","1","2","0","0","0","0","1","0","0","0","0","0","0","0","4","3","0","1","0","0","0","0","0","0","0","0","0","0","0","0","0","0","0","0","0","0","0","0","0",
"1600000US0638310","Kernville CDP, California","1549","156","1393","1310","1251","9","16","24","1","9","83","82","2","52","5","3","13","1","2","0","2","0","0","2","0","0","0","1","0","0","0","0","0","0","0","0","1","0","0","0","0","0","0","0","0","0","0","0","0","0","0","0","0","0","0","0","0","0","0","0","0","0","0","0","0","0","0","0","0","0","0","0","0",
"1600000US0638352","Keswick CDP, California","188","21","167","150","139","0","10","1","0","0","17","15","3","11","0","0","1","0","0","0","0","0","0","0","0","0","0","2","1","0","0","0","0","1","0","0","0","0","0","0","0","0","0","0","0","0","0","0","0","0","0","0","0","0","0","0","0","0","0","0","0","0","0","0","0","0","0","0","0","0","0","0","0",
"1600000US0638394","Kettleman City CDP, California","1242","1206","36","33","26","0","4","0","0","3","3","3","1","0","2","0","0","0","0","0","0","0","0","0","0","0","0","0","0","0","0","0","0","0","0","0","0","0","0","0","0","0","0","0","0","0","0","0","0","0","0","0","0","0","0","0","0","0","0","0","0","0","0","0","0","0","0","0","0","0","0","0","0",
"1600000US0638422","Keyes CDP, California","5672","3853","1819","1685","1334","42","30","228","21","30","134","121","6","60","16","3","31","1","2","0","0","1","0","0","1","0","0","10","3","0","0","0","4","0","0","3","0","0","0","0","0","0","0","0","0","0","0","0","2","0","0","0","0","1","0","0","1","0","0","0","0","0","0","0","1","0","1","0","0","0","0","0","0",
"1600000US0638520","King City city, California","13332","11936","1396","1266","931","30","20","232","12","41","130","109","5","44","41","1","12","0","4","0","0","0","0","0","1","0","1","19","2","0","0","0","3","1","0","13","0","0","0","0","0","0","0","0","0","0","0","0","2","2","0","0","0","0","0","0","0","0","0","0","0","0","0","0","0","0","0","0","0","0","0","0","0",
"1600000US0638548","Kings Beach CDP, California","3563","1699","1864","1781","1671","5","5","68","8","24","83","66","3","22","14","3","19","0","0","0","2","1","0","1","0","1","0","17","5","0","0","0","8","0","0","3","0","0","0","0","0","1","0","0","0","0","0","0","0","0","0","0","0","0","0","0","0","0","0","0","0","0","0","0","0","0","0","0","0","0","0","0","0",
"1600000US0638562","Kingsburg city, California","12380","5974","6406","5972","5371","49","46","408","12","86","434","424","25","157","116","8","103","3","1","1","1","1","0","0","4","4","0","10","1","0","0","0","1","0","0","6","0","0","0","0","1","0","1","0","0","0","0","0","0","0","0","0","0","0","0","0","0","0","0","0","0","0","0","0","0","0","0","0","0","0","0","0","0",
"1600000US0638604","Kingvale CDP, California","128","2","126","122","122","0","0","0","0","0","4","4","1","2","0","0","1","0","0","0","0","0","0","0","0","0","0","0","0","0","0","0","0","0","0","0","0","0","0","0","0","0","0","0","0","0","0","0","0","0","0","0","0","0","0","0","0","0","0","0","0","0","0","0","0","0","0","0","0","0","0","0","0",
"1600000US0638646","Kirkwood CDP, California","190","7","183","177","159","6","6","5","0","1","6","2","1","1","0","0","0","0","0","0","0","0","0","0","0","0","0","3","0","0","0","0","0","0","0","0","2","0","0","0","0","1","0","0","0","0","0","0","1","1","0","0","0","0","0","0","0","0","0","0","0","0","0","0","0","0","0","0","0","0","0","0","0",
"1600000US0638702","Klamath CDP, California","1088","81","1007","865","426","3","429","2","3","2","142","137","0","119","5","0","3","6","1","0","0","0","2","1","0","0","0","5","2","0","0","0","3","0","0","0","0","0","0","0","0","0","0","0","0","0","0","0","0","0","0","0","0","0","0","0","0","0","0","0","0","0","0","0","0","0","0","0","0","0","0","0","0",
"1600000US0638772","Knightsen CDP, California","1596","587","1009","923","883","8","1","25","2","4","86","74","5","30","16","0","18","0","2","0","0","1","0","0","2","0","0","11","7","2","0","0","2","0","0","0","0","0","0","0","0","0","0","0","0","0","0","0","1","1","0","0","0","0","0","0","0","0","0","0","0","0","0","0","0","0","0","0","0","0","0","0","0",
"1600000US0638786","Knights Ferry CDP, California","112","10","102","99","92","0","1","3","0","3","3","2","0","2","0","0","0","0","0","0","0","0","0","0","0","0","0","1","0","0","0","1","0","0","0","0","0","0","0","0","0","0","0","0","0","0","0","0","0","0","0","0","0","0","0","0","0","0","0","0","0","0","0","0","0","0","0","0","0","0","0","0","0",
"1600000US0638800","Knights Landing CDP, California","1117","780","337","304","276","9","6","12","0","1","33","33","1","20","9","0","3","0","0","0","0","0","0","0","0","0","0","0","0","0","0","0","0","0","0","0","0","0","0","0","0","0","0","0","0","0","0","0","0","0","0","0","0","0","0","0","0","0","0","0","0","0","0","0","0","0","0","0","0","0","0","0","0",
"1600000US0639003","La Cañada Flintridge city, California","20573","1717","18856","17819","11127","129","24","6408","2","129","1037","1009","65","87","669","9","121","13","14","1","3","6","0","0","14","5","2","26","3","2","0","1","6","3","0","7","4","0","0","0","0","0","0","0","0","0","0","0","2","2","0","0","0","0","0","0","0","0","0","0","0","0","0","0","0","0","0","0","0","0","0","0","0",
"1600000US0639045","La Crescenta-Montrose CDP, California","19997","2708","17289","16356","10461","139","26","5632","12","86","933","877","53","123","514","9","123","9","7","0","1","3","0","0","25","10","0","52","8","7","0","11","6","0","0","15","0","0","1","1","2","0","0","0","1","0","0","0","4","0","0","0","2","0","0","2","0","0","0","0","0","0","0","0","0","0","0","0","0","0","0","0","0",
"1600000US0639052","La Cresta CDP, California","8787","6291","2496","2289","1731","397","29","81","8","43","207","193","38","94","20","6","15","4","4","1","0","0","0","2","8","1","0","14","5","1","0","4","1","1","0","2","0","0","0","0","0","0","0","0","0","0","0","0","0","0","0","0","0","0","0","0","0","0","0","0","0","0","0","0","0","0","0","0","0","0","0","0","0",
"1600000US0639094","Ladera CDP, California","1557","105","1452","1315","1144","4","0","163","0","4","137","136","17","5","85","1","28","0","0","0","0","0","0","0","0","0","0","1","0","1","0","0","0","0","0","0","0","0","0","0","0","0","0","0","0","0","0","0","0","0","0","0","0","0","0","0","0","0","0","0","0","0","0","0","0","0","0","0","0","0","0","0","0",
"1600000US0639108","Ladera Heights CDP, California","6654","506","6148","5697","1014","4231","14","351","2","85","451","393","157","11","74","5","14","43","42","4","39","1","0","0","0","3","0","50","25","12","0","10","1","0","0","0","0","0","0","0","1","0","1","0","0","0","0","0","8","0","0","1","0","2","0","0","5","0","0","0","0","0","0","0","0","0","0","0","0","0","0","0","0",
"1600000US0639114","Ladera Ranch CDP, California","26170","3607","22563","20864","17039","253","40","3389","28","115","1699","1637","150","205","906","20","279","7","21","7","13","2","1","2","20","4","0","61","12","8","3","3","6","0","0","24","2","1","0","0","0","0","1","0","0","0","0","1","1","0","1","0","0","0","0","0","0","0","0","0","0","0","0","0","0","0","0","0","0","0","0","0","0",
"1600000US0639122","Lafayette city, California","25391","2075","23316","21486","17950","170","24","3159","20","163","1830","1740","142","159","981","36","349","10","25","2","10","1","0","1","13","7","4","79","6","17","3","3","12","1","7","23","5","0","1","0","0","0","1","0","0","0","0","0","10","4","0","2","0","2","0","2","0","0","0","0","0","0","0","0","1","1","0","0","0","0","0","0","0",
"1600000US0639164","La Grange CDP, California","166","51","115","105","90","1","11","3","0","0","10","9","0","8","0","0","0","0","0","0","0","0","0","0","1","0","0","1","1","0","0","0","0","0","0","0","0","0","0","0","0","0","0","0","0","0","0","0","0","0","0","0","0","0","0","0","0","0","0","0","0","0","0","0","0","0","0","0","0","0","0","0","0",
"1600000US0639178","Laguna Beach city, California","23032","2155","20877","19643","18328","181","25","961","18","130","1234","1198","141","240","471","21","274","1","3","2","9","4","0","1","22","8","1","31","9","3","2","2","1","0","0","11","1","0","1","1","0","0","0","0","0","0","0","0","5","2","1","1","0","0","0","1","0","0","0","0","0","0","0","0","0","0","0","0","0","0","0","0","0",
"1600000US0639220","Laguna Hills city, California","31374","7489","23885","22230","16849","420","32","4715","41","173","1655","1614","150","203","893","29","265","9","10","0","6","7","0","0","34","5","3","35","3","9","2","3","8","1","5","4","0","0","0","0","0","0","0","0","0","0","0","0","6","1","0","2","0","1","0","2","0","0","0","0","0","0","0","0","0","0","0","0","0","0","0","0","0",
"1600000US0639248","Laguna Niguel city, California","64355","10510","53845","50422","42824","766","115","6306","67","344","3423","3277","318","417","1725","68","586","7","42","7","26","10","0","5","53","13","0","124","19","18","2","15","17","0","2","44","5","0","1","0","1","0","0","0","0","0","0","0","21","4","0","9","1","0","0","5","0","0","2","0","0","0","0","0","1","1","0","0","0","0","0","0","0",
"1600000US0639259","Laguna Woods city, California","17644","939","16705","16214","12206","158","9","3796","10","35","491","476","54","79","165","7","120","3","1","0","7","1","0","0","34","5","0","13","1","0","0","2","0","1","0","7","1","0","0","0","0","0","0","0","0","0","0","1","2","0","0","0","1","0","0","1","0","0","0","0","0","0","0","0","0","0","0","0","0","0","0","0","0",
"1600000US0639283","Lagunitas-Forest Knolls CDP, California","1924","154","1770","1633","1543","19","12","38","0","21","137","121","11","40","35","5","28","0","1","0","1","0","0","0","0","0","0","16","7","0","0","0","2","0","0","6","1","0","0","0","0","0","0","0","0","0","0","0","0","0","0","0","0","0","0","0","0","0","0","0","0","0","0","0","0","0","0","0","0","0","0","0","0",
"1600000US0639290","La Habra city, California","63097","37439","25658","24259","14953","1047","143","7802","60","254","1399","1279","158","275","448","43","203","17","38","2","20","8","3","2","42","18","2","98","11","15","3","9","19","2","0","30","3","0","1","0","0","3","0","0","2","0","0","0","22","7","2","4","2","3","0","4","0","0","0","0","0","0","0","0","0","0","0","0","0","0","0","0","0",
"1600000US0639304","La Habra Heights city, California","5682","1813","3869","3666","2421","41","10","1150","5","39","203","189","4","38","77","3","39","1","4","1","0","4","0","1","16","1","0","13","2","0","3","0","0","0","4","3","0","0","0","1","0","0","0","0","0","0","0","0","1","1","0","0","0","0","0","0","0","0","0","0","0","0","0","0","0","0","0","0","0","0","0","0","0",
"1600000US0639318","La Honda CDP, California","979","148","831","795","750","3","3","28","1","10","36","35","2","8","17","3","5","0","0","0","0","0","0","0","0","0","0","1","0","0","0","0","0","0","0","1","0","0","0","0","0","0","0","0","0","0","0","0","0","0","0","0","0","0","0","0","0","0","0","0","0","0","0","0","0","0","0","0","0","0","0","0","0",
"1600000US0639411","Lake Almanor Country Club CDP, California","451","30","421","399","391","0","3","0","0","5","22","21","1","11","0","0","9","0","0","0","0","0","0","0","0","0","0","1","1","0","0","0","0","0","0","0","0","0","0","0","0","0","0","0","0","0","0","0","0","0","0","0","0","0","0","0","0","0","0","0","0","0","0","0","0","0","0","0","0","0","0","0","0",
"1600000US0639420","Lake Almanor Peninsula CDP, California","366","19","347","332","321","2","0","7","2","0","15","15","1","9","0","0","4","0","0","0","0","0","0","0","1","0","0","0","0","0","0","0","0","0","0","0","0","0","0","0","0","0","0","0","0","0","0","0","0","0","0","0","0","0","0","0","0","0","0","0","0","0","0","0","0","0","0","0","0","0","0","0","0",
"1600000US0639425","Lake Almanor West CDP, California","211","2","209","192","190","0","0","1","1","0","17","16","1","13","0","0","2","0","0","0","0","0","0","0","0","0","0","1","0","0","0","0","1","0","0","0","0","0","0","0","0","0","0","0","0","0","0","0","0","0","0","0","0","0","0","0","0","0","0","0","0","0","0","0","0","0","0","0","0","0","0","0","0",
"1600000US0639444","Lake Arrowhead CDP, California","12401","3022","9379","8912","8476","112","45","181","17","81","467","426","50","183","94","12","60","2","6","2","6","5","0","0","5","1","0","39","4","5","0","6","2","0","2","15","0","0","0","0","3","1","1","0","0","0","0","0","1","0","0","0","0","1","0","0","0","0","0","0","0","0","0","0","1","0","1","0","0","0","0","0","0",
"1600000US0639460","Lake California CDP, California","3377","374","3003","2750","2640","16","52","34","0","8","253","238","23","114","38","9","54","0","0","0","0","0","0","0","0","0","0","15","4","0","1","1","0","0","2","0","0","0","0","0","3","0","1","0","3","0","0","0","0","0","0","0","0","0","0","0","0","0","0","0","0","0","0","0","0","0","0","0","0","0","0","0","0",
"1600000US0639472","Lake City CDP, California","71","4","67","65","64","0","1","0","0","0","2","2","0","1","0","1","0","0","0","0","0","0","0","0","0","0","0","0","0","0","0","0","0","0","0","0","0","0","0","0","0","0","0","0","0","0","0","0","0","0","0","0","0","0","0","0","0","0","0","0","0","0","0","0","0","0","0","0","0","0","0","0","0",
"1600000US0639483","Lake Davis CDP, California","72","3","69","68","65","1","0","2","0","0","1","1","0","0","1","0","0","0","0","0","0","0","0","0","0","0","0","0","0","0","0","0","0","0","0","0","0","0","0","0","0","0","0","0","0","0","0","0","0","0","0","0","0","0","0","0","0","0","0","0","0","0","0","0","0","0","0","0","0","0","0","0","0",
"1600000US0639484","Lake Don Pedro CDP, California","1765","303","1462","1287","1217","3","19","35","3","10","175","174","9","56","6","0","101","0","0","0","2","0","0","0","0","0","0","1","1","0","0","0","0","0","0","0","0","0","0","0","0","0","0","0","0","0","0","0","0","0","0","0","0","0","0","0","0","0","0","0","0","0","0","0","0","0","0","0","0","0","0","0","0",
"1600000US0639486","Lake Elsinore city, California","70265","35854","34411","31525","21190","4499","250","4949","271","366","2886","2632","549","506","779","114","312","48","106","18","80","0","0","12","84","18","6","220","69","31","7","12","30","0","3","43","4","0","10","0","4","4","0","3","0","0","0","0","29","7","3","7","4","2","0","5","0","0","0","0","1","0","0","0","5","1","4","0","0","0","0","0","0",
"1600000US0639496","Lake Forest city, California","85858","21945","63913","59215","40506","1312","153","16650","144","450","4698","4426","505","580","2289","109","684","16","71","6","17","11","1","0","99","34","4","254","48","45","4","4","38","1","5","83","10","2","7","1","0","6","0","0","0","0","0","0","17","5","0","1","5","4","0","1","0","0","1","0","0","0","0","0","1","1","0","0","0","0","0","0","0",
"1600000US0639514","Lakehead CDP, California","469","25","444","412","391","1","7","5","1","7","32","32","0","30","1","0","1","0","0","0","0","0","0","0","0","0","0","0","0","0","0","0","0","0","0","0","0","0","0","0","0","0","0","0","0","0","0","0","0","0","0","0","0","0","0","0","0","0","0","0","0","0","0","0","0","0","0","0","0","0","0","0","0",
"1600000US0639556","Lake Hughes CDP, California","544","126","418","399","384","2","0","8","1","4","19","18","5","4","2","2","5","0","0","0","0","0","0","0","0","0","0","1","0","0","0","1","0","0","0","0","0","0","0","0","0","0","0","0","0","0","0","0","0","0","0","0","0","0","0","0","0","0","0","0","0","0","0","0","0","0","0","0","0","0","0","0","0",
"1600000US0639570","Lake Isabella CDP, California","3573","522","3051","2784","2640","21","70","36","4","13","267","254","21","149","11","6","64","1","0","0","0","0","0","0","2","0","0","11","9","0","0","0","1","0","1","0","0","0","0","0","0","0","0","0","0","0","0","0","2","2","0","0","0","0","0","0","0","0","0","0","0","0","0","0","0","0","0","0","0","0","0","0","0",
"1600000US0639598","Lakeland Village CDP, California","12364","6581","5783","5373","4738","293","48","208","26","60","410","396","61","156","71","24","44","13","8","0","5","0","1","0","10","3","0","13","2","2","1","0","3","1","0","1","1","1","0","0","0","1","0","0","0","0","0","0","0","0","0","0","0","0","0","0","0","0","0","0","0","0","0","0","1","1","0","0","0","0","0","0","0",
"1600000US0639612","Lake Los Angeles CDP, California","13187","8511","4676","4300","3097","945","65","76","12","105","376","343","74","132","39","3","39","16","7","1","22","1","1","2","6","0","0","29","21","0","0","0","3","1","0","0","2","0","2","0","0","0","0","0","0","0","0","0","3","1","0","2","0","0","0","0","0","0","0","0","0","0","0","0","1","0","1","0","0","0","0","0","0",
"1600000US0639645","Lake Mathews CDP, California","5972","2394","3578","3364","2858","188","33","257","8","20","214","196","41","62","40","11","35","0","3","0","1","0","0","1","2","0","0","18","5","2","1","1","4","0","0","2","2","0","0","0","0","0","0","1","0","0","0","0","0","0","0","0","0","0","0","0","0","0","0","0","0","0","0","0","0","0","0","0","0","0","0","0","0",
"1600000US0639670","Lake Nacimiento CDP, California","2956","492","2464","2326","2255","16","21","19","6","9","138","134","8","66","22","10","28","0","0","0","0","0","0","0","0","0","0","4","0","1","0","0","2","0","0","1","0","0","0","0","0","0","0","0","0","0","0","0","0","0","0","0","0","0","0","0","0","0","0","0","0","0","0","0","0","0","0","0","0","0","0","0","0",
"1600000US0639690","Lake of the Pines CDP, California","4301","387","3914","3693","3575","12","29","60","9","8","221","215","19","82","38","6","69","0","0","0","1","0","0","0","0","0","0","5","4","0","0","0","0","0","0","1","0","0","0","0","0","0","0","0","0","0","0","0","1","0","0","0","0","0","0","0","0","0","1","0","0","0","0","0","0","0","0","0","0","0","0","0","0",
"1600000US0639696","Lake of the Woods CDP, California","790","162","628","597","574","3","9","8","2","1","31","30","3","11","9","0","4","0","2","0","0","0","0","0","0","1","0","1","0","0","0","0","1","0","0","0","0","0","0","0","0","0","0","0","0","0","0","0","0","0","0","0","0","0","0","0","0","0","0","0","0","0","0","0","0","0","0","0","0","0","0","0","0",
"1600000US0639710","Lakeport city, California","5026","934","4092","3817","3519","53","92","128","5","20","275","264","26","97","57","21","54","0","0","2","4","1","0","1","1","0","0","11","4","1","0","1","1","0","0","2","0","0","0","0","0","0","0","0","0","2","0","0","0","0","0","0","0","0","0","0","0","0","0","0","0","0","0","0","0","0","0","0","0","0","0","0","0",
"1600000US0639715","Lake Riverside CDP, California","1375","300","1075","1001","899","13","33","40","0","16","74","69","8","14","24","7","15","0","0","0","0","0","0","0","0","1","0","5","0","1","0","0","3","1","0","0","0","0","0","0","0","0","0","0","0","0","0","0","0","0","0","0","0","0","0","0","0","0","0","0","0","0","0","0","0","0","0","0","0","0","0","0","0",
"1600000US0639724","Lake San Marcos CDP, California","5328","686","4642","4424","4068","29","7","296","2","22","218","206","26","46","73","5","47","1","1","0","1","2","0","0","2","2","0","10","1","5","1","0","1","0","0","1","0","0","0","0","0","0","0","0","0","1","0","0","2","1","1","0","0","0","0","0","0","0","0","0","0","0","0","0","0","0","0","0","0","0","0","0","0",
"1600000US0639728","Lake Shastina CDP, California","2401","255","2146","2026","1858","46","31","73","1","17","120","117","23","56","16","7","13","0","0","0","0","0","0","0","2","0","0","2","2","0","0","0","0","0","0","0","0","0","0","0","0","0","0","0","0","0","0","0","1","0","0","0","0","0","0","0","0","0","0","1","0","0","0","0","0","0","0","0","0","0","0","0","0",
"1600000US0639735","Lake Sherwood CDP, California","1759","121","1638","1569","1412","5","4","143","1","4","69","65","5","11","33","0","14","0","0","0","1","1","0","0","0","0","0","2","2","0","0","0","0","0","0","0","0","0","0","0","0","0","0","0","0","0","0","0","2","1","0","1","0","0","0","0","0","0","0","0","0","0","0","0","0","0","0","0","0","0","0","0","0",
"1600000US0639759","Lakeside CDP (Kern County), California","843","241","602","570","527","24","0","10","3","6","32","32","0","20","5","2","5","0","0","0","0","0","0","0","0","0","0","0","0","0","0","0","0","0","0","0","0","0","0","0","0","0","0","0","0","0","0","0","0","0","0","0","0","0","0","0","0","0","0","0","0","0","0","0","0","0","0","0","0","0","0","0","0",
"1600000US0639766","Lakeside CDP (San Diego County), California","21152","5325","15827","14555","13328","415","111","550","51","100","1272","1171","163","346","318","67","190","13","26","4","9","5","0","0","29","0","1","97","18","12","2","7","3","3","0","46","0","0","3","0","0","0","3","0","0","0","0","0","4","1","1","0","0","0","0","2","0","0","0","0","0","0","0","0","0","0","0","0","0","0","0","0","0",
"1600000US0639836","Lakeview CDP, California","1977","1413","564","498","439","20","6","19","1","13","66","60","5","18","5","0","28","3","0","0","0","0","0","0","1","0","0","6","1","2","0","0","1","0","0","1","0","0","0","0","0","0","0","0","1","0","0","0","0","0","0","0","0","0","0","0","0","0","0","0","0","0","0","0","0","0","0","0","0","0","0","0","0",
"1600000US0639885","Lake Wildwood CDP, California","5158","455","4703","4442","4284","24","19","88","4","23","261","243","26","95","66","10","38","2","1","0","0","1","0","0","4","0","0","18","6","2","0","0","2","3","0","4","1","0","0","0","0","0","0","0","0","0","0","0","0","0","0","0","0","0","0","0","0","0","0","0","0","0","0","0","0","0","0","0","0","0","0","0","0",
"1600000US0639892","Lakewood city, California","82496","29482","53014","48857","25882","6530","215","15137","645","448","4157","3820","589","589","1419","153","459","98","181","16","96","16","1","0","157","39","7","310","66","72","7","16","23","7","1","93","11","0","3","1","0","4","5","0","0","0","0","1","26","10","0","2","6","0","0","3","1","0","2","0","0","0","2","0","1","1","0","0","0","0","0","0","0",
"1600000US0640004","La Mesa city, California","61121","15686","45435","41382","32644","3954","187","3935","312","350","4053","3712","743","617","1331","160","513","57","109","31","38","13","4","1","77","18","0","310","86","68","17","18","34","2","0","63","12","0","4","0","2","2","1","0","1","0","0","0","28","7","1","12","3","1","0","2","0","0","2","0","0","0","0","0","3","2","1","0","0","0","0","0","0",
"1600000US0640032","La Mirada city, California","48008","20652","27356","25800","13508","1002","126","10820","103","241","1556","1457","149","271","607","26","221","8","46","7","24","5","2","0","80","9","2","82","7","12","2","11","10","2","5","22","5","0","5","0","0","0","1","0","0","0","0","0","16","3","0","0","1","3","2","6","0","0","0","0","1","0","0","0","1","0","1","0","0","0","0","0","0",
"1600000US0640088","Lamont CDP, California","14049","13451","598","536","433","12","16","46","0","29","62","54","7","14","8","1","18","0","2","1","0","2","0","0","1","0","0","8","2","0","0","0","2","0","1","0","1","1","0","0","0","1","0","0","0","0","0","0","0","0","0","0","0","0","0","0","0","0","0","0","0","0","0","0","0","0","0","0","0","0","0","0","0",
"1600000US0640116","Lanare CDP, California","540","496","44","40","12","24","0","4","0","0","4","3","0","0","0","0","0","1","0","0","1","0","0","0","0","1","0","1","0","0","0","0","1","0","0","0","0","0","0","0","0","0","0","0","0","0","0","0","0","0","0","0","0","0","0","0","0","0","0","0","0","0","0","0","0","0","0","0","0","0","0","0","0",
"1600000US0640130","Lancaster city, California","173516","78338","95178","87770","42321","35497","704","7699","250","1299","7408","6594","2061","1134","1169","93","601","440","275","52","490","35","5","9","163","54","13","732","297","143","9","73","32","0","14","102","9","3","15","3","6","6","14","3","3","0","0","0","76","36","0","17","5","4","0","8","0","0","1","4","0","1","0","0","5","4","0","0","0","1","0","1","1",
"1600000US0640256","La Palma city, California","15581","2939","12642","12074","3324","766","18","7835","77","54","568","513","58","49","258","14","33","13","24","0","31","7","0","0","16","9","1","48","8","9","2","4","5","1","1","15","0","1","0","1","0","0","0","0","0","0","0","1","6","4","0","0","2","0","0","0","0","0","0","0","0","0","0","0","1","0","1","0","0","0","0","0","0",
"1600000US0640312","La Porte CDP, California","65","2","63","57","56","0","1","0","0","0","6","5","0","2","0","0","3","0","0","0","0","0","0","0","0","0","0","1","0","0","0","0","0","0","0","0","0","0","1","0","0","0","0","0","0","0","0","0","0","0","0","0","0","0","0","0","0","0","0","0","0","0","0","0","0","0","0","0","0","0","0","0","0",
"1600000US0640326","La Presa CDP, California","35033","17999","17034","15297","7514","3791","120","3457","212","203","1737","1597","371","180","489","64","111","69","151","16","30","15","1","0","88","10","2","127","31","34","7","6","15","2","0","17","4","0","5","0","0","5","0","0","0","0","0","1","13","6","0","2","3","1","0","0","0","1","0","0","0","0","0","0","0","0","0","0","0","0","0","0","0",
"1600000US0640340","La Puente city, California","38062","31080","6982","6712","1257","386","44","4846","46","133","270","220","29","25","66","12","39","8","8","5","8","4","0","2","8","5","1","43","7","7","2","8","2","0","1","8","1","0","0","2","2","0","3","0","0","0","0","0","6","1","0","1","3","1","0","0","0","0","0","0","0","0","0","0","1","0","1","0","0","0","0","0","0",
"1600000US0640354","La Quinta city, California","37558","12852","24706","23486","21040","636","124","1464","45","177","1220","1152","166","302","318","45","230","20","18","6","15","6","1","1","15","4","5","60","20","7","2","5","3","1","1","12","2","1","1","0","2","2","1","0","0","0","0","0","8","2","0","0","1","0","0","4","0","0","0","1","0","0","0","0","0","0","0","0","0","0","0","0","0",
"1600000US0640410","La Riviera CDP, California","11252","2357","8895","8004","5708","1100","38","961","98","99","891","796","188","134","286","25","80","10","29","5","14","0","1","0","17","6","1","85","29","14","2","15","6","0","1","12","1","0","2","1","0","0","1","0","1","0","0","0","7","3","0","4","0","0","0","0","0","0","0","0","0","0","0","0","3","3","0","0","0","0","0","0","0",
"1600000US0640426","Larkfield-Wikiup CDP, California","8492","2319","6173","5719","5178","79","76","309","40","37","454","431","49","125","127","8","98","0","6","0","0","4","1","0","13","0","0","23","9","1","0","3","0","4","0","3","2","0","0","0","0","1","0","0","0","0","0","0","0","0","0","0","0","0","0","0","0","0","0","0","0","0","0","0","0","0","0","0","0","0","0","0","0",
"1600000US0640438","Larkspur city, California","13064","1450","11614","10779","9599","183","20","813","15","149","835","788","64","70","355","15","254","3","7","0","3","2","1","0","11","3","0","41","7","10","1","1","1","4","1","12","4","0","0","0","0","0","0","0","0","0","0","0","6","3","0","2","0","0","0","1","0","0","0","0","0","0","0","0","0","0","0","0","0","0","0","0","0",
"1600000US0640508","La Selva Beach CDP, California","2531","389","2142","2005","1899","9","6","88","0","3","137","129","2","51","36","2","30","2","3","0","0","0","0","1","1","1","0","6","0","0","0","0","2","2","0","1","0","1","0","0","0","0","0","0","0","0","0","0","2","0","0","1","0","0","0","0","0","0","1","0","0","0","0","0","0","0","0","0","0","0","0","0","0",
"1600000US0640526","Las Flores CDP (Orange County), California","5995","1061","4934","4584","3499","80","9","948","10","38","350","332","34","42","168","9","63","1","5","1","0","1","0","1","6","1","0","17","4","2","0","0","6","0","0","3","2","0","0","0","0","0","0","0","0","0","0","0","1","0","0","0","0","1","0","0","0","0","0","0","0","0","0","0","0","0","0","0","0","0","0","0","0",
"1600000US0640536","Las Flores CDP (Tehama County), California","190","106","84","79","76","0","0","2","0","1","5","3","0","0","1","0","2","0","0","0","0","0","0","0","0","0","0","2","1","0","0","0","0","0","0","0","0","0","0","0","1","0","0","0","0","0","0","0","0","0","0","0","0","0","0","0","0","0","0","0","0","0","0","0","0","0","0","0","0","0","0","0","0",
"1600000US0640592","Las Lomas CDP, California","3046","2785","261","227","190","2","6","18","0","11","34","31","1","8","3","0","14","0","0","0","0","3","0","0","0","2","0","1","0","0","0","0","0","0","0","1","0","0","0","0","0","0","0","0","0","0","0","0","1","0","0","0","1","0","0","0","0","0","0","0","0","0","0","0","1","1","0","0","0","0","0","0","0",
"1600000US0640704","Lathrop city, California","28701","11389","17312","16067","4850","2054","80","8538","336","209","1245","1108","160","154","457","20","88","29","58","7","26","21","4","0","56","17","11","106","27","19","0","4","11","0","4","22","3","1","4","3","6","2","0","0","0","0","0","0","30","20","1","0","6","0","0","3","0","0","0","0","0","0","0","0","1","1","0","0","0","0","0","0","0",
"1600000US0640746","Laton CDP, California","1622","1194","428","413","377","19","5","7","0","5","15","14","0","8","3","0","3","0","0","0","0","0","0","0","0","0","0","1","1","0","0","0","0","0","0","0","0","0","0","0","0","0","0","0","0","0","0","0","0","0","0","0","0","0","0","0","0","0","0","0","0","0","0","0","0","0","0","0","0","0","0","0","0",
"1600000US0640830","La Verne city, California","31334","11185","20149","18969","14373","906","81","3379","47","183","1180","1118","154","195","422","29","207","10","38","3","12","9","0","3","27","9","0","54","13","12","0","2","4","2","2","13","1","0","5","0","0","0","0","0","0","0","0","0","8","4","1","0","2","1","0","0","0","0","0","0","0","0","0","0","0","0","0","0","0","0","0","0","0",
"1600000US0640872","La Vina CDP, California","637","590","47","47","44","3","0","0","0","0","0","0","0","0","0","0","0","0","0","0","0","0","0","0","0","0","0","0","0","0","0","0","0","0","0","0","0","0","0","0","0","0","0","0","0","0","0","0","0","0","0","0","0","0","0","0","0","0","0","0","0","0","0","0","0","0","0","0","0","0","0","0","0",
"1600000US0640886","Lawndale city, California","31807","20018","11789","10803","4549","2538","75","3208","185","248","986","896","162","125","250","45","151","28","26","5","40","7","3","2","34","18","0","82","32","5","0","5","4","0","1","17","5","0","0","0","1","5","7","0","0","0","0","0","8","2","0","2","4","0","0","0","0","0","0","0","0","0","0","0","0","0","0","0","0","0","0","0","0",
"1600000US0640928","Laytonville CDP, California","1152","146","1006","919","724","6","167","18","0","4","87","80","14","43","2","0","21","0","0","0","0","0","0","0","0","0","0","7","0","0","0","0","4","0","0","2","0","1","0","0","0","0","0","0","0","0","0","0","0","0","0","0","0","0","0","0","0","0","0","0","0","0","0","0","0","0","0","0","0","0","0","0","0",
"1600000US0640956","Lebec CDP, California","1239","436","803","750","695","10","4","27","0","14","53","44","8","9","4","0","22","0","0","0","1","0","0","0","0","0","0","9","3","0","0","0","4","0","0","2","0","0","0","0","0","0","0","0","0","0","0","0","0","0","0","0","0","0","0","0","0","0","0","0","0","0","0","0","0","0","0","0","0","0","0","0","0",
"1600000US0640998","Lee Vining CDP, California","217","109","108","105","90","2","12","0","0","1","3","2","0","1","0","0","0","0","1","0","0","0","0","0","0","0","0","1","1","0","0","0","0","0","0","0","0","0","0","0","0","0","0","0","0","0","0","0","0","0","0","0","0","0","0","0","0","0","0","0","0","0","0","0","0","0","0","0","0","0","0","0","0",
"1600000US0641026","Leggett CDP, California","77","17","60","54","54","0","0","0","0","0","6","4","1","1","0","0","2","0","0","0","0","0","0","0","0","0","0","2","1","0","0","0","0","0","0","0","0","1","0","0","0","0","0","0","0","0","0","0","0","0","0","0","0","0","0","0","0","0","0","0","0","0","0","0","0","0","0","0","0","0","0","0","0",
"1600000US0641040","Le Grand CDP, California","1592","1330","262","235","213","11","3","4","1","3","27","24","4","8","4","0","8","0","0","0","0","0","0","0","0","0","0","1","1","0","0","0","0","0","0","0","0","0","0","0","0","0","0","0","0","0","0","0","2","2","0","0","0","0","0","0","0","0","0","0","0","0","0","0","0","0","0","0","0","0","0","0","0",
"1600000US0641110","Lemon Cove CDP, California","298","82","216","203","197","0","3","0","1","2","13","12","0","8","1","0","3","0","0","0","0","0","0","0","0","0","0","1","0","1","0","0","0","0","0","0","0","0","0","0","0","0","0","0","0","0","0","0","0","0","0","0","0","0","0","0","0","0","0","0","0","0","0","0","0","0","0","0","0","0","0","0","0",
"1600000US0641124","Lemon Grove city, California","27627","12850","14777","13476","7479","3174","81","2360","228","154","1301","1160","259","167","334","56","131","22","94","26","14","7","3","0","35","7","5","128","30","33","1","7","15","4","0","24","6","0","4","0","0","2","0","0","1","0","0","1","11","8","1","0","0","0","1","0","0","1","0","0","0","0","0","0","2","1","1","0","0","0","0","0","0",
"1600000US0641142","Lemon Hill CDP, California","14496","6728","7768","7218","2093","1426","93","2914","627","65","550","476","150","82","102","7","33","36","18","7","10","3","0","2","16","7","3","59","33","5","0","4","10","0","0","4","0","0","2","0","0","0","0","1","0","0","0","0","12","5","1","5","1","0","0","0","0","0","0","0","0","0","0","0","3","3","0","0","0","0","0","0","0",
"1600000US0641152","Lemoore city, California","27038","12971","14067","12783","8630","1487","234","2202","97","133","1284","1207","208","280","419","19","118","40","54","6","21","2","0","3","30","6","1","72","9","18","4","6","6","1","1","20","1","0","0","0","2","4","0","0","0","0","0","0","4","0","0","0","0","0","0","2","0","0","0","1","1","0","0","0","1","0","1","0","0","0","0","0","0",
"1600000US0641166","Lemoore Station CDP, California","6568","1549","5019","4497","3049","873","48","413","80","34","522","469","153","66","122","10","42","10","34","9","4","0","0","1","16","2","0","48","20","17","0","0","0","0","0","8","1","0","0","0","0","2","0","0","0","0","0","0","5","0","0","0","0","3","0","0","1","0","0","1","0","0","0","0","0","0","0","0","0","0","0","0","0",
"1600000US0641180","Lennox CDP, California","20323","18669","1654","1552","367","746","19","217","110","93","102","81","18","13","16","0","8","3","5","1","9","0","0","0","6","2","0","17","7","3","0","0","0","0","0","0","2","0","0","0","5","0","0","0","0","0","0","0","4","2","0","0","1","1","0","0","0","0","0","0","0","0","0","0","0","0","0","0","0","0","0","0","0",
"1600000US0641194","Lenwood CDP, California","3623","1900","1723","1508","1100","297","30","38","25","18","215","194","73","44","18","4","23","16","0","2","10","2","0","0","1","1","0","21","4","1","6","4","0","1","0","0","0","0","1","0","0","0","4","0","0","0","0","0","0","0","0","0","0","0","0","0","0","0","0","0","0","0","0","0","0","0","0","0","0","0","0","0","0",
"1600000US0641208","Leona Valley CDP, California","1555","224","1331","1240","1187","8","7","19","0","19","91","86","22","35","8","0","20","0","0","0","0","0","0","0","0","1","0","5","5","0","0","0","0","0","0","0","0","0","0","0","0","0","0","0","0","0","0","0","0","0","0","0","0","0","0","0","0","0","0","0","0","0","0","0","0","0","0","0","0","0","0","0","0",
"1600000US0641278","Lewiston CDP, California","1222","70","1152","1036","966","4","36","7","4","19","116","114","0","84","14","0","14","1","0","0","0","0","1","0","0","0","0","2","0","0","0","0","0","1","1","0","0","0","0","0","0","0","0","0","0","0","0","0","0","0","0","0","0","0","0","0","0","0","0","0","0","0","0","0","0","0","0","0","0","0","0","0","0",
"1600000US0641282","Lexington Hills CDP, California","2492","225","2267","2091","1906","22","5","138","0","20","176","168","8","28","86","1","40","0","1","0","2","0","0","0","2","0","0","7","5","0","0","0","0","0","0","2","0","0","0","0","0","0","0","0","0","0","0","0","1","0","0","0","0","0","0","0","1","0","0","0","0","0","0","0","0","0","0","0","0","0","0","0","0",
"1600000US0641390","Likely CDP, California","58","3","55","51","47","0","4","0","0","0","4","4","0","2","1","1","0","0","0","0","0","0","0","0","0","0","0","0","0","0","0","0","0","0","0","0","0","0","0","0","0","0","0","0","0","0","0","0","0","0","0","0","0","0","0","0","0","0","0","0","0","0","0","0","0","0","0","0","0","0","0","0","0",
"1600000US0641474","Lincoln city, California","49757","10037","39720","36960","32592","802","180","3066","126","194","2760","2570","350","723","800","113","440","7","29","6","9","14","3","1","49","20","6","175","35","17","1","9","31","8","8","52","7","0","0","0","2","4","0","0","1","0","0","0","15","8","2","1","0","0","0","4","0","0","0","0","0","0","0","0","0","0","0","0","0","0","0","0","0",
"1600000US0641558","Lincoln Village CDP, California","4401","1779","2622","2393","1843","206","13","301","17","13","229","213","40","48","64","8","36","4","5","2","1","3","0","0","1","1","0","14","4","1","0","1","0","0","2","4","0","0","0","0","0","1","1","0","0","0","0","0","2","0","0","0","2","0","0","0","0","0","0","0","0","0","0","0","0","0","0","0","0","0","0","0","0",
"1600000US0641572","Linda CDP, California","21654","7629","14025","12488","8455","928","285","2593","113","114","1537","1398","268","566","244","21","194","25","19","10","15","5","3","3","13","12","0","136","63","15","7","3","11","6","2","15","7","0","1","0","1","2","3","0","0","0","0","0","3","2","0","0","0","0","0","1","0","0","0","0","0","0","0","0","0","0","0","0","0","0","0","0","0",
"1600000US0641656","Lindcove CDP, California","189","117","72","69","65","0","1","3","0","0","3","3","0","3","0","0","0","0","0","0","0","0","0","0","0","0","0","0","0","0","0","0","0","0","0","0","0","0","0","0","0","0","0","0","0","0","0","0","0","0","0","0","0","0","0","0","0","0","0","0","0","0","0","0","0","0","0","0","0","0","0","0","0",
"1600000US0641670","Linden CDP, California","1863","568","1295","1203","1153","10","4","24","4","8","92","92","5","33","11","0","42","0","0","0","1","0","0","0","0","0","0","0","0","0","0","0","0","0","0","0","0","0","0","0","0","0","0","0","0","0","0","0","0","0","0","0","0","0","0","0","0","0","0","0","0","0","0","0","0","0","0","0","0","0","0","0","0",
"1600000US0641712","Lindsay city, California","12659","11267","1392","1293","985","42","34","178","15","39","99","92","21","32","15","0","16","3","0","0","2","1","0","0","0","2","0","6","3","0","0","0","0","0","0","2","0","0","0","1","0","0","0","0","0","0","0","0","1","1","0","0","0","0","0","0","0","0","0","0","0","0","0","0","0","0","0","0","0","0","0","0","0",
"1600000US0641740","Linnell Camp CDP, California","696","691","5","3","3","0","0","0","0","0","2","2","0","0","0","0","2","0","0","0","0","0","0","0","0","0","0","0","0","0","0","0","0","0","0","0","0","0","0","0","0","0","0","0","0","0","0","0","0","0","0","0","0","0","0","0","0","0","0","0","0","0","0","0","0","0","0","0","0","0","0","0","0",
"1600000US0641782","Litchfield CDP, California","160","5","155","147","144","0","0","3","0","0","8","8","0","6","0","1","1","0","0","0","0","0","0","0","0","0","0","0","0","0","0","0","0","0","0","0","0","0","0","0","0","0","0","0","0","0","0","0","0","0","0","0","0","0","0","0","0","0","0","0","0","0","0","0","0","0","0","0","0","0","0","0","0",
"1600000US0641789","Little Grass Valley CDP, California","25","5","20","20","19","0","0","1","0","0","0","0","0","0","0","0","0","0","0","0","0","0","0","0","0","0","0","0","0","0","0","0","0","0","0","0","0","0","0","0","0","0","0","0","0","0","0","0","0","0","0","0","0","0","0","0","0","0","0","0","0","0","0","0","0","0","0","0","0","0","0","0","0",
"1600000US0641866","Little River CDP, California","94","6","88","86","78","5","0","3","0","0","2","2","0","1","0","0","1","0","0","0","0","0","0","0","0","0","0","0","0","0","0","0","0","0","0","0","0","0","0","0","0","0","0","0","0","0","0","0","0","0","0","0","0","0","0","0","0","0","0","0","0","0","0","0","0","0","0","0","0","0","0","0","0",
"1600000US0641880","Littlerock CDP, California","1535","1013","522","479","367","76","0","24","0","12","43","38","2","24","5","0","1","1","0","0","5","0","0","0","0","0","0","5","0","1","0","2","0","0","0","2","0","0","0","0","0","0","0","0","0","0","0","0","0","0","0","0","0","0","0","0","0","0","0","0","0","0","0","0","0","0","0","0","0","0","0","0","0",
"1600000US0641908","Little Valley CDP, California","84","6","78","70","62","2","5","0","1","0","8","8","0","6","1","0","0","0","0","0","0","0","1","0","0","0","0","0","0","0","0","0","0","0","0","0","0","0","0","0","0","0","0","0","0","0","0","0","0","0","0","0","0","0","0","0","0","0","0","0","0","0","0","0","0","0","0","0","0","0","0","0","0",
"1600000US0641922","Live Oak CDP, California","17038","5111","11927","10997","9861","179","58","750","32","117","930","873","139","208","272","26","192","8","8","0","6","1","0","0","7","5","1","51","12","10","3","3","12","1","0","9","0","0","0","0","0","0","0","0","0","1","0","0","4","3","0","0","0","0","0","0","0","0","0","0","1","0","0","0","2","1","0","0","1","0","0","0","0",
"1600000US0641936","Live Oak city, California","9106","4508","4598","4231","2749","121","55","1233","38","35","367","344","44","147","65","1","61","4","8","1","0","1","0","0","1","11","0","18","9","5","0","0","1","0","1","2","0","0","0","0","0","0","0","0","0","0","0","0","4","0","2","2","0","0","0","0","0","0","0","0","0","0","0","0","1","0","0","0","1","0","0","0","0",
"1600000US0641992","Livermore city, California","87955","18978","68977","63598","48449","1604","203","12633","209","500","5379","5011","407","872","2281","221","856","28","100","5","40","16","4","0","136","39","6","332","52","51","4","8","39","9","8","130","10","0","4","0","6","3","3","0","0","0","0","5","35","15","0","4","5","2","0","7","0","0","2","0","0","0","0","0","1","0","0","0","1","0","0","0","0",
"1600000US0642006","Livingston city, California","14172","9936","4236","4108","930","95","52","2978","19","34","128","111","9","16","31","5","13","0","1","1","1","13","0","0","4","16","1","17","0","1","3","0","5","0","0","5","2","1","0","0","0","0","0","0","0","0","0","0","0","0","0","0","0","0","0","0","0","0","0","0","0","0","0","0","0","0","0","0","0","0","0","0","0",
"1600000US0642104","Lockeford CDP, California","3333","1163","2170","2028","1917","18","8","54","11","20","142","140","9","54","34","2","28","0","1","0","0","3","0","2","6","0","1","2","0","1","0","0","0","0","0","0","1","0","0","0","0","0","0","0","0","0","0","0","0","0","0","0","0","0","0","0","0","0","0","0","0","0","0","0","0","0","0","0","0","0","0","0","0",
"1600000US0642142","Lockwood CDP (Amador County), California","495","45","450","405","390","2","4","6","0","3","45","42","1","20","7","0","13","0","0","0","0","0","0","0","1","0","0","1","0","0","0","0","0","0","0","1","0","0","0","0","0","0","0","0","0","0","0","0","2","0","1","0","0","0","0","0","0","0","0","1","0","0","0","0","0","0","0","0","0","0","0","0","0",
"1600000US0642146","Lockwood CDP (Monterey County), California","368","112","256","238","214","10","2","7","1","4","18","18","0","5","5","0","8","0","0","0","0","0","0","0","0","0","0","0","0","0","0","0","0","0","0","0","0","0","0","0","0","0","0","0","0","0","0","0","0","0","0","0","0","0","0","0","0","0","0","0","0","0","0","0","0","0","0","0","0","0","0","0","0",
"1600000US0642202","Lodi city, California","66348","25949","40399","37644","30024","786","240","6141","124","329","2755","2567","251","789","828","91","399","11","23","5","16","24","0","8","67","48","7","148","28","27","5","7","22","2","4","42","0","0","5","3","1","1","0","0","1","0","0","0","38","16","2","7","6","3","0","0","2","0","2","0","0","0","0","0","2","2","0","0","0","0","0","0","0",
"1600000US0642230","Lodoga CDP, California","184","23","161","158","145","9","0","3","0","1","3","3","0","1","0","0","1","0","0","0","0","0","0","0","1","0","0","0","0","0","0","0","0","0","0","0","0","0","0","0","0","0","0","0","0","0","0","0","0","0","0","0","0","0","0","0","0","0","0","0","0","0","0","0","0","0","0","0","0","0","0","0","0",
"1600000US0642328","Loleta CDP, California","828","151","677","646","597","13","17","10","3","6","31","29","5","18","2","0","2","1","0","0","0","1","0","0","0","0","0","2","1","0","0","0","0","0","1","0","0","0","0","0","0","0","0","0","0","0","0","0","0","0","0","0","0","0","0","0","0","0","0","0","0","0","0","0","0","0","0","0","0","0","0","0","0",
"1600000US0642370","Loma Linda city, California","24791","6908","17883","16666","7175","2322","67","6865","70","167","1217","1112","174","125","418","8","138","38","59","1","48","12","6","2","66","17","0","86","32","20","1","10","3","2","0","8","2","0","2","1","0","1","1","1","0","0","0","2","17","17","0","0","0","0","0","0","0","0","0","0","0","0","0","0","2","1","1","0","0","0","0","0","0",
"1600000US0642384","Loma Mar CDP, California","134","14","120","109","107","2","0","0","0","0","11","11","2","0","4","0","5","0","0","0","0","0","0","0","0","0","0","0","0","0","0","0","0","0","0","0","0","0","0","0","0","0","0","0","0","0","0","0","0","0","0","0","0","0","0","0","0","0","0","0","0","0","0","0","0","0","0","0","0","0","0","0","0",
"1600000US0642412","Loma Rica CDP, California","2409","293","2116","1944","1837","17","29","41","4","16","172","159","20","87","19","6","22","0","2","1","0","0","0","0","1","1","0","12","1","2","0","1","3","1","0","3","1","0","0","0","0","0","0","0","0","0","0","0","0","0","0","0","0","0","0","0","0","0","0","0","0","0","0","0","1","0","1","0","0","0","0","0","0",
"1600000US0642468","Lomita city, California","20921","7691","13230","12152","7269","1129","57","3436","128","133","1078","982","116","152","429","32","131","12","23","12","23","4","0","0","40","8","0","85","13","9","6","1","12","0","6","29","0","0","0","0","0","4","4","1","0","0","0","0","10","3","2","4","0","0","0","1","0","0","0","0","0","0","0","0","1","0","1","0","0","0","0","0","0",
"1600000US0642510","Lompico CDP, California","1154","128","1026","960","919","5","3","17","3","13","66","65","3","18","19","3","19","0","0","0","0","0","0","0","0","3","0","1","0","0","0","0","0","0","0","0","0","0","0","0","0","1","0","0","0","0","0","0","0","0","0","0","0","0","0","0","0","0","0","0","0","0","0","0","0","0","0","0","0","0","0","0","0",
"1600000US0642524","Lompoc city, California","44444","25472","18972","17276","13310","1805","289","1608","98","166","1696","1510","322","417","399","46","202","17","32","7","21","5","2","1","36","3","0","171","39","26","0","15","22","5","2","52","5","0","0","0","0","0","0","1","0","2","1","1","10","7","0","1","0","0","0","2","0","0","0","0","0","0","0","0","5","4","0","1","0","0","0","0","0",
"1600000US0642566","London CDP, California","1518","1407","111","98","92","1","0","5","0","0","13","11","0","10","0","0","0","0","1","0","0","0","0","0","0","0","0","2","0","0","0","1","1","0","0","0","0","0","0","0","0","0","0","0","0","0","0","0","0","0","0","0","0","0","0","0","0","0","0","0","0","0","0","0","0","0","0","0","0","0","0","0","0",
"1600000US0642580","Lone Pine CDP, California","2014","774","1240","1159","887","7","239","20","1","5","81","73","9","39","5","1","19","0","0","0","0","0","0","0","0","0","0","7","2","0","0","0","0","0","0","5","0","0","0","0","0","0","0","0","0","0","0","0","1","0","0","0","0","1","0","0","0","0","0","0","0","0","0","0","0","0","0","0","0","0","0","0","0",
"1600000US0642622","Long Barn CDP, California","162","12","150","138","136","0","2","0","0","0","12","11","0","11","0","0","0","0","0","0","0","0","0","0","0","0","0","1","0","0","0","0","1","0","0","0","0","0","0","0","0","0","0","0","0","0","0","0","0","0","0","0","0","0","0","0","0","0","0","0","0","0","0","0","0","0","0","0","0","0","0","0","0",
"1600000US0643000","Long Beach city, California","466742","201997","264745","244964","121970","55894","1119","59308","3937","2736","19781","17897","3599","2149","6131","528","2016","648","924","224","685","103","10","43","646","164","27","1711","546","301","35","149","153","8","21","326","49","3","35","6","21","26","19","4","4","0","0","5","156","61","5","41","15","7","0","16","2","0","3","3","3","0","0","0","16","8","7","0","1","0","0","1","1",
"1600000US0643126","Lookout CDP, California","68","6","62","57","55","0","1","0","0","1","5","4","0","3","0","0","1","0","0","0","0","0","0","0","0","0","0","1","0","0","0","0","1","0","0","0","0","0","0","0","0","0","0","0","0","0","0","0","0","0","0","0","0","0","0","0","0","0","0","0","0","0","0","0","0","0","0","0","0","0","0","0","0",
"1600000US0643140","Loomis town, California","6836","808","6028","5605","5231","27","65","234","2","46","423","408","35","144","123","16","83","3","2","0","0","0","0","0","1","1","0","13","7","0","0","0","0","0","0","6","0","0","0","0","0","0","0","0","0","0","0","0","1","0","0","0","0","1","0","0","0","0","0","0","0","0","0","0","1","1","0","0","0","0","0","0","0",
"1600000US0643224","Los Alamitos city, California","11780","3026","8754","8027","5449","347","34","2060","69","68","727","676","72","99","322","25","46","15","25","1","5","3","0","1","56","5","1","46","18","14","1","0","9","0","0","4","0","0","0","0","0","0","0","0","0","0","0","0","5","1","0","2","0","0","0","2","0","0","0","0","0","0","0","0","0","0","0","0","0","0","0","0","0",
"1600000US0643252","Los Alamos CDP, California","1839","928","911","859","800","8","24","20","0","7","52","52","5","18","14","0","14","0","1","0","0","0","0","0","0","0","0","0","0","0","0","0","0","0","0","0","0","0","0","0","0","0","0","0","0","0","0","0","0","0","0","0","0","0","0","0","0","0","0","0","0","0","0","0","0","0","0","0","0","0","0","0","0",
"1600000US0643280","Los Altos city, California","31625","1538","30087","28205","16630","177","30","11145","37","186","1882","1804","94","93","1313","8","223","1","17","1","1","4","0","3","26","19","1","74","15","15","0","1","11","1","0","27","4","0","0","0","0","0","0","0","0","0","0","0","3","3","0","0","0","0","0","0","0","0","0","0","0","0","0","0","1","1","0","0","0","0","0","0","0",
"1600000US0643294","Los Altos Hills town, California","8489","334","8155","7692","4738","22","3","2859","21","49","463","446","17","28","298","11","76","0","4","1","0","0","0","1","5","5","0","15","1","7","1","0","0","0","1","4","1","0","0","0","0","0","0","0","0","0","0","0","2","1","0","0","1","0","0","0","0","0","0","0","0","0","0","0","0","0","0","0","0","0","0","0","0",
"1600000US0644000","Los Angeles city, California","3898747","1829991","2068756","1940728","1126052","322553","6614","454585","4573","26351","128028","117581","21734","10622","46653","1703","16424","3719","4260","591","7115","485","70","245","2648","1155","157","9243","2855","1571","176","979","770","97","186","1470","346","25","168","58","138","159","136","47","32","4","0","26","1076","427","43","262","91","90","5","102","13","0","14","15","9","3","2","0","108","55","47","4","2","0","0","20","20",
"1600000US0644028","Los Banos city, California","45532","33611","11921","10971","7990","954","149","1369","277","232","950","840","166","228","167","34","130","17","27","4","6","6","2","0","35","16","2","95","35","3","6","4","14","2","3","21","1","1","3","0","1","1","0","0","0","0","0","0","12","8","1","0","0","2","0","0","0","0","1","0","0","0","0","0","3","0","3","0","0","0","0","0","0",
"1600000US0644042","Los Berros CDP, California","623","141","482","439","411","7","1","15","0","5","43","42","2","14","8","0","14","0","2","0","0","1","0","0","1","0","0","1","1","0","0","0","0","0","0","0","0","0","0","0","0","0","0","0","0","0","0","0","0","0","0","0","0","0","0","0","0","0","0","0","0","0","0","0","0","0","0","0","0","0","0","0","0",
"1600000US0644112","Los Gatos town, California","33529","3017","30512","28568","21890","298","38","6105","24","213","1944","1867","174","217","1037","34","334","8","15","2","2","3","0","3","30","7","1","72","17","9","2","6","8","0","0","23","6","0","0","0","0","0","0","0","0","0","0","1","5","3","0","1","0","0","0","1","0","0","0","0","0","0","0","0","0","0","0","0","0","0","0","0","0",
"1600000US0644140","Los Molinos CDP, California","2098","617","1481","1354","1283","11","39","17","2","2","127","124","4","81","6","4","28","1","0","0","0","0","0","0","0","0","0","3","0","0","0","0","0","0","2","0","0","0","1","0","0","0","0","0","0","0","0","0","0","0","0","0","0","0","0","0","0","0","0","0","0","0","0","0","0","0","0","0","0","0","0","0","0",
"1600000US0644168","Los Olivos CDP, California","1202","201","1001","964","940","0","5","7","0","12","37","36","2","15","9","2","7","0","0","0","0","0","0","0","0","1","0","1","1","0","0","0","0","0","0","0","0","0","0","0","0","0","0","0","0","0","0","0","0","0","0","0","0","0","0","0","0","0","0","0","0","0","0","0","0","0","0","0","0","0","0","0","0",
"1600000US0644182","Los Osos CDP, California","14465","2290","12175","11431","10460","81","56","736","13","85","744","702","42","231","194","14","188","5","3","0","3","6","0","0","11","5","0","32","5","2","0","1","12","1","1","7","0","0","1","0","0","2","0","0","0","0","0","0","9","2","2","1","0","0","0","3","0","0","0","0","0","0","1","0","1","0","1","0","0","0","0","0","0",
"1600000US0644242","Los Ranchos CDP, California","1516","125","1391","1317","1268","0","0","38","0","11","74","74","1","15","28","1","27","1","1","0","0","0","0","0","0","0","0","0","0","0","0","0","0","0","0","0","0","0","0","0","0","0","0","0","0","0","0","0","0","0","0","0","0","0","0","0","0","0","0","0","0","0","0","0","0","0","0","0","0","0","0","0","0",
"1600000US0644280","Lost Hills CDP, California","2370","2323","47","44","30","5","0","4","0","5","3","2","0","1","0","0","0","0","0","0","0","0","0","0","1","0","0","1","1","0","0","0","0","0","0","0","0","0","0","0","0","0","0","0","0","0","0","0","0","0","0","0","0","0","0","0","0","0","0","0","0","0","0","0","0","0","0","0","0","0","0","0","0",
"1600000US0644350","Lower Lake CDP, California","1276","333","943","883","798","32","31","13","5","4","60","55","14","14","11","1","13","1","0","0","0","1","0","0","0","0","0","4","0","0","0","0","0","2","0","1","1","0","0","0","0","0","0","0","0","0","0","0","1","1","0","0","0","0","0","0","0","0","0","0","0","0","0","0","0","0","0","0","0","0","0","0","0",
"1600000US0644364","Loyalton city, California","740","127","613","582","563","4","9","0","1","5","31","27","1","13","2","0","6","0","0","2","0","0","3","0","0","0","0","4","0","0","0","0","1","0","0","0","0","0","0","0","2","0","0","0","0","0","0","1","0","0","0","0","0","0","0","0","0","0","0","0","0","0","0","0","0","0","0","0","0","0","0","0","0",
"1600000US0644378","Loyola CDP, California","3491","129","3362","3161","2001","18","2","1109","2","29","201","198","14","5","153","0","17","1","3","1","0","0","0","0","4","0","0","3","0","0","0","1","0","0","0","0","2","0","0","0","0","0","0","0","0","0","0","0","0","0","0","0","0","0","0","0","0","0","0","0","0","0","0","0","0","0","0","0","0","0","0","0","0",
"1600000US0644399","Lucas Valley-Marinwood CDP, California","6259","590","5669","5252","4650","65","7","477","15","38","417","399","34","40","247","5","65","0","0","2","0","0","0","0","6","0","0","18","5","6","0","0","2","0","0","5","0","0","0","0","0","0","0","0","0","0","0","0","0","0","0","0","0","0","0","0","0","0","0","0","0","0","0","0","0","0","0","0","0","0","0","0","0",
"1600000US0644406","Lucerne CDP, California","3266","596","2670","2453","2239","32","92","59","7","24","217","213","30","119","16","10","28","5","1","0","0","0","1","0","1","2","0","3","0","1","0","0","0","0","0","0","0","0","1","0","0","0","1","0","0","0","0","0","1","1","0","0","0","0","0","0","0","0","0","0","0","0","0","0","0","0","0","0","0","0","0","0","0",
"1600000US0644420","Lucerne Valley CDP, California","5331","1752","3579","3322","2945","125","51","148","9","44","257","245","29","93","36","3","76","2","2","1","0","0","0","0","1","2","0","10","3","0","0","0","0","0","0","5","0","0","0","0","0","2","0","0","0","0","0","0","2","2","0","0","0","0","0","0","0","0","0","0","0","0","0","0","0","0","0","0","0","0","0","0","0",
"1600000US0644574","Lynwood city, California","67265","59427","7838","7434","1212","5301","64","397","182","278","404","351","100","22","8","9","43","51","34","5","45","3","0","0","18","13","0","40","12","7","2","3","4","0","0","7","0","0","1","0","0","1","1","2","0","0","0","0","13","7","0","0","0","3","0","2","0","0","1","0","0","0","0","0","0","0","0","0","0","0","0","0","0",
"1600000US0644644","Lytle Creek CDP, California","725","170","555","538","469","23","2","34","1","9","17","17","2","5","4","0","5","0","0","0","0","0","0","0","1","0","0","0","0","0","0","0","0","0","0","0","0","0","0","0","0","0","0","0","0","0","0","0","0","0","0","0","0","0","0","0","0","0","0","0","0","0","0","0","0","0","0","0","0","0","0","0","0",
"1600000US0644672","Mabie CDP, California","181","8","173","162","159","0","3","0","0","0","11","11","0","10","0","0","1","0","0","0","0","0","0","0","0","0","0","0","0","0","0","0","0","0","0","0","0","0","0","0","0","0","0","0","0","0","0","0","0","0","0","0","0","0","0","0","0","0","0","0","0","0","0","0","0","0","0","0","0","0","0","0","0",
"1600000US0644700","McArthur CDP, California","334","141","193","179","163","3","9","1","0","3","14","13","0","7","2","3","1","0","0","0","0","0","0","0","0","0","0","1","0","0","0","0","0","0","1","0","0","0","0","0","0","0","0","0","0","0","0","0","0","0","0","0","0","0","0","0","0","0","0","0","0","0","0","0","0","0","0","0","0","0","0","0","0",
"1600000US0644760","McClellan Park CDP, California","926","201","725","644","351","192","14","55","18","14","81","69","23","12","10","0","0","2","10","8","1","1","0","0","1","1","0","12","3","5","0","0","1","0","0","2","1","0","0","0","0","0","0","0","0","0","0","0","0","0","0","0","0","0","0","0","0","0","0","0","0","0","0","0","0","0","0","0","0","0","0","0","0",
"1600000US0644770","McClenney Tract CDP, California","15","2","13","12","12","0","0","0","0","0","1","1","0","1","0","0","0","0","0","0","0","0","0","0","0","0","0","0","0","0","0","0","0","0","0","0","0","0","0","0","0","0","0","0","0","0","0","0","0","0","0","0","0","0","0","0","0","0","0","0","0","0","0","0","0","0","0","0","0","0","0","0","0",
"1600000US0644784","McCloud CDP, California","945","75","870","786","766","3","4","6","3","4","84","74","8","56","3","0","7","0","0","0","0","0","0","0","0","0","0","10","8","0","0","0","0","1","1","0","0","0","0","0","0","0","0","0","0","0","0","0","0","0","0","0","0","0","0","0","0","0","0","0","0","0","0","0","0","0","0","0","0","0","0","0","0",
"1600000US0644812","Macdoel CDP, California","86","53","33","31","22","2","2","2","0","3","2","1","0","1","0","0","0","0","0","0","0","0","0","0","0","0","0","1","0","0","0","0","0","1","0","0","0","0","0","0","0","0","0","0","0","0","0","0","0","0","0","0","0","0","0","0","0","0","0","0","0","0","0","0","0","0","0","0","0","0","0","0","0",
"1600000US0644826","McFarland city, California","14161","13451","710","670","421","78","17","115","3","36","40","33","0","11","1","1","2","1","0","0","1","2","0","0","14","0","0","3","1","1","0","0","0","1","0","0","0","0","0","0","0","0","0","0","0","0","0","0","3","1","0","0","0","0","0","2","0","0","0","0","0","0","0","0","1","0","0","1","0","0","0","0","0",
"1600000US0644830","McGee Creek CDP, California","45","6","39","32","30","0","1","1","0","0","7","7","0","0","0","0","7","0","0","0","0","0","0","0","0","0","0","0","0","0","0","0","0","0","0","0","0","0","0","0","0","0","0","0","0","0","0","0","0","0","0","0","0","0","0","0","0","0","0","0","0","0","0","0","0","0","0","0","0","0","0","0","0",
"1600000US0644910","McKinleyville CDP, California","16262","1692","14570","13084","11806","140","737","258","20","123","1486","1355","136","698","198","38","238","13","6","1","2","7","0","4","11","3","0","115","34","16","2","8","25","6","4","14","1","0","4","0","0","1","0","0","0","0","0","0","16","6","0","5","0","1","0","4","0","0","0","0","0","0","0","0","0","0","0","0","0","0","0","0","0",
"1600000US0644924","McKittrick CDP, California","102","25","77","70","67","1","2","0","0","0","7","5","2","1","0","0","2","0","0","0","0","0","0","0","0","0","0","0","0","0","0","0","0","0","0","0","0","0","0","0","0","0","0","0","0","0","0","0","2","2","0","0","0","0","0","0","0","0","0","0","0","0","0","0","0","0","0","0","0","0","0","0","0",
"1600000US0645006","McSwain CDP, California","4480","1414","3066","2873","2470","49","22","313","2","17","193","187","18","57","48","13","44","1","5","0","1","0","0","0","0","0","0","5","0","3","0","0","0","0","0","1","1","0","0","0","0","0","0","0","0","0","0","0","1","0","0","0","0","0","0","0","0","0","1","0","0","0","0","0","0","0","0","0","0","0","0","0","0",
"1600000US0645008","Madeline CDP, California","21","7","14","10","9","0","0","1","0","0","4","4","0","2","2","0","0","0","0","0","0","0","0","0","0","0","0","0","0","0","0","0","0","0","0","0","0","0","0","0","0","0","0","0","0","0","0","0","0","0","0","0","0","0","0","0","0","0","0","0","0","0","0","0","0","0","0","0","0","0","0","0","0",
"1600000US0645022","Madera city, California","66224","53471","12753","11883","8075","1481","359","1650","37","281","870","791","149","275","172","26","112","18","5","0","5","12","3","0","7","6","1","68","13","7","5","10","11","3","0","12","4","0","1","0","0","0","2","0","0","0","0","0","8","1","0","5","2","0","0","0","0","0","0","0","0","0","0","0","0","0","0","0","0","0","0","3","3",
"1600000US0645050","Madera Acres CDP, California","9162","6837","2325","2158","1813","158","67","90","0","30","167","160","30","69","24","0","31","0","0","0","0","3","0","1","0","0","2","4","2","0","0","0","2","0","0","0","0","0","0","0","0","0","0","0","0","0","0","0","3","0","0","1","0","0","0","2","0","0","0","0","0","0","0","0","0","0","0","0","0","0","0","0","0",
"1600000US0645054","Madera Ranchos CDP, California","3623","1196","2427","2256","2070","29","16","124","3","14","171","163","16","57","27","1","57","0","0","0","2","0","0","0","3","0","0","6","0","0","0","0","2","0","0","0","1","0","3","0","0","0","0","0","0","0","0","0","2","1","0","0","0","0","0","1","0","0","0","0","0","0","0","0","0","0","0","0","0","0","0","0","0",
"1600000US0645064","Madison CDP, California","581","512","69","65","55","2","1","5","2","0","4","3","1","0","0","0","2","0","0","0","0","0","0","0","0","0","0","0","0","0","0","0","0","0","0","0","0","0","0","0","0","0","0","0","0","0","0","0","1","1","0","0","0","0","0","0","0","0","0","0","0","0","0","0","0","0","0","0","0","0","0","0","0",
"1600000US0645092","Mad River CDP, California","361","21","340","321","302","0","8","11","0","0","19","17","0","15","0","0","2","0","0","0","0","0","0","0","0","0","0","2","0","0","0","0","1","0","0","0","0","0","0","0","0","0","0","0","0","1","0","0","0","0","0","0","0","0","0","0","0","0","0","0","0","0","0","0","0","0","0","0","0","0","0","0","0",
"1600000US0645120","Magalia CDP, California","7795","691","7104","6587","6336","36","84","85","9","37","517","496","42","298","43","13","88","1","0","0","0","0","1","6","3","0","1","18","7","0","0","0","1","1","0","6","0","0","0","0","2","0","0","0","1","0","0","0","3","2","1","0","0","0","0","0","0","0","0","0","0","0","0","0","0","0","0","0","0","0","0","0","0",
"1600000US0645232","Malaga CDP, California","884","820","64","57","23","10","3","20","0","1","7","6","3","2","1","0","0","0","0","0","0","0","0","0","0","0","0","0","0","0","0","0","0","0","0","0","0","0","0","0","0","0","0","0","0","0","0","0","1","1","0","0","0","0","0","0","0","0","0","0","0","0","0","0","0","0","0","0","0","0","0","0","0",
"1600000US0645246","Malibu city, California","10654","833","9821","9296","8724","137","12","339","5","79","525","497","62","76","199","10","121","8","6","0","8","0","0","0","6","0","1","26","2","4","0","2","6","0","0","6","0","0","2","0","1","0","3","0","0","0","0","0","2","2","0","0","0","0","0","0","0","0","0","0","0","0","0","0","0","0","0","0","0","0","0","0","0",
"1600000US0645358","Mammoth Lakes town, California","7191","2395","4796","4536","4349","30","6","102","10","39","260","238","21","67","73","13","56","0","0","0","0","3","0","0","3","2","0","16","2","0","0","3","0","0","0","5","0","1","0","3","0","2","0","0","0","0","0","0","6","1","3","0","2","0","0","0","0","0","0","0","0","0","0","0","0","0","0","0","0","0","0","0","0",
"1600000US0645386","Manchester CDP, California","159","44","115","104","98","0","2","1","1","2","11","10","3","2","0","2","3","0","0","0","0","0","0","0","0","0","0","0","0","0","0","0","0","0","0","0","0","0","0","0","0","0","0","0","0","0","0","0","1","0","0","0","1","0","0","0","0","0","0","0","0","0","0","0","0","0","0","0","0","0","0","0","0",
"1600000US0645400","Manhattan Beach city, California","35506","3072","32434","29950","25353","305","28","3995","29","240","2484","2332","230","204","1312","29","463","13","18","1","15","0","1","4","28","14","0","144","21","31","1","3","15","2","1","59","4","0","3","0","0","0","1","0","3","0","0","0","7","1","0","3","1","1","0","0","0","0","0","1","0","0","0","0","1","1","0","0","0","0","0","0","0",
"1600000US0645414","Manila CDP, California","798","83","715","639","585","10","25","6","3","10","76","69","6","35","7","0","19","0","0","1","0","1","0","0","0","0","0","7","5","0","0","0","0","1","0","1","0","0","0","0","0","0","0","0","0","0","0","0","0","0","0","0","0","0","0","0","0","0","0","0","0","0","0","0","0","0","0","0","0","0","0","0","0",
"1600000US0645484","Manteca city, California","83498","33892","49606","45568","28900","3477","431","11627","587","546","4038","3695","513","909","1152","167","472","43","110","28","38","32","3","8","164","46","10","306","77","40","8","18","38","16","10","70","3","4","8","0","4","4","2","0","4","0","0","0","36","8","5","6","8","3","0","5","1","0","0","0","0","0","0","0","1","0","1","0","0","0","0","0","0",
"1600000US0645512","Manton CDP, California","310","12","298","287","271","3","8","4","0","1","11","11","2","7","0","0","1","0","0","0","0","0","0","1","0","0","0","0","0","0","0","0","0","0","0","0","0","0","0","0","0","0","0","0","0","0","0","0","0","0","0","0","0","0","0","0","0","0","0","0","0","0","0","0","0","0","0","0","0","0","0","0","0",
"1600000US0645680","March ARB CDP, California","809","188","621","598","408","120","2","54","4","10","23","18","5","4","5","0","0","2","0","0","0","0","0","0","2","0","0","5","0","0","0","3","0","0","0","0","2","0","0","0","0","0","0","0","0","0","0","0","0","0","0","0","0","0","0","0","0","0","0","0","0","0","0","0","0","0","0","0","0","0","0","0","0",
"1600000US0645736","Maricopa city, California","1026","303","723","674","626","13","27","6","2","0","49","49","0","37","0","2","7","0","0","0","0","1","0","0","0","2","0","0","0","0","0","0","0","0","0","0","0","0","0","0","0","0","0","0","0","0","0","0","0","0","0","0","0","0","0","0","0","0","0","0","0","0","0","0","0","0","0","0","0","0","0","0","0",
"1600000US0645778","Marina city, California","22359","7204","15155","13367","7336","1273","66","4092","458","142","1788","1575","202","200","676","84","109","13","108","18","11","6","1","0","112","18","17","193","23","59","8","3","23","2","0","57","0","0","14","0","0","0","0","0","3","0","0","1","19","10","0","1","5","0","0","1","0","0","0","0","0","0","2","0","1","1","0","0","0","0","0","0","0",
"1600000US0645806","Marina del Rey CDP, California","11373","1121","10252","9615","8099","503","10","841","17","145","637","580","110","55","200","8","161","10","12","0","11","0","0","2","5","3","3","54","12","13","0","6","5","0","3","7","6","0","0","0","2","0","0","0","0","0","0","0","3","0","2","1","0","0","0","0","0","0","0","0","0","0","0","0","0","0","0","0","0","0","0","0","0",
"1600000US0645820","Marin City CDP, California","2993","522","2471","2256","1017","794","1","404","13","27","215","200","50","22","40","3","27","22","11","9","2","0","0","0","5","9","0","9","8","0","0","0","0","0","0","1","0","0","0","0","0","0","0","0","0","0","0","0","5","5","0","0","0","0","0","0","0","0","0","0","0","0","0","0","1","1","0","0","0","0","0","0","0",
"1600000US0645932","Mariposa CDP, California","1526","208","1318","1211","1123","9","42","27","0","10","107","100","4","64","8","2","19","1","0","1","0","0","0","0","1","0","0","6","3","0","0","0","0","0","0","2","0","0","0","0","0","0","0","0","1","0","0","0","1","1","0","0","0","0","0","0","0","0","0","0","0","0","0","0","0","0","0","0","0","0","0","0","0",
"1600000US0645988","Markleeville CDP, California","191","9","182","175","168","2","0","3","0","2","7","3","0","3","0","0","0","0","0","0","0","0","0","0","0","0","0","2","1","0","0","0","0","1","0","0","0","0","0","0","0","0","0","0","0","0","0","0","2","1","0","0","0","1","0","0","0","0","0","0","0","0","0","0","0","0","0","0","0","0","0","0","0",
"1600000US0646100","Martell CDP, California","207","31","176","166","145","3","4","5","0","9","10","6","2","0","1","0","3","0","0","0","0","0","0","0","0","0","0","4","0","0","0","1","0","1","0","1","0","0","0","0","0","1","0","0","0","0","0","0","0","0","0","0","0","0","0","0","0","0","0","0","0","0","0","0","0","0","0","0","0","0","0","0","0",
"1600000US0646114","Martinez city, California","37287","6670","30617","27997","22558","1314","92","3746","106","181","2620","2423","324","508","982","52","352","16","60","6","14","8","1","4","83","11","2","187","44","39","5","6","28","1","0","54","1","2","0","0","0","4","1","0","1","0","0","1","9","3","0","1","2","0","0","2","0","0","1","0","0","0","0","0","1","0","1","0","0","0","0","0","0",
"1600000US0646170","Marysville city, California","12844","3771","9073","8127","6724","586","198","514","54","51","946","868","143","368","137","20","121","31","7","2","6","6","4","1","18","4","0","76","43","7","1","2","6","1","0","12","3","0","1","0","0","0","0","0","0","0","0","0","1","0","0","0","0","0","0","0","0","0","0","0","0","1","0","0","1","0","0","0","1","0","0","0","0",
"1600000US0646223","Matheny CDP, California","1125","916","209","194","164","7","9","6","1","7","15","11","2","7","0","0","1","1","0","0","0","0","0","0","0","0","0","3","1","0","2","0","0","0","0","0","0","0","0","0","0","0","0","0","0","0","0","0","1","0","0","0","0","0","0","1","0","0","0","0","0","0","0","0","0","0","0","0","0","0","0","0","0",
"1600000US0646226","Mather CDP, California","4698","937","3761","3353","2214","356","24","673","44","42","408","366","62","74","114","14","47","1","15","4","0","4","0","0","18","6","7","40","6","18","0","0","11","0","0","2","2","0","1","0","0","0","0","0","0","0","0","0","2","1","0","0","0","0","0","0","1","0","0","0","0","0","0","0","0","0","0","0","0","0","0","0","0",
"1600000US0646338","Maxwell CDP, California","1067","654","413","393","370","4","9","5","3","2","20","19","0","5","1","0","10","1","0","0","2","0","0","0","0","0","0","0","0","0","0","0","0","0","0","0","0","0","0","0","0","0","0","0","0","0","0","0","1","0","0","0","0","0","0","1","0","0","0","0","0","0","0","0","0","0","0","0","0","0","0","0","0",
"1600000US0646400","Mayfair CDP, California","4831","3361","1470","1357","699","167","17","454","0","20","113","108","36","28","22","3","6","0","0","0","2","3","0","0","8","0","0","4","1","0","0","0","0","0","0","0","0","0","0","0","0","3","0","0","0","0","0","0","1","1","0","0","0","0","0","0","0","0","0","0","0","0","0","0","0","0","0","0","0","0","0","0","0",
"1600000US0646436","Mayflower Village CDP, California","5402","1507","3895","3692","1469","63","9","2127","1","23","203","184","22","21","76","2","24","0","8","0","4","2","0","0","25","0","0","16","5","3","0","0","2","1","0","3","0","0","0","0","0","0","0","2","0","0","0","0","0","0","0","0","0","0","0","0","0","0","0","0","0","0","0","0","3","3","0","0","0","0","0","0","0",
"1600000US0646492","Maywood city, California","25138","24400","738","643","361","106","29","80","1","66","95","70","10","8","5","5","14","5","1","0","12","2","0","0","5","3","0","20","1","1","0","8","3","0","1","2","1","0","0","0","1","1","1","0","0","0","0","0","4","1","1","2","0","0","0","0","0","0","0","0","0","0","0","0","1","1","0","0","0","0","0","0","0",
"1600000US0646520","Meadowbrook CDP, California","3142","1984","1158","1072","907","73","20","56","5","11","86","73","13","21","13","4","12","0","2","1","0","1","0","0","5","1","0","13","6","0","2","0","0","0","0","0","1","0","0","0","4","0","0","0","0","0","0","0","0","0","0","0","0","0","0","0","0","0","0","0","0","0","0","0","0","0","0","0","0","0","0","0","0",
"1600000US0646618","Meadow Valley CDP, California","453","29","424","402","382","4","8","5","0","3","22","22","0","10","6","0","6","0","0","0","0","0","0","0","0","0","0","0","0","0","0","0","0","0","0","0","0","0","0","0","0","0","0","0","0","0","0","0","0","0","0","0","0","0","0","0","0","0","0","0","0","0","0","0","0","0","0","0","0","0","0","0","0",
"1600000US0646632","Meadow Vista CDP, California","3263","272","2991","2841","2776","3","12","22","2","26","150","142","11","58","16","3","48","0","0","0","1","1","0","0","3","1","0","5","2","1","0","0","0","0","0","2","0","0","0","0","0","0","0","0","0","0","0","0","3","2","0","0","0","1","0","0","0","0","0","0","0","0","0","0","0","0","0","0","0","0","0","0","0",
"1600000US0646646","Mead Valley CDP, California","19819","15607","4212","3872","2553","891","82","266","19","61","340","302","56","82","35","20","46","24","13","3","7","1","0","0","14","1","0","35","16","6","0","2","0","2","0","3","2","0","0","1","1","2","0","0","0","0","0","0","1","0","0","0","0","0","0","0","1","0","0","0","0","0","0","0","2","2","0","0","0","0","0","0","0",
"1600000US0646660","Mecca CDP, California","8219","8053","166","144","57","35","6","11","2","33","22","15","4","0","0","1","3","2","4","0","0","0","0","1","0","0","0","7","0","1","0","0","1","0","0","3","1","0","0","0","0","1","0","0","0","0","0","0","0","0","0","0","0","0","0","0","0","0","0","0","0","0","0","0","0","0","0","0","0","0","0","0","0",
"1600000US0646702","Meiners Oaks CDP, California","3911","1163","2748","2555","2428","19","23","59","8","18","193","181","14","60","50","4","47","0","1","1","0","0","1","0","2","0","1","12","1","0","0","0","6","0","0","1","3","0","0","0","0","1","0","0","0","0","0","0","0","0","0","0","0","0","0","0","0","0","0","0","0","0","0","0","0","0","0","0","0","0","0","0","0",
"1600000US0646814","Mendocino CDP, California","932","73","859","807","782","4","2","8","0","11","52","48","5","13","5","1","24","0","0","0","0","0","0","0","0","0","0","4","0","2","2","0","0","0","0","0","0","0","0","0","0","0","0","0","0","0","0","0","0","0","0","0","0","0","0","0","0","0","0","0","0","0","0","0","0","0","0","0","0","0","0","0","0",
"1600000US0646828","Mendota city, California","12595","12169","426","380","297","6","22","15","1","39","46","45","6","5","15","2","4","4","4","0","0","4","0","0","0","1","0","1","0","0","0","0","1","0","0","0","0","0","0","0","0","0","0","0","0","0","0","0","0","0","0","0","0","0","0","0","0","0","0","0","0","0","0","0","0","0","0","0","0","0","0","0","0",
"1600000US0646842","Menifee city, California","102527","38749","63778","59123","44973","6482","390","6292","438","548","4655","4253","780","914","1233","173","594","82","187","28","85","8","3","1","144","21","0","356","125","51","11","19","33","6","4","96","2","0","3","0","2","0","4","0","0","0","0","0","43","13","9","11","6","2","0","1","0","0","0","0","1","0","0","0","3","1","2","0","0","0","0","0","0",
"1600000US0646870","Menlo Park city, California","33780","5989","27791","25886","18575","1001","26","5764","364","156","1905","1793","139","159","1050","25","294","18","20","8","15","5","2","2","33","15","8","102","23","23","2","8","20","0","1","16","8","0","0","0","0","0","0","0","0","0","0","1","9","3","0","2","0","0","0","3","0","0","1","0","0","0","0","0","1","1","0","0","0","0","0","0","0",
"1600000US0646884","Mentone CDP, California","9557","3983","5574","5087","4119","399","37","472","35","25","487","432","68","80","155","21","77","8","9","0","2","1","0","0","11","0","0","49","14","8","0","4","5","0","0","15","2","0","0","0","0","0","1","0","0","0","0","0","6","2","0","0","4","0","0","0","0","0","0","0","0","0","0","0","0","0","0","0","0","0","0","0","0",
"1600000US0646898","Merced city, California","86333","48617","37716","34806","20386","4191","393","9234","158","444","2910","2675","648","702","619","58","330","69","103","7","23","15","1","6","69","19","6","212","90","42","4","6","15","4","8","24","3","2","10","0","1","3","0","0","0","0","0","0","21","1","6","4","2","3","0","2","2","0","1","0","0","0","0","0","2","1","1","0","0","0","0","0","0",
"1600000US0646926","Meridian CDP, California","304","64","240","220","210","0","9","0","0","1","20","18","0","14","0","0","3","0","0","0","0","0","0","0","1","0","0","1","0","1","0","0","0","0","0","0","0","0","0","0","0","0","0","0","0","0","0","0","1","0","0","1","0","0","0","0","0","0","0","0","0","0","0","0","0","0","0","0","0","0","0","0","0",
"1600000US0647013","Mesa CDP, California","275","31","244","224","220","0","2","2","0","0","20","20","0","2","4","1","13","0","0","0","0","0","0","0","0","0","0","0","0","0","0","0","0","0","0","0","0","0","0","0","0","0","0","0","0","0","0","0","0","0","0","0","0","0","0","0","0","0","0","0","0","0","0","0","0","0","0","0","0","0","0","0","0",
"1600000US0647066","Mesa Verde CDP, California","766","540","226","212","184","22","1","4","1","0","14","12","5","6","0","0","1","0","0","0","0","0","0","0","0","0","0","2","1","0","0","0","0","0","0","1","0","0","0","0","0","0","0","0","0","0","0","0","0","0","0","0","0","0","0","0","0","0","0","0","0","0","0","0","0","0","0","0","0","0","0","0","0",
"1600000US0647086","Mesa Vista CDP, California","217","18","199","173","171","1","1","0","0","0","26","22","0","3","3","1","14","0","0","0","0","0","0","0","0","1","0","4","0","0","3","0","0","0","0","0","0","0","0","0","0","0","0","0","0","1","0","0","0","0","0","0","0","0","0","0","0","0","0","0","0","0","0","0","0","0","0","0","0","0","0","0","0",
"1600000US0647164","Mettler CDP, California","90","64","26","22","21","0","1","0","0","0","4","4","0","4","0","0","0","0","0","0","0","0","0","0","0","0","0","0","0","0","0","0","0","0","0","0","0","0","0","0","0","0","0","0","0","0","0","0","0","0","0","0","0","0","0","0","0","0","0","0","0","0","0","0","0","0","0","0","0","0","0","0","0",
"1600000US0647192","Mexican Colony CDP, California","283","261","22","20","18","1","0","0","0","1","2","2","0","0","1","0","1","0","0","0","0","0","0","0","0","0","0","0","0","0","0","0","0","0","0","0","0","0","0","0","0","0","0","0","0","0","0","0","0","0","0","0","0","0","0","0","0","0","0","0","0","0","0","0","0","0","0","0","0","0","0","0","0",
"1600000US0647206","Meyers CDP, California","2163","238","1925","1805","1742","14","4","29","0","16","120","113","8","22","27","0","50","0","0","0","0","0","0","0","5","1","0","7","1","1","0","0","0","1","2","1","1","0","0","0","0","0","0","0","0","0","0","0","0","0","0","0","0","0","0","0","0","0","0","0","0","0","0","0","0","0","0","0","0","0","0","0","0",
"1600000US0647332","Middletown CDP, California","1114","387","727","682","659","2","7","9","1","4","45","44","5","22","3","0","12","0","1","0","0","0","0","0","1","0","0","1","0","1","0","0","0","0","0","0","0","0","0","0","0","0","0","0","0","0","0","0","0","0","0","0","0","0","0","0","0","0","0","0","0","0","0","0","0","0","0","0","0","0","0","0","0",
"1600000US0647374","Midpines CDP, California","379","110","269","233","194","0","32","5","0","2","36","34","2","18","3","0","10","0","0","0","0","0","0","0","1","0","0","1","1","0","0","0","0","0","0","0","0","0","0","0","0","0","0","0","0","0","0","0","1","0","0","1","0","0","0","0","0","0","0","0","0","0","0","0","0","0","0","0","0","0","0","0","0",
"1600000US0647430","Midway City CDP, California","8825","2803","6022","5843","1148","45","13","4597","16","24","179","161","8","33","63","6","22","0","8","0","0","0","0","0","18","3","0","18","3","3","0","0","3","0","0","9","0","0","0","0","0","0","0","0","0","0","0","0","0","0","0","0","0","0","0","0","0","0","0","0","0","0","0","0","0","0","0","0","0","0","0","0","0",
"1600000US0647472","Milford CDP, California","147","3","144","133","119","1","4","4","0","5","11","11","0","6","0","3","2","0","0","0","0","0","0","0","0","0","0","0","0","0","0","0","0","0","0","0","0","0","0","0","0","0","0","0","0","0","0","0","0","0","0","0","0","0","0","0","0","0","0","0","0","0","0","0","0","0","0","0","0","0","0","0","0",
"1600000US0647486","Millbrae city, California","23216","2621","20595","19597","6867","170","16","12155","216","173","998","954","48","64","605","17","121","1","17","2","7","10","8","2","30","13","9","43","10","10","0","0","7","0","0","10","3","0","1","0","0","0","2","0","0","0","0","0","1","0","0","0","0","0","0","0","1","0","0","0","0","0","0","0","0","0","0","0","0","0","0","0","0",
"1600000US0647592","Millerton CDP, California","686","184","502","460","349","29","10","68","2","2","42","42","10","9","8","2","11","1","0","0","0","0","0","0","0","0","1","0","0","0","0","0","0","0","0","0","0","0","0","0","0","0","0","0","0","0","0","0","0","0","0","0","0","0","0","0","0","0","0","0","0","0","0","0","0","0","0","0","0","0","0","0","0",
"1600000US0647710","Mill Valley city, California","14231","859","13372","12530","11439","122","18","846","10","95","842","813","87","76","420","14","200","4","4","0","1","0","0","1","1","5","0","27","5","3","0","1","2","0","3","13","0","0","0","0","0","0","0","0","0","0","0","0","1","0","0","1","0","0","0","0","0","0","0","0","0","0","0","0","1","1","0","0","0","0","0","0","0",
"1600000US0647724","Millville CDP, California","724","35","689","644","632","0","8","3","1","0","45","42","4","20","7","0","8","3","0","0","0","0","0","0","0","0","0","2","0","1","0","0","1","0","0","0","0","0","0","0","0","0","0","0","0","0","0","0","1","0","0","1","0","0","0","0","0","0","0","0","0","0","0","0","0","0","0","0","0","0","0","0","0",
"1600000US0647766","Milpitas city, California","80273","10586","69687","67383","7795","1577","100","57260","319","332","2304","2074","209","153","1094","36","139","25","114","18","16","28","0","2","165","63","12","207","28","39","5","8","51","0","3","59","5","0","2","0","1","3","0","0","0","0","0","3","20","11","0","3","2","0","0","2","2","0","0","0","0","0","0","0","3","3","0","0","0","0","0","0","0",
"1600000US0647794","Mineral CDP, California","136","10","126","123","118","2","3","0","0","0","3","3","0","2","0","0","1","0","0","0","0","0","0","0","0","0","0","0","0","0","0","0","0","0","0","0","0","0","0","0","0","0","0","0","0","0","0","0","0","0","0","0","0","0","0","0","0","0","0","0","0","0","0","0","0","0","0","0","0","0","0","0","0",
"1600000US0647822","Minkler CDP, California","867","235","632","602","567","0","6","25","0","4","30","29","0","10","9","1","7","0","2","0","0","0","0","0","0","0","0","1","0","1","0","0","0","0","0","0","0","0","0","0","0","0","0","0","0","0","0","0","0","0","0","0","0","0","0","0","0","0","0","0","0","0","0","0","0","0","0","0","0","0","0","0","0",
"1600000US0648046","Mira Monte CDP, California","6618","1410","5208","4920","4639","39","29","170","4","39","288","279","22","116","67","5","66","0","1","0","0","0","0","0","1","0","1","8","1","3","1","0","2","0","0","0","0","0","0","0","0","1","0","0","0","0","0","0","0","0","0","0","0","0","0","0","0","0","0","0","0","0","0","0","1","1","0","0","0","0","0","0","0",
"1600000US0648060","Miranda CDP, California","441","68","373","347","325","9","8","3","0","2","26","26","1","18","4","0","3","0","0","0","0","0","0","0","0","0","0","0","0","0","0","0","0","0","0","0","0","0","0","0","0","0","0","0","0","0","0","0","0","0","0","0","0","0","0","0","0","0","0","0","0","0","0","0","0","0","0","0","0","0","0","0","0",
"1600000US0648147","Mission Canyon CDP, California","2540","292","2248","2155","2078","7","3","59","1","7","93","85","10","10","27","3","32","0","2","0","0","0","0","0","0","1","0","8","0","0","0","0","0","0","0","8","0","0","0","0","0","0","0","0","0","0","0","0","0","0","0","0","0","0","0","0","0","0","0","0","0","0","0","0","0","0","0","0","0","0","0","0","0",
"1600000US0648186","Mission Hills CDP, California","3571","1213","2358","2144","1908","89","19","113","9","6","214","202","32","84","49","7","22","2","3","0","0","0","0","0","3","0","0","11","3","4","0","0","0","2","0","2","0","0","0","0","0","0","0","0","0","0","0","0","1","0","0","0","0","1","0","0","0","0","0","0","0","0","0","0","0","0","0","0","0","0","0","0","0",
"1600000US0648256","Mission Viejo city, California","93653","17986","75667","70469","57790","1134","117","10822","152","454","5198","4931","450","752","2537","117","859","19","55","8","20","22","3","1","63","25","0","253","48","36","5","14","26","7","1","105","8","0","1","0","0","2","0","0","0","0","0","0","12","5","0","1","1","1","0","4","0","0","0","0","0","0","0","0","2","0","1","0","0","1","0","0","0",
"1600000US0648298","Mi-Wuk Village CDP, California","935","94","841","790","752","1","12","12","6","7","51","51","0","25","12","0","11","2","0","0","0","0","0","0","1","0","0","0","0","0","0","0","0","0","0","0","0","0","0","0","0","0","0","0","0","0","0","0","0","0","0","0","0","0","0","0","0","0","0","0","0","0","0","0","0","0","0","0","0","0","0","0","0",
"1600000US0648354","Modesto city, California","218464","93733","124731","114170","84592","8103","1175","16929","2181","1190","10561","9713","1489","2890","2513","327","1258","140","202","49","67","42","28","1","419","69","219","753","186","136","12","37","105","16","16","145","19","5","9","7","2","19","7","4","7","1","0","20","79","20","2","8","10","9","0","20","0","0","9","1","0","0","0","0","16","11","5","0","0","0","0","0","0",
"1600000US0648410","Modjeska CDP, California","632","102","530","482","449","1","9","20","1","2","48","44","2","17","11","0","13","1","0","0","0","0","0","0","0","0","0","3","0","1","0","0","0","0","0","0","0","0","0","0","0","1","0","0","0","1","0","0","0","0","0","0","0","0","0","0","0","0","0","0","0","0","0","0","0","0","0","0","0","0","0","1","1",
"1600000US0648448","Mohawk Vista CDP, California","107","2","105","103","99","3","0","0","0","1","2","2","0","2","0","0","0","0","0","0","0","0","0","0","0","0","0","0","0","0","0","0","0","0","0","0","0","0","0","0","0","0","0","0","0","0","0","0","0","0","0","0","0","0","0","0","0","0","0","0","0","0","0","0","0","0","0","0","0","0","0","0","0",
"1600000US0648452","Mojave CDP, California","4699","2000","2699","2524","1430","923","47","71","5","48","175","158","47","45","12","1","23","7","7","0","1","0","0","0","15","0","0","15","5","0","0","4","3","0","0","3","0","0","0","0","0","0","0","0","0","0","0","0","2","0","0","2","0","0","0","0","0","0","0","0","0","0","0","0","0","0","0","0","0","0","0","0","0",
"1600000US0648480","Mokelumne Hill CDP, California","691","85","606","568","557","0","4","4","2","1","38","37","6","22","3","0","6","0","0","0","0","0","0","0","0","0","0","1","0","0","0","0","0","0","1","0","0","0","0","0","0","0","0","0","0","0","0","0","0","0","0","0","0","0","0","0","0","0","0","0","0","0","0","0","0","0","0","0","0","0","0","0","0",
"1600000US0648592","Monmouth CDP, California","120","81","39","34","28","1","1","1","0","3","5","5","0","3","0","0","2","0","0","0","0","0","0","0","0","0","0","0","0","0","0","0","0","0","0","0","0","0","0","0","0","0","0","0","0","0","0","0","0","0","0","0","0","0","0","0","0","0","0","0","0","0","0","0","0","0","0","0","0","0","0","0","0",
"1600000US0648602","Mono City CDP, California","224","45","179","176","171","0","0","0","0","5","3","2","0","1","0","0","0","0","0","1","0","0","0","0","0","0","0","1","0","0","0","0","0","0","0","0","0","0","0","0","0","1","0","0","0","0","0","0","0","0","0","0","0","0","0","0","0","0","0","0","0","0","0","0","0","0","0","0","0","0","0","0","0",
"1600000US0648641","Mono Vista CDP, California","3236","474","2762","2519","2406","14","37","30","10","22","243","235","13","111","47","4","57","0","0","2","0","0","0","0","0","1","0","8","0","5","0","0","0","1","0","2","0","0","0","0","0","0","0","0","0","0","0","0","0","0","0","0","0","0","0","0","0","0","0","0","0","0","0","0","0","0","0","0","0","0","0","0","0",
"1600000US0648648","Monrovia city, California","37931","14987","22944","21391","12903","1955","66","6210","30","227","1553","1431","236","176","610","14","220","43","56","4","27","5","0","4","28","8","0","107","29","16","4","6","13","0","4","30","3","0","0","0","2","0","0","0","0","0","0","0","14","6","0","5","3","0","0","0","0","0","0","0","0","0","0","0","1","0","1","0","0","0","0","0","0",
"1600000US0648676","Monson CDP, California","152","130","22","18","17","0","0","1","0","0","4","4","0","2","0","0","2","0","0","0","0","0","0","0","0","0","0","0","0","0","0","0","0","0","0","0","0","0","0","0","0","0","0","0","0","0","0","0","0","0","0","0","0","0","0","0","0","0","0","0","0","0","0","0","0","0","0","0","0","0","0","0","0",
"1600000US0648690","Montague city, California","1226","135","1091","996","937","8","44","4","0","3","95","91","7","58","5","6","11","0","0","0","1","0","0","0","1","2","0","4","1","1","0","0","0","0","0","0","1","0","0","0","0","0","1","0","0","0","0","0","0","0","0","0","0","0","0","0","0","0","0","0","0","0","0","0","0","0","0","0","0","0","0","0","0",
"1600000US0648718","Montalvin Manor CDP, California","3099","2024","1075","985","426","195","9","341","6","8","90","81","9","19","13","0","15","2","10","1","0","0","0","0","1","11","0","9","0","3","0","1","1","0","0","0","4","0","0","0","0","0","0","0","0","0","0","0","0","0","0","0","0","0","0","0","0","0","0","0","0","0","0","0","0","0","0","0","0","0","0","0","0",
"1600000US0648760","Montara CDP, California","2833","388","2445","2253","2083","14","0","128","5","23","192","185","25","34","79","6","34","0","1","0","0","2","0","0","3","1","0","7","1","0","0","0","1","0","0","4","0","1","0","0","0","0","0","0","0","0","0","0","0","0","0","0","0","0","0","0","0","0","0","0","0","0","0","0","0","0","0","0","0","0","0","0","0",
"1600000US0648788","Montclair city, California","37865","27222","10643","10039","4000","1538","76","4241","42","142","604","539","91","80","112","17","91","18","23","7","28","3","2","0","62","4","1","56","22","11","2","2","7","2","1","3","1","0","0","0","0","4","1","0","0","0","0","0","8","5","1","1","1","0","0","0","0","0","0","0","0","0","0","0","1","0","1","0","0","0","0","0","0",
"1600000US0648816","Montebello city, California","62640","49014","13626","13093","4460","472","106","7793","66","196","533","464","26","37","185","8","60","8","37","11","36","4","0","2","42","7","1","58","11","10","3","4","4","0","2","11","9","2","0","0","0","1","1","0","0","0","0","0","9","4","0","1","1","1","0","1","1","0","0","0","0","0","0","0","2","1","1","0","0","0","0","0","0",
"1600000US0648844","Montecito CDP, California","8638","709","7929","7564","7213","51","28","211","15","46","365","334","33","49","152","6","82","1","0","3","1","3","0","0","3","1","0","30","7","0","0","2","5","7","1","4","4","0","0","0","0","0","0","0","0","0","0","0","1","0","0","0","0","0","0","0","0","1","0","0","0","0","0","0","0","0","0","0","0","0","0","0","0",
"1600000US0648872","Monterey city, California","30218","5618","24600","22743","19053","871","101","2353","209","156","1857","1693","216","305","701","52","284","17","39","3","10","3","1","0","51","11","0","154","32","41","4","2","16","3","0","43","2","0","5","2","0","3","1","0","0","0","0","0","9","1","0","1","1","4","0","2","0","0","0","0","0","0","0","0","1","0","1","0","0","0","0","0","0",
"1600000US0648914","Monterey Park city, California","61096","16768","44328","43378","2384","358","64","40353","45","174","950","873","35","54","527","12","57","7","38","10","13","13","0","2","75","30","0","69","4","15","1","4","13","3","0","14","6","0","1","0","3","0","2","1","0","1","0","1","8","5","0","1","0","1","0","1","0","0","0","0","0","0","0","0","0","0","0","0","0","0","0","0","0",
"1600000US0648916","Monterey Park Tract CDP, California","164","121","43","38","25","12","0","0","0","1","5","5","1","0","0","0","4","0","0","0","0","0","0","0","0","0","0","0","0","0","0","0","0","0","0","0","0","0","0","0","0","0","0","0","0","0","0","0","0","0","0","0","0","0","0","0","0","0","0","0","0","0","0","0","0","0","0","0","0","0","0","0","0",
"1600000US0648928","Monte Rio CDP, California","1080","76","1004","932","872","9","11","19","3","18","72","61","12","26","11","0","10","0","0","0","0","0","0","0","2","0","0","10","2","2","0","0","3","0","0","2","1","0","0","0","0","0","0","0","0","0","0","0","1","0","0","0","0","0","0","1","0","0","0","0","0","0","0","0","0","0","0","0","0","0","0","0","0",
"1600000US0648956","Monte Sereno city, California","3479","230","3249","3032","2310","24","5","676","3","14","217","209","12","28","127","0","34","2","4","0","0","0","0","0","0","0","2","4","1","1","0","0","0","0","0","0","2","0","0","0","0","0","0","0","0","0","0","0","3","3","0","0","0","0","0","0","0","0","0","0","0","0","0","0","1","1","0","0","0","0","0","0","0",
"1600000US0648998","Montgomery Creek CDP, California","176","13","163","149","97","0","50","2","0","0","14","14","0","11","1","0","2","0","0","0","0","0","0","0","0","0","0","0","0","0","0","0","0","0","0","0","0","0","0","0","0","0","0","0","0","0","0","0","0","0","0","0","0","0","0","0","0","0","0","0","0","0","0","0","0","0","0","0","0","0","0","0","0",
"1600000US0649045","Monument Hills CDP, California","1702","487","1215","1146","1004","15","11","109","0","7","69","64","10","18","12","0","18","0","0","0","0","1","0","0","5","0","0","5","2","0","0","0","3","0","0","0","0","0","0","0","0","0","0","0","0","0","0","0","0","0","0","0","0","0","0","0","0","0","0","0","0","0","0","0","0","0","0","0","0","0","0","0","0",
"1600000US0649138","Moorpark city, California","36284","12061","24223","22428","18407","579","49","3166","29","198","1795","1666","205","328","752","41","267","10","24","0","13","1","0","0","8","10","7","117","16","27","6","3","15","2","5","38","1","2","0","0","0","2","0","0","0","0","0","0","9","2","0","1","4","0","1","1","0","0","0","0","0","0","0","0","3","2","1","0","0","0","0","0","0",
"1600000US0649180","Morada CDP, California","4054","988","3066","2834","2201","53","15","538","5","22","232","230","22","74","83","6","27","0","10","0","2","0","0","1","5","0","0","2","0","1","0","0","1","0","0","0","0","0","0","0","0","0","0","0","0","0","0","0","0","0","0","0","0","0","0","0","0","0","0","0","0","0","0","0","0","0","0","0","0","0","0","0","0",
"1600000US0649187","Moraga town, California","16870","1652","15218","13902","10440","197","13","3143","39","70","1316","1238","75","137","783","25","169","2","16","6","6","0","0","0","10","9","0","71","2","15","3","7","22","0","0","15","2","0","2","0","0","1","1","0","0","0","0","1","7","0","0","2","0","0","0","5","0","0","0","0","0","0","0","0","0","0","0","0","0","0","0","0","0",
"1600000US0649270","Moreno Valley city, California","208634","128168","80466","74123","27670","31582","536","12099","1009","1227","6343","5582","1772","660","1155","115","459","368","404","94","326","31","5","9","147","18","19","679","280","127","18","42","38","11","9","80","13","2","5","9","18","17","3","2","4","0","0","1","79","29","8","23","3","6","0","8","0","0","0","1","0","1","0","0","2","2","0","0","0","0","0","1","1",
"1600000US0649278","Morgan Hill city, California","45483","15044","30439","27995","19999","917","115","6542","157","265","2444","2279","253","339","1067","61","395","20","36","4","19","9","1","3","53","16","3","153","20","37","1","6","33","1","0","49","3","1","0","0","0","1","0","0","0","0","0","1","12","4","1","0","0","1","0","2","1","0","3","0","0","0","0","0","0","0","0","0","0","0","0","0","0",
"1600000US0649348","Morongo Valley CDP, California","3514","735","2779","2576","2422","50","24","59","6","15","203","192","28","88","22","1","50","0","2","0","1","0","0","0","0","0","0","10","1","1","0","1","1","0","2","3","0","0","0","0","1","0","0","0","0","0","0","0","1","0","0","0","0","0","0","1","0","0","0","0","0","0","0","0","0","0","0","0","0","0","0","0","0",
"1600000US0649362","Morro Bay city, California","10757","1788","8969","8456","7960","75","41","311","19","50","513","489","42","158","118","29","133","5","0","1","0","0","0","1","1","1","0","21","4","3","0","0","7","0","0","3","0","0","0","0","0","0","0","0","4","0","0","0","3","0","0","0","1","1","0","0","0","0","0","0","1","0","0","0","0","0","0","0","0","0","0","0","0",
"1600000US0649432","Moskowite Corner CDP, California","237","102","135","118","110","2","1","4","0","1","17","14","1","2","3","2","5","0","0","0","0","0","0","1","0","0","0","2","1","0","0","0","0","0","0","0","0","0","0","0","0","0","0","0","1","0","0","0","1","1","0","0","0","0","0","0","0","0","0","0","0","0","0","0","0","0","0","0","0","0","0","0","0",
"1600000US0649446","Moss Beach CDP, California","3214","1089","2125","2001","1774","32","6","161","4","24","124","116","15","25","51","2","17","0","1","0","0","1","1","0","1","2","0","7","0","0","0","0","3","0","1","3","0","0","0","0","0","0","0","0","0","0","0","0","1","1","0","0","0","0","0","0","0","0","0","0","0","0","0","0","0","0","0","0","0","0","0","0","0",
"1600000US0649488","Moss Landing CDP, California","237","61","176","171","159","1","0","6","0","5","5","3","0","1","0","1","0","0","0","0","0","0","0","0","1","0","0","2","0","0","0","0","0","0","0","2","0","0","0","0","0","0","0","0","0","0","0","0","0","0","0","0","0","0","0","0","0","0","0","0","0","0","0","0","0","0","0","0","0","0","0","0","0",
"1600000US0649544","Mountain Center CDP, California","66","9","57","52","50","0","1","1","0","0","5","2","0","0","0","0","0","1","0","0","1","0","0","0","0","0","0","2","0","0","0","0","0","0","0","1","1","0","0","0","0","0","0","0","0","0","0","0","1","0","0","0","1","0","0","0","0","0","0","0","0","0","0","0","0","0","0","0","0","0","0","0","0",
"1600000US0649558","Mountain Gate CDP, California","815","64","751","695","647","4","16","15","1","12","56","53","1","26","7","0","18","0","0","0","1","0","0","0","0","0","0","3","0","0","0","0","1","0","0","2","0","0","0","0","0","0","0","0","0","0","0","0","0","0","0","0","0","0","0","0","0","0","0","0","0","0","0","0","0","0","0","0","0","0","0","0","0",
"1600000US0649582","Mountain House CDP, California","24499","3196","21303","20037","4571","1740","92","13295","153","186","1266","1134","150","72","570","36","76","17","61","7","9","42","0","7","48","37","2","121","48","33","0","2","12","0","1","14","1","0","2","1","0","2","0","0","1","0","0","4","10","4","0","4","0","0","0","1","1","0","0","0","0","0","0","0","1","1","0","0","0","0","0","0","0",
"1600000US0649592","Mountain Meadows CDP, California","303","94","209","184","177","0","1","6","0","0","25","23","2","12","5","0","0","1","1","0","0","0","0","0","2","0","0","2","0","0","0","0","0","0","2","0","0","0","0","0","0","0","0","0","0","0","0","0","0","0","0","0","0","0","0","0","0","0","0","0","0","0","0","0","0","0","0","0","0","0","0","0","0",
"1600000US0649600","Mountain Mesa CDP, California","823","84","739","689","664","5","10","7","1","2","50","49","3","29","6","0","11","0","0","0","0","0","0","0","0","0","0","1","0","0","0","0","0","0","1","0","0","0","0","0","0","0","0","0","0","0","0","0","0","0","0","0","0","0","0","0","0","0","0","0","0","0","0","0","0","0","0","0","0","0","0","0","0",
"1600000US0649628","Mountain Ranch CDP, California","223","25","198","190","178","0","2","6","0","4","8","8","0","3","4","1","0","0","0","0","0","0","0","0","0","0","0","0","0","0","0","0","0","0","0","0","0","0","0","0","0","0","0","0","0","0","0","0","0","0","0","0","0","0","0","0","0","0","0","0","0","0","0","0","0","0","0","0","0","0","0","0","0",
"1600000US0649651","Mountain View CDP, California","2622","669","1953","1779","1528","65","22","136","7","21","174","161","12","35","60","5","33","2","1","2","1","5","1","0","3","0","1","11","1","4","0","0","1","0","0","4","0","0","0","0","0","0","0","0","1","0","0","0","2","1","1","0","0","0","0","0","0","0","0","0","0","0","0","0","0","0","0","0","0","0","0","0","0",
"1600000US0649670","Mountain View city, California","82376","14206","68170","63796","33008","1155","101","28760","215","557","4374","4181","351","288","2484","59","643","16","91","2","45","16","0","0","127","55","4","171","13","32","1","15","16","2","1","70","14","0","2","0","0","3","0","0","1","0","0","1","20","10","0","4","3","0","0","1","0","0","1","1","0","0","0","0","2","2","0","0","0","0","0","0","0",
"1600000US0649684","Mountain View Acres CDP, California","3337","2106","1231","1116","782","211","3","89","9","22","115","101","20","21","24","6","9","6","5","1","5","0","0","0","4","0","0","14","4","4","0","0","3","0","0","1","0","0","2","0","0","0","0","0","0","0","0","0","0","0","0","0","0","0","0","0","0","0","0","0","0","0","0","0","0","0","0","0","0","0","0","0","0",
"1600000US0649726","Mt. Bullion CDP, California","154","26","128","116","112","3","0","0","0","1","12","10","0","7","0","0","1","0","1","0","0","0","0","0","0","1","0","2","0","0","0","0","1","0","0","1","0","0","0","0","0","0","0","0","0","0","0","0","0","0","0","0","0","0","0","0","0","0","0","0","0","0","0","0","0","0","0","0","0","0","0","0","0",
"1600000US0649768","Mount Hebron CDP, California","103","74","29","26","25","0","1","0","0","0","3","2","0","1","0","0","0","0","0","0","1","0","0","0","0","0","0","1","1","0","0","0","0","0","0","0","0","0","0","0","0","0","0","0","0","0","0","0","0","0","0","0","0","0","0","0","0","0","0","0","0","0","0","0","0","0","0","0","0","0","0","0","0",
"1600000US0649796","Mount Hermon CDP, California","1110","129","981","901","870","8","2","18","0","3","80","76","3","29","17","4","23","0","0","0","0","0","0","0","0","0","0","4","0","0","0","0","0","0","0","4","0","0","0","0","0","0","0","0","0","0","0","0","0","0","0","0","0","0","0","0","0","0","0","0","0","0","0","0","0","0","0","0","0","0","0","0","0",
"1600000US0649810","Mount Laguna CDP, California","74","9","65","60","59","0","1","0","0","0","5","4","0","4","0","0","0","0","0","0","0","0","0","0","0","0","0","1","0","0","0","1","0","0","0","0","0","0","0","0","0","0","0","0","0","0","0","0","0","0","0","0","0","0","0","0","0","0","0","0","0","0","0","0","0","0","0","0","0","0","0","0","0",
"1600000US0649852","Mount Shasta city, California","3223","284","2939","2696","2568","46","21","52","4","5","243","232","37","74","38","9","70","0","0","0","0","1","0","0","1","0","2","6","2","0","0","0","3","1","0","0","0","0","0","0","0","0","0","0","0","0","0","0","3","2","0","0","0","0","0","0","1","0","0","0","0","0","0","0","2","0","0","0","2","0","0","0","0",
"1600000US0649950","Muir Beach CDP, California","304","10","294","286","270","4","1","10","0","1","8","8","3","1","4","0","0","0","0","0","0","0","0","0","0","0","0","0","0","0","0","0","0","0","0","0","0","0","0","0","0","0","0","0","0","0","0","0","0","0","0","0","0","0","0","0","0","0","0","0","0","0","0","0","0","0","0","0","0","0","0","0","0",
"1600000US0650034","Murphys CDP, California","1995","201","1794","1692","1649","4","11","14","1","13","102","99","4","50","9","4","30","1","0","0","0","0","0","0","1","0","0","2","0","0","0","0","0","0","0","2","0","0","0","0","0","0","0","0","0","0","0","0","1","0","0","1","0","0","0","0","0","0","0","0","0","0","0","0","0","0","0","0","0","0","0","0","0",
"1600000US0650076","Murrieta city, California","110949","33925","77024","70391","51437","6244","487","11158","440","625","6633","6041","1087","1096","2229","215","749","72","207","42","105","5","2","2","204","24","2","513","133","102","9","21","26","1","3","173","12","2","11","2","1","14","2","0","0","0","0","1","75","19","5","14","21","5","0","10","0","0","0","1","0","0","0","0","3","1","2","0","0","0","0","1","1",
"1600000US0650132","Muscoy CDP, California","10719","9476","1243","1152","731","281","21","58","5","56","91","75","14","20","11","4","15","3","1","0","3","0","1","0","3","0","0","15","1","4","2","1","3","0","1","2","0","0","1","0","0","0","0","0","0","0","0","0","1","0","0","1","0","0","0","0","0","0","0","0","0","0","0","0","0","0","0","0","0","0","0","0","0",
"1600000US0650146","Myers Flat CDP, California","90","7","83","76","69","1","0","3","0","3","7","7","0","1","0","0","6","0","0","0","0","0","0","0","0","0","0","0","0","0","0","0","0","0","0","0","0","0","0","0","0","0","0","0","0","0","0","0","0","0","0","0","0","0","0","0","0","0","0","0","0","0","0","0","0","0","0","0","0","0","0","0","0",
"1600000US0650188","Myrtletown CDP, California","4882","556","4326","3947","3461","81","119","220","21","45","379","351","49","173","50","16","54","0","1","0","2","0","0","1","4","1","0","26","4","0","0","5","5","1","3","8","0","0","0","0","0","0","0","0","0","0","0","0","2","0","0","0","0","0","0","2","0","0","0","0","0","0","0","0","0","0","0","0","0","0","0","0","0",
"1600000US0650258","Napa city, California","79246","31572","47674","44606","41132","579","334","2019","130","412","3068","2916","270","905","867","114","667","7","17","1","8","3","0","0","42","10","5","136","32","19","0","5","17","0","3","35","9","3","0","0","3","3","0","0","6","0","0","1","14","6","0","5","0","0","0","0","0","0","0","0","0","0","0","3","2","0","2","0","0","0","0","0","0",
"1600000US0650398","National City city, California","56173","37086","19087","17825","4470","1996","108","10813","275","163","1262","1113","166","100","433","35","62","29","120","18","13","11","0","1","106","19","0","131","21","32","6","1","18","1","6","21","7","0","2","0","0","10","2","0","3","1","0","0","17","8","0","2","5","0","0","1","0","0","0","1","0","0","0","0","1","1","0","0","0","0","0","0","0",
"1600000US0650734","Needles city, California","4931","1255","3676","3453","2890","116","349","57","12","29","223","208","44","99","15","7","24","6","6","1","4","1","0","0","1","0","0","11","5","1","0","0","3","0","0","2","0","0","0","0","0","0","0","0","0","0","0","0","4","2","0","0","1","0","0","1","0","0","0","0","0","0","0","0","0","0","0","0","0","0","0","0","0",
"1600000US0650874","Nevada City city, California","3152","268","2884","2709","2561","26","49","51","3","19","175","166","13","68","33","3","44","0","0","0","1","0","0","0","4","0","0","9","3","0","0","0","3","0","0","2","1","0","0","0","0","0","0","0","0","0","0","0","0","0","0","0","0","0","0","0","0","0","0","0","0","0","0","0","0","0","0","0","0","0","0","0","0",
"1600000US0650916","Newark city, California","47529","14360","33169","31008","8945","1466","90","19602","657","248","2161","1977","158","205","976","77","159","14","108","8","18","8","4","0","177","40","25","167","38","31","1","8","19","5","5","47","9","0","1","0","0","1","1","0","0","0","0","1","17","4","0","3","5","0","0","4","0","0","1","0","0","0","0","0","0","0","0","0","0","0","0","0","0",
"1600000US0651000","Newcastle CDP, California","1321","121","1200","1105","1068","7","5","16","0","9","95","93","7","20","51","2","11","2","0","0","0","0","0","0","0","0","0","2","2","0","0","0","0","0","0","0","0","0","0","0","0","0","0","0","0","0","0","0","0","0","0","0","0","0","0","0","0","0","0","0","0","0","0","0","0","0","0","0","0","0","0","0","0",
"1600000US0651028","New Cuyama CDP, California","542","335","207","187","178","2","6","1","0","0","20","19","0","9","0","0","8","0","0","0","0","0","0","2","0","0","0","1","1","0","0","0","0","0","0","0","0","0","0","0","0","0","0","0","0","0","0","0","0","0","0","0","0","0","0","0","0","0","0","0","0","0","0","0","0","0","0","0","0","0","0","0","0",
"1600000US0651042","Newell CDP, California","301","181","120","106","92","2","11","0","0","1","14","13","1","10","0","0","1","0","0","0","1","0","0","0","0","0","0","1","0","0","0","0","0","0","0","1","0","0","0","0","0","0","0","0","0","0","0","0","0","0","0","0","0","0","0","0","0","0","0","0","0","0","0","0","0","0","0","0","0","0","0","0","0",
"1600000US0651140","Newman city, California","12351","8407","3944","3632","2985","316","32","227","34","38","312","288","37","85","49","14","89","1","2","4","1","1","0","0","3","0","2","20","2","3","0","5","5","0","0","3","0","0","0","0","0","2","0","0","0","0","0","0","4","0","0","2","0","0","0","2","0","0","0","0","0","0","0","0","0","0","0","0","0","0","0","0","0",
"1600000US0651168","New Pine Creek CDP, California","87","2","85","78","75","0","3","0","0","0","7","6","0","6","0","0","0","0","0","0","0","0","0","0","0","0","0","0","0","0","0","0","0","0","0","0","0","0","0","0","0","0","0","0","0","0","0","0","1","0","1","0","0","0","0","0","0","0","0","0","0","0","0","0","0","0","0","0","0","0","0","0","0",
"1600000US0651182","Newport Beach city, California","85239","8190","77049","73019","64352","626","100","7443","81","417","4030","3825","364","547","1777","122","839","12","53","3","11","10","0","1","58","27","1","185","38","32","12","12","28","1","0","51","9","0","1","0","0","0","1","0","0","0","0","0","18","9","1","0","2","4","0","0","2","0","0","0","0","0","0","0","2","0","2","0","0","0","0","0","0",
"1600000US0651280","Nicasio CDP, California","81","10","71","67","66","1","0","0","0","0","4","2","1","0","1","0","0","0","0","0","0","0","0","0","0","0","0","2","1","0","0","0","0","0","0","0","0","0","0","0","0","0","0","0","1","0","0","0","0","0","0","0","0","0","0","0","0","0","0","0","0","0","0","0","0","0","0","0","0","0","0","0","0",
"1600000US0651294","Nice CDP, California","2929","507","2422","2167","1904","54","113","62","10","24","255","243","31","131","29","7","37","1","0","0","0","6","0","0","0","1","0","10","5","4","0","0","0","0","0","1","0","0","0","0","0","0","0","0","0","0","0","0","2","1","0","0","1","0","0","0","0","0","0","0","0","0","0","0","0","0","0","0","0","0","0","0","0",
"1600000US0651336","Nicolaus CDP, California","176","26","150","142","135","1","0","6","0","0","8","8","0","3","3","1","0","0","0","0","0","0","0","0","0","1","0","0","0","0","0","0","0","0","0","0","0","0","0","0","0","0","0","0","0","0","0","0","0","0","0","0","0","0","0","0","0","0","0","0","0","0","0","0","0","0","0","0","0","0","0","0","0",
"1600000US0651392","Niland CDP, California","756","561","195","172","133","26","5","6","1","1","23","18","0","2","4","0","5","0","0","3","0","2","0","1","0","1","0","5","2","0","0","0","1","0","0","2","0","0","0","0","0","0","0","0","0","0","0","0","0","0","0","0","0","0","0","0","0","0","0","0","0","0","0","0","0","0","0","0","0","0","0","0","0",
"1600000US0651470","Nipinnawasee CDP, California","434","48","386","364","358","1","4","1","0","0","22","22","1","14","1","2","4","0","0","0","0","0","0","0","0","0","0","0","0","0","0","0","0","0","0","0","0","0","0","0","0","0","0","0","0","0","0","0","0","0","0","0","0","0","0","0","0","0","0","0","0","0","0","0","0","0","0","0","0","0","0","0","0",
"1600000US0651476","Nipomo CDP, California","18176","8041","10135","9377","8657","130","73","409","28","80","758","715","76","259","189","10","167","1","3","0","3","0","0","0","6","1","0","37","3","3","0","0","11","2","0","15","2","0","0","0","0","0","0","0","0","0","0","1","5","0","0","2","0","0","0","2","0","0","1","0","0","0","0","0","1","0","1","0","0","0","0","0","0",
"1600000US0651560","Norco city, California","26316","9494","16822","15913","13176","1563","140","874","33","127","909","843","81","239","212","38","160","14","12","4","7","1","0","0","73","0","2","62","18","4","0","9","9","2","3","13","0","0","2","0","0","2","0","0","0","0","0","0","4","0","0","0","0","1","0","1","0","0","0","1","0","1","0","0","0","0","0","0","0","0","0","0","0",
"1600000US0651574","Nord CDP, California","286","104","182","161","143","1","3","12","0","2","21","20","0","8","0","0","12","0","0","0","0","0","0","0","0","0","0","0","0","0","0","0","0","0","0","0","0","0","0","0","0","0","0","0","0","0","0","0","0","0","0","0","0","0","0","0","0","0","0","0","0","0","0","0","1","0","1","0","0","0","0","0","0",
"1600000US0651622","Norris Canyon CDP, California","1313","43","1270","1224","309","25","2","879","0","9","46","43","3","0","32","1","1","0","2","0","0","0","0","2","2","0","0","3","0","3","0","0","0","0","0","0","0","0","0","0","0","0","0","0","0","0","0","0","0","0","0","0","0","0","0","0","0","0","0","0","0","0","0","0","0","0","0","0","0","0","0","0","0",
"1600000US0651637","North Auburn CDP, California","13452","2519","10933","10218","9606","111","119","299","23","60","715","685","56","306","153","14","149","0","1","0","0","1","0","0","4","1","0","30","5","3","5","2","1","0","1","11","2","0","0","0","0","0","0","0","0","0","0","0","0","0","0","0","0","0","0","0","0","0","0","0","0","0","0","0","0","0","0","0","0","0","0","0","0",
"1600000US0651812","North Edwards CDP, California","1054","227","827","763","646","68","12","27","6","4","64","50","3","27","9","1","5","3","2","0","0","0","0","0","0","0","0","13","6","1","0","3","0","0","1","2","0","0","0","0","0","0","0","0","0","0","0","0","1","1","0","0","0","0","0","0","0","0","0","0","0","0","0","0","0","0","0","0","0","0","0","0","0",
"1600000US0651820","North El Monte CDP, California","3730","1079","2651","2571","793","65","5","1697","0","11","80","79","15","18","35","0","10","0","0","0","0","0","0","0","1","0","0","0","0","0","0","0","0","0","0","0","0","0","0","0","0","0","0","0","0","0","0","0","0","0","0","0","0","0","0","0","0","0","0","0","0","0","0","0","1","0","1","0","0","0","0","0","0",
"1600000US0651840","North Fair Oaks CDP, California","14027","9799","4228","3895","2681","153","23","828","152","58","333","303","37","32","129","8","57","2","6","1","5","2","2","0","14","3","5","20","3","3","0","1","5","0","0","3","5","0","0","0","0","0","0","0","0","0","0","0","8","5","0","0","0","0","0","2","0","0","0","0","1","0","0","0","2","2","0","0","0","0","0","0","0",
"1600000US0651868","North Fork CDP, California","3250","385","2865","2626","2264","12","301","29","6","14","239","224","15","134","21","4","44","0","3","0","0","1","0","0","1","1","0","15","13","0","0","0","0","2","0","0","0","0","0","0","0","0","0","0","0","0","0","0","0","0","0","0","0","0","0","0","0","0","0","0","0","0","0","0","0","0","0","0","0","0","0","0","0",
"1600000US0651890","North Gate CDP, California","667","68","599","554","480","2","0","71","0","1","45","41","1","9","23","0","4","1","1","0","1","0","0","0","1","0","0","4","1","2","0","0","0","0","0","1","0","0","0","0","0","0","0","0","0","0","0","0","0","0","0","0","0","0","0","0","0","0","0","0","0","0","0","0","0","0","0","0","0","0","0","0","0",
"1600000US0651924","North Highlands CDP, California","49327","14402","34925","31550","22102","4974","348","3404","408","314","3375","3025","852","617","766","90","279","104","123","23","49","14","3","4","66","17","18","319","137","62","11","19","32","9","6","23","4","0","4","0","0","5","1","0","1","0","0","5","29","6","2","5","5","1","0","9","0","0","0","0","1","0","0","0","2","1","1","0","0","0","0","0","0",
"1600000US0651990","North Lakeport CDP, California","3547","801","2746","2587","2391","36","84","57","3","16","159","151","17","73","16","1","39","2","0","0","0","0","1","0","2","0","0","8","0","2","0","0","1","4","1","0","0","0","0","0","0","0","0","0","0","0","0","0","0","0","0","0","0","0","0","0","0","0","0","0","0","0","0","0","0","0","0","0","0","0","0","0","0",
"1600000US0652162","North Richmond CDP, California","4175","2833","1342","1254","134","673","8","378","30","31","88","76","17","2","12","3","4","17","6","1","2","0","0","0","6","4","2","8","1","0","1","0","1","0","0","2","2","0","1","0","0","0","0","0","0","0","0","0","4","4","0","0","0","0","0","0","0","0","0","0","0","0","0","0","0","0","0","0","0","0","0","0","0",
"1600000US0652246","North San Juan CDP, California","245","12","233","213","200","2","6","4","1","0","20","18","0","13","4","0","1","0","0","0","0","0","0","0","0","0","0","2","0","0","0","0","2","0","0","0","0","0","0","0","0","0","0","0","0","0","0","0","0","0","0","0","0","0","0","0","0","0","0","0","0","0","0","0","0","0","0","0","0","0","0","0","0",
"1600000US0652302","North Shore CDP, California","3585","3472","113","108","88","2","7","5","0","6","5","4","0","0","2","0","0","0","0","0","0","0","0","0","2","0","0","1","0","0","0","0","0","0","1","0","0","0","0","0","0","0","0","0","0","0","0","0","0","0","0","0","0","0","0","0","0","0","0","0","0","0","0","0","0","0","0","0","0","0","0","0","0",
"1600000US0652379","North Tustin CDP, California","25718","4480","21238","19771","16478","163","27","2956","38","109","1467","1388","101","197","759","18","276","3","3","0","3","2","0","2","17","6","1","73","11","10","1","4","23","1","1","20","1","0","1","0","0","0","0","0","0","0","0","0","6","0","0","4","0","0","0","2","0","0","0","0","0","0","0","0","0","0","0","0","0","0","0","0","0",
"1600000US0652526","Norwalk city, California","102773","73548","29225","27598","8919","3849","294","13680","370","486","1627","1496","199","269","445","33","151","55","101","9","84","6","1","6","112","21","4","110","39","13","1","13","21","0","1","7","1","0","3","0","2","8","1","0","0","0","0","0","21","9","2","2","2","1","0","1","1","0","1","0","2","0","0","0","0","0","0","0","0","0","0","0","0",
"1600000US0652582","Novato city, California","53225","13615","39610","36719","30835","1375","95","3900","100","414","2891","2698","383","377","1126","79","562","24","46","4","27","0","5","2","44","19","0","184","50","27","3","16","16","4","2","48","12","0","3","0","0","1","0","0","1","0","0","1","6","1","1","0","3","1","0","0","0","0","0","0","0","0","0","0","3","3","0","0","0","0","0","0","0",
"1600000US0652610","Nubieber CDP, California","19","2","17","14","11","1","1","1","0","0","3","1","1","0","0","0","0","0","0","0","0","0","0","0","0","0","0","2","0","0","0","0","0","0","0","0","0","0","0","1","0","0","0","0","0","0","0","1","0","0","0","0","0","0","0","0","0","0","0","0","0","0","0","0","0","0","0","0","0","0","0","0","0",
"1600000US0652624","Nuevo CDP, California","6733","4378","2355","2188","1952","112","15","71","20","18","167","143","21","51","22","10","26","1","5","0","0","0","0","0","3","0","4","22","10","4","0","1","3","0","0","3","1","0","0","0","0","0","0","0","0","0","0","0","2","0","1","0","0","0","0","1","0","0","0","0","0","0","0","0","0","0","0","0","0","0","0","0","0",
"1600000US0652694","Oakdale city, California","23181","7055","16126","14938","13931","166","147","511","74","109","1188","1131","126","489","200","43","237","2","8","3","0","4","0","0","15","4","0","52","11","4","2","4","5","4","5","11","2","2","0","1","0","0","0","0","1","0","0","0","5","1","0","1","0","0","0","1","0","0","2","0","0","0","0","0","0","0","0","0","0","0","0","0","0",
"1600000US0652715","Oak Glen CDP, California","602","114","488","462","404","34","9","10","1","4","26","26","1","8","6","0","7","1","0","0","1","0","0","1","1","0","0","0","0","0","0","0","0","0","0","0","0","0","0","0","0","0","0","0","0","0","0","0","0","0","0","0","0","0","0","0","0","0","0","0","0","0","0","0","0","0","0","0","0","0","0","0","0",
"1600000US0652760","Oak Hills CDP, California","9450","3897","5553","5192","4562","240","67","261","6","56","361","339","35","118","59","13","96","5","0","0","5","1","0","1","5","1","0","18","6","0","1","0","2","0","0","8","0","0","0","0","0","1","0","0","0","0","0","0","4","0","0","2","1","0","0","0","0","0","1","0","0","0","0","0","0","0","0","0","0","0","0","0","0",
"1600000US0652764","Oakhurst CDP, California","5945","845","5100","4759","4477","14","125","108","3","32","341","328","19","170","26","12","99","0","1","0","1","0","0","0","0","0","0","12","5","0","0","0","5","2","0","0","0","0","0","0","0","0","0","0","0","0","0","0","1","0","0","0","0","0","0","0","0","0","0","0","1","0","0","0","0","0","0","0","0","0","0","0","0",
"1600000US0653000","Oakland city, California","440646","126843","313803","288657","120187","91561","1371","69906","2668","2964","25146","22586","5195","1505","8359","429","2676","1207","1447","200","707","102","36","26","437","198","62","2324","840","499","37","157","181","23","13","285","109","3","47","3","21","44","38","6","8","1","0","9","214","87","7","23","34","29","2","19","0","0","4","6","1","0","0","2","18","7","8","0","2","1","0","4","4",
"1600000US0653070","Oakley city, California","43357","15928","27429","24746","16711","3447","115","3962","247","264","2683","2436","355","531","791","104","315","56","125","3","38","6","0","5","82","18","7","230","70","32","4","16","30","3","4","52","9","0","1","0","0","2","3","0","3","1","0","0","17","2","3","5","5","0","0","2","0","0","0","0","0","0","0","0","0","0","0","0","0","0","0","0","0",
"1600000US0653116","Oak Park CDP, California","13898","1118","12780","12135","9199","167","11","2676","7","75","645","614","74","62","291","0","158","4","12","0","3","2","0","0","4","4","0","26","5","4","0","3","2","0","2","7","1","0","1","0","0","1","0","0","0","0","0","0","4","0","0","1","3","0","0","0","0","0","0","0","0","0","0","0","1","0","1","0","0","0","0","0","0",
"1600000US0653140","Oak Run CDP, California","158","13","145","135","125","0","4","4","2","0","10","8","1","3","1","0","3","0","0","0","0","0","0","0","0","0","0","2","0","0","0","0","0","2","0","0","0","0","0","0","0","0","0","0","0","0","0","0","0","0","0","0","0","0","0","0","0","0","0","0","0","0","0","0","0","0","0","0","0","0","0","0","0",
"1600000US0653160","Oak Shores CDP, California","316","29","287","276","266","2","2","2","0","4","11","8","1","1","5","0","1","0","0","0","0","0","0","0","0","0","0","1","0","0","0","0","1","0","0","0","0","0","0","0","0","0","0","0","0","0","0","0","2","0","0","0","0","0","0","0","0","0","0","0","0","0","2","0","0","0","0","0","0","0","0","0","0",
"1600000US0653182","Oak View CDP, California","6215","1813","4402","4082","3911","18","24","78","5","46","320","306","28","122","78","1","75","0","0","0","0","0","0","0","0","2","0","13","1","7","1","1","0","0","2","1","0","0","0","0","0","0","0","0","0","0","0","0","1","1","0","0","0","0","0","0","0","0","0","0","0","0","0","0","0","0","0","0","0","0","0","0","0",
"1600000US0653196","Oakville CDP, California","49","25","24","23","22","0","0","0","1","0","1","1","0","0","0","0","1","0","0","0","0","0","0","0","0","0","0","0","0","0","0","0","0","0","0","0","0","0","0","0","0","0","0","0","0","0","0","0","0","0","0","0","0","0","0","0","0","0","0","0","0","0","0","0","0","0","0","0","0","0","0","0","0",
"1600000US0653224","Oasis CDP, California","4468","4280","188","171","30","6","71","30","0","34","17","16","0","3","3","0","4","1","0","0","3","0","0","1","1","0","0","0","0","0","0","0","0","0","0","0","0","0","0","0","0","0","0","0","0","0","0","0","1","0","0","0","0","0","0","0","0","0","0","0","0","0","1","0","0","0","0","0","0","0","0","0","0",
"1600000US0653266","Occidental CDP, California","1132","82","1050","970","928","5","2","19","0","16","80","77","14","20","15","5","20","2","0","0","1","0","0","0","0","0","0","3","0","0","0","0","0","0","0","3","0","0","0","0","0","0","0","0","0","0","0","0","0","0","0","0","0","0","0","0","0","0","0","0","0","0","0","0","0","0","0","0","0","0","0","0","0",
"1600000US0653294","Oceano CDP, California","7183","3359","3824","3515","3241","55","38","130","12","39","309","282","32","119","50","13","50","0","0","0","0","2","0","1","14","1","0","22","2","4","1","1","5","0","0","3","2","0","0","0","0","0","0","0","1","2","0","1","5","0","0","1","2","2","0","0","0","0","0","0","0","0","0","0","0","0","0","0","0","0","0","0","0",
"1600000US0653322","Oceanside city, California","174068","63316","110752","101078","78444","6456","503","12759","1886","1030","9674","8732","1318","1414","3221","516","1309","117","311","52","67","22","5","3","296","74","7","848","155","157","30","39","95","14","24","266","27","1","6","1","3","21","7","1","0","0","0","1","83","21","5","12","23","6","0","14","1","0","1","0","0","0","0","0","11","6","5","0","0","0","0","0","0",
"1600000US0653378","Ocotillo CDP, California","215","37","178","169","158","3","4","3","0","1","9","7","0","5","1","0","0","0","0","0","0","0","0","0","0","1","0","0","0","0","0","0","0","0","0","0","0","0","0","0","0","0","0","0","0","0","0","0","1","0","0","0","0","0","0","1","0","0","0","0","0","0","0","0","1","0","0","1","0","0","0","0","0",
"1600000US0653448","Oildale CDP, California","36135","11102","25033","23197","21384","868","408","357","33","147","1836","1757","243","973","165","44","277","16","12","5","6","5","0","0","2","9","0","68","23","10","1","1","19","0","3","8","0","0","1","1","1","0","0","0","0","0","0","0","10","2","1","1","0","0","1","2","0","0","0","0","0","0","3","0","1","0","0","0","1","0","0","0","0",
"1600000US0653476","Ojai city, California","7637","1465","6172","5811","5482","26","24","225","8","46","361","349","32","89","111","12","89","3","3","0","1","0","2","0","5","2","0","9","1","3","0","0","0","0","1","1","3","0","0","0","0","0","0","0","0","0","0","0","3","1","0","0","1","0","0","1","0","0","0","0","0","0","0","0","0","0","0","0","0","0","0","0","0",
"1600000US0653490","Olancha CDP, California","131","35","96","86","78","3","5","0","0","0","10","8","0","1","0","0","7","0","0","0","0","0","0","0","0","0","0","2","0","0","0","0","0","0","0","0","0","0","0","0","0","2","0","0","0","0","0","0","0","0","0","0","0","0","0","0","0","0","0","0","0","0","0","0","0","0","0","0","0","0","0","0","0",
"1600000US0653503","Olde Stockdale CDP, California","568","41","527","518","498","3","0","10","0","7","9","9","0","1","1","0","7","0","0","0","0","0","0","0","0","0","0","0","0","0","0","0","0","0","0","0","0","0","0","0","0","0","0","0","0","0","0","0","0","0","0","0","0","0","0","0","0","0","0","0","0","0","0","0","0","0","0","0","0","0","0","0","0",
"1600000US0653505","Old Fig Garden CDP, California","5477","1840","3637","3437","2959","135","38","278","3","24","200","174","22","41","44","5","46","7","3","0","3","0","0","0","1","2","0","25","4","4","0","0","4","0","1","11","0","0","1","0","0","0","0","0","0","0","0","0","1","1","0","0","0","0","0","0","0","0","0","0","0","0","0","0","0","0","0","0","0","0","0","0","0",
"1600000US0653574","Old River CDP, California","123","79","44","42","39","0","0","0","0","3","2","2","0","1","0","1","0","0","0","0","0","0","0","0","0","0","0","0","0","0","0","0","0","0","0","0","0","0","0","0","0","0","0","0","0","0","0","0","0","0","0","0","0","0","0","0","0","0","0","0","0","0","0","0","0","0","0","0","0","0","0","0","0",
"1600000US0653602","Old Station CDP, California","64","2","62","62","61","0","0","1","0","0","0","0","0","0","0","0","0","0","0","0","0","0","0","0","0","0","0","0","0","0","0","0","0","0","0","0","0","0","0","0","0","0","0","0","0","0","0","0","0","0","0","0","0","0","0","0","0","0","0","0","0","0","0","0","0","0","0","0","0","0","0","0","0",
"1600000US0653603","Old Stine CDP, California","3841","2215","1626","1518","1044","327","40","82","4","21","108","104","23","34","12","0","12","11","3","0","1","1","0","1","4","1","1","4","0","1","0","2","1","0","0","0","0","0","0","0","0","0","0","0","0","0","0","0","0","0","0","0","0","0","0","0","0","0","0","0","0","0","0","0","0","0","0","0","0","0","0","0","0",
"1600000US0653714","Olivehurst CDP, California","16595","6705","9890","8803","6712","548","225","1163","76","79","1087","990","148","466","157","17","160","6","7","4","7","1","3","2","10","2","0","85","39","3","0","3","14","7","0","18","0","0","0","0","0","1","0","0","0","0","0","0","8","3","0","0","0","0","0","3","0","0","0","2","0","0","0","0","4","0","4","0","0","0","0","0","0",
"1600000US0653882","Ono CDP, California","93","6","87","81","77","0","1","2","0","1","6","4","0","0","4","0","0","0","0","0","0","0","0","0","0","0","0","1","0","0","0","0","1","0","0","0","0","0","0","0","0","0","0","0","0","0","0","0","0","0","0","0","0","0","0","0","0","0","0","0","0","0","0","0","1","1","0","0","0","0","0","0","0",
"1600000US0653896","Ontario city, California","175265","119928","55337","51783","23997","10336","409","15693","415","933","3554","3247","684","565","858","93","383","133","199","31","112","15","5","16","121","24","8","275","72","57","8","30","20","5","3","46","10","4","3","0","4","5","3","2","1","0","0","2","29","15","0","2","6","2","0","2","0","0","1","0","1","0","0","0","3","3","0","0","0","0","0","0","0",
"1600000US0653910","Onyx CDP, California","457","61","396","364","339","0","22","0","0","3","32","32","1","21","5","0","5","0","0","0","0","0","0","0","0","0","0","0","0","0","0","0","0","0","0","0","0","0","0","0","0","0","0","0","0","0","0","0","0","0","0","0","0","0","0","0","0","0","0","0","0","0","0","0","0","0","0","0","0","0","0","0","0",
"1600000US0653980","Orange city, California","139911","57575","82336","76892","55330","2221","289","18058","328","666","5444","5065","498","871","2370","127","778","29","107","27","31","19","3","5","147","52","1","346","63","52","3","17","53","9","4","114","14","1","6","1","1","2","4","0","2","0","0","0","32","13","1","6","6","2","0","2","0","0","2","0","0","0","0","0","1","0","0","0","1","0","0","0","0",
"1600000US0653987","Orange Blossom CDP, California","1068","171","897","818","797","1","0","17","0","3","79","74","0","44","7","0","23","0","0","0","0","0","0","0","0","0","0","5","3","2","0","0","0","0","0","0","0","0","0","0","0","0","0","0","0","0","0","0","0","0","0","0","0","0","0","0","0","0","0","0","0","0","0","0","0","0","0","0","0","0","0","0","0",
"1600000US0654008","Orange Cove city, California","9649","9159","490","439","325","26","12","67","5","4","51","48","0","20","16","4","2","2","2","0","0","0","0","0","0","2","0","3","0","0","0","2","0","0","0","0","0","0","0","0","0","1","0","0","0","0","0","0","0","0","0","0","0","0","0","0","0","0","0","0","0","0","0","0","0","0","0","0","0","0","0","0","0",
"1600000US0654092","Orangevale CDP, California","35569","4645","30924","28531","26236","542","193","1228","76","256","2393","2229","258","729","612","76","461","25","14","4","3","7","3","2","29","3","3","147","40","35","2","1","11","1","2","39","3","3","1","1","3","4","0","0","0","1","0","0","17","9","0","0","0","1","0","6","0","0","0","1","0","0","0","0","0","0","0","0","0","0","0","0","0",
"1600000US0654120","Orcutt CDP, California","32034","10570","21464","19801","17953","337","169","1160","52","130","1663","1557","139","464","483","51","345","9","12","4","10","7","0","3","22","8","0","94","16","3","1","4","28","3","1","33","2","1","0","1","0","0","0","0","1","0","0","0","9","5","0","1","0","0","0","1","2","0","0","0","0","0","0","0","3","2","0","1","0","0","0","0","0",
"1600000US0654218","Orick CDP, California","328","30","298","258","227","3","16","3","3","6","40","40","0","36","0","0","2","1","0","0","0","1","0","0","0","0","0","0","0","0","0","0","0","0","0","0","0","0","0","0","0","0","0","0","0","0","0","0","0","0","0","0","0","0","0","0","0","0","0","0","0","0","0","0","0","0","0","0","0","0","0","0","0",
"1600000US0654232","Orinda city, California","19514","1285","18229","16820","13097","188","17","3388","16","114","1409","1327","81","114","858","22","201","4","10","4","12","0","0","0","17","4","0","72","6","15","2","6","14","0","2","20","2","0","0","1","0","0","0","0","1","0","0","3","10","5","0","1","1","1","0","1","0","1","0","0","0","0","0","0","0","0","0","0","0","0","0","0","0",
"1600000US0654274","Orland city, California","8298","4443","3855","3567","3218","35","83","175","7","49","288","271","19","127","36","3","71","0","4","1","1","5","0","0","4","0","0","11","1","1","0","0","0","1","0","4","0","1","1","0","1","0","0","0","0","1","0","0","6","0","0","0","1","3","0","0","0","2","0","0","0","0","0","0","0","0","0","0","0","0","0","0","0",
"1600000US0654372","Orosi CDP, California","8329","7418","911","868","195","8","7","648","0","10","43","40","0","7","11","2","6","0","7","0","0","2","0","0","4","1","0","2","0","0","0","0","2","0","0","0","0","0","0","0","0","0","0","0","0","0","0","0","1","1","0","0","0","0","0","0","0","0","0","0","0","0","0","0","0","0","0","0","0","0","0","0","0",
"1600000US0654386","Oroville city, California","20042","3267","16775","14972","11669","692","526","1935","57","93","1803","1641","256","901","169","49","158","33","12","6","19","9","4","3","19","3","0","153","46","23","5","10","33","3","6","26","1","0","0","0","0","0","0","0","0","0","0","0","8","5","0","2","0","0","0","1","0","0","0","0","0","0","0","0","1","0","0","0","1","0","0","0","0",
"1600000US0654388","Oroville East CDP, California","8038","908","7130","6558","5761","80","345","324","10","38","572","540","60","294","66","7","100","3","1","0","0","0","6","0","3","0","0","29","16","1","3","0","1","3","0","1","0","0","0","0","1","0","0","0","0","0","0","3","3","0","0","2","0","0","0","1","0","0","0","0","0","0","0","0","0","0","0","0","0","0","0","0","0",
"1600000US0654652","Oxnard city, California","202063","150984","51079","47290","26415","4235","392","14987","489","772","3789","3395","554","497","1236","143","362","68","144","40","66","29","2","8","187","51","8","346","90","59","13","21","34","4","5","98","10","0","2","2","0","3","1","0","4","0","0","0","45","12","1","12","8","0","1","11","0","0","0","0","0","0","0","0","2","0","2","0","0","0","0","1","1",
"1600000US0654764","Pacheco CDP, California","4183","1329","2854","2589","1996","74","11","470","15","23","265","240","35","69","80","5","21","1","16","3","1","2","0","0","4","3","0","21","3","4","2","0","0","1","0","8","3","0","0","0","0","0","0","0","0","0","0","0","3","0","0","0","2","1","0","0","0","0","0","0","0","0","0","0","1","1","0","0","0","0","0","0","0",
"1600000US0654806","Pacifica city, California","38640","7363","31277","28333","18742","684","100","8186","258","363","2944","2753","195","285","1478","98","455","28","69","1","14","2","0","0","99","20","9","180","33","34","0","7","23","0","1","58","17","0","6","0","0","0","1","0","0","0","0","0","8","0","0","1","6","0","0","1","0","0","0","0","0","0","0","0","3","3","0","0","0","0","0","0","0",
"1600000US0654848","Pacific Grove city, California","15090","2146","12944","12010","10660","168","44","993","36","109","934","871","102","177","351","18","185","0","13","2","2","2","2","5","6","1","5","52","12","13","0","2","12","0","0","9","2","0","0","0","0","0","2","0","0","0","0","0","10","2","0","2","2","0","2","2","0","0","0","0","0","0","0","0","1","1","0","0","0","0","0","0","0",
"1600000US0655044","Pajaro CDP, California","2882","2744","138","127","64","2","0","43","1","17","11","9","1","2","4","0","0","0","0","0","2","0","0","0","0","0","0","1","0","0","0","1","0","0","0","0","0","0","0","0","0","0","0","0","0","0","0","0","1","1","0","0","0","0","0","0","0","0","0","0","0","0","0","0","0","0","0","0","0","0","0","0","0",
"1600000US0655048","Pajaro Dunes CDP, California","122","46","76","75","69","0","0","6","0","0","1","0","0","0","0","0","0","0","0","0","0","0","0","0","0","0","0","1","0","0","0","0","0","1","0","0","0","0","0","0","0","0","0","0","0","0","0","0","0","0","0","0","0","0","0","0","0","0","0","0","0","0","0","0","0","0","0","0","0","0","0","0","0",
"1600000US0655058","Pala CDP, California","1490","602","888","835","68","3","756","4","1","3","53","47","4","30","1","0","4","5","0","0","0","0","3","0","0","0","0","6","3","0","0","0","1","0","0","0","0","0","0","0","0","0","0","0","1","0","0","1","0","0","0","0","0","0","0","0","0","0","0","0","0","0","0","0","0","0","0","0","0","0","0","0","0",
"1600000US0655086","Palermo CDP, California","5555","1401","4154","3800","3256","62","173","276","10","23","354","342","23","244","18","8","41","1","2","0","0","0","0","2","2","1","0","12","1","1","0","2","7","0","0","0","0","0","0","0","1","0","0","0","0","0","0","0","0","0","0","0","0","0","0","0","0","0","0","0","0","0","0","0","0","0","0","0","0","0","0","0","0",
"1600000US0655156","Palmdale city, California","169450","104742","64708","59625","28739","22000","489","7007","278","1112","5083","4552","1217","766","891","72","472","322","224","38","352","24","6","11","97","51","9","482","169","102","3","50","26","4","9","69","12","1","5","1","10","9","6","4","1","0","0","1","39","17","6","10","2","4","0","0","0","0","0","0","0","0","0","0","10","4","6","0","0","0","0","0","0",
"1600000US0655184","Palm Desert city, California","51163","13315","37848","36229","32535","935","120","2364","57","218","1619","1517","220","393","404","34","360","25","18","11","13","9","2","0","20","5","3","93","32","16","0","5","6","3","1","24","2","0","0","0","1","1","2","0","0","0","0","0","9","0","0","3","5","0","0","1","0","0","0","0","0","0","0","0","0","0","0","0","0","0","0","0","0",
"1600000US0655254","Palm Springs city, California","44575","11054","33521","32123","27729","1846","243","2015","61","229","1398","1297","230","361","278","38","287","31","17","2","21","13","2","2","11","3","1","87","35","18","4","4","3","3","2","8","4","0","5","0","0","1","0","0","0","0","0","0","12","1","0","1","2","0","0","5","1","1","0","0","0","0","1","0","2","2","0","0","0","0","0","0","0",
"1600000US0655282","Palo Alto city, California","68572","5091","63481","59345","33243","1170","37","24246","146","503","4136","3939","343","175","2542","39","642","13","31","2","22","10","2","5","73","36","4","183","54","32","11","11","17","3","8","27","12","0","2","1","0","4","1","0","0","0","0","0","14","4","0","1","5","0","1","0","0","0","3","0","0","0","0","0","0","0","0","0","0","0","0","0","0",
"1600000US0655296","Palo Cedro CDP, California","2931","207","2724","2522","2402","18","26","54","4","18","202","196","7","117","23","6","43","0","0","0","0","0","0","0","0","0","0","5","0","0","0","0","1","2","1","1","0","0","0","0","0","0","0","0","0","0","0","0","1","0","0","0","0","1","0","0","0","0","0","0","0","0","0","0","0","0","0","0","0","0","0","0","0",
"1600000US0655380","Palos Verdes Estates city, California","13347","1003","12344","11528","8544","166","16","2713","4","85","816","784","54","64","444","16","154","0","4","0","12","2","0","0","28","5","1","25","4","2","0","2","6","0","0","8","1","0","0","0","0","0","0","0","2","0","0","0","7","4","0","0","2","1","0","0","0","0","0","0","0","0","0","0","0","0","0","0","0","0","0","0","0",
"1600000US0655422","Palo Verde CDP, California","152","33","119","108","100","4","2","1","0","1","11","11","2","4","0","0","5","0","0","0","0","0","0","0","0","0","0","0","0","0","0","0","0","0","0","0","0","0","0","0","0","0","0","0","0","0","0","0","0","0","0","0","0","0","0","0","0","0","0","0","0","0","0","0","0","0","0","0","0","0","0","0","0",
"1600000US0655506","Panorama Heights CDP, California","44","5","39","35","35","0","0","0","0","0","4","4","0","4","0","0","0","0","0","0","0","0","0","0","0","0","0","0","0","0","0","0","0","0","0","0","0","0","0","0","0","0","0","0","0","0","0","0","0","0","0","0","0","0","0","0","0","0","0","0","0","0","0","0","0","0","0","0","0","0","0","0","0",
"1600000US0655520","Paradise town, California","4764","419","4345","4060","3931","17","34","68","4","6","285","263","7","135","35","4","72","4","2","0","1","2","0","1","0","0","0","17","4","1","0","2","3","3","0","3","0","0","0","0","0","0","0","0","1","0","0","0","4","2","0","1","1","0","0","0","0","0","0","0","0","0","0","0","1","0","1","0","0","0","0","0","0",
"1600000US0655528","Paradise CDP, California","174","15","159","145","138","0","4","2","0","1","14","13","0","4","4","0","5","0","0","0","0","0","0","0","0","0","0","1","0","0","0","0","0","0","0","0","0","0","0","1","0","0","0","0","0","0","0","0","0","0","0","0","0","0","0","0","0","0","0","0","0","0","0","0","0","0","0","0","0","0","0","0","0",
"1600000US0655604","Paradise Park CDP, California","367","29","338","321","306","0","2","9","1","3","17","16","0","7","0","0","8","0","0","0","0","0","0","1","0","0","0","1","0","0","0","0","0","0","1","0","0","0","0","0","0","0","0","0","0","0","0","0","0","0","0","0","0","0","0","0","0","0","0","0","0","0","0","0","0","0","0","0","0","0","0","0","0",
"1600000US0655618","Paramount city, California","53733","43620","10113","9473","2273","4970","94","1703","225","208","640","558","148","59","79","15","29","51","41","31","49","1","0","3","40","12","0","71","32","6","0","3","0","1","0","12","3","0","1","0","5","4","4","0","0","0","0","0","8","3","0","1","2","2","0","0","0","0","0","0","0","0","0","0","2","2","0","0","0","0","0","1","1",
"1600000US0655728","Parklawn CDP, California","1249","1077","172","154","131","4","9","6","0","4","18","17","6","7","1","0","3","0","0","0","0","0","0","0","0","0","0","1","0","0","0","0","0","0","0","1","0","0","0","0","0","0","0","0","0","0","0","0","0","0","0","0","0","0","0","0","0","0","0","0","0","0","0","0","0","0","0","0","0","0","0","0","0",
"1600000US0655751","Parksdale CDP, California","3234","2912","322","294","197","47","29","11","3","7","28","25","0","5","9","0","6","0","3","0","1","0","0","0","0","1","0","3","0","1","1","0","1","0","0","0","0","0","0","0","0","0","0","0","0","0","0","0","0","0","0","0","0","0","0","0","0","0","0","0","0","0","0","0","0","0","0","0","0","0","0","0","0",
"1600000US0655800","Parkway CDP, California","15962","7012","8950","8340","2452","2522","86","2943","241","96","610","547","136","71","98","21","36","45","49","12","11","0","3","1","33","2","29","60","25","9","0","5","6","0","2","2","2","0","0","0","0","3","0","1","5","0","0","0","3","0","0","1","1","0","0","1","0","0","0","0","0","0","0","0","0","0","0","0","0","0","0","0","0",
"1600000US0655842","Parkwood CDP, California","2307","1929","378","347","232","73","8","20","3","11","31","29","4","15","5","1","3","0","1","0","0","0","0","0","0","0","0","2","0","0","0","0","2","0","0","0","0","0","0","0","0","0","0","0","0","0","0","0","0","0","0","0","0","0","0","0","0","0","0","0","0","0","0","0","0","0","0","0","0","0","0","0","0",
"1600000US0655856","Parlier city, California","14576","14227","349","310","201","35","9","49","2","14","39","31","5","3","12","0","4","1","0","0","0","1","0","0","4","1","0","6","3","1","0","0","2","0","0","0","0","0","0","0","0","0","0","0","0","0","0","0","2","2","0","0","0","0","0","0","0","0","0","0","0","0","0","0","0","0","0","0","0","0","0","0","0",
"1600000US0656000","Pasadena city, California","138699","45742","92957","86968","50858","10795","201","24149","130","835","5989","5504","966","528","2555","35","679","146","168","25","151","19","1","10","153","59","9","447","138","59","3","54","47","2","6","101","11","0","5","1","11","6","1","0","1","0","0","1","35","15","1","7","3","4","0","2","0","0","2","1","0","0","0","0","3","2","1","0","0","0","0","0","0",
"1600000US0656028","Pasatiempo CDP, California","1093","85","1008","956","891","5","2","53","0","5","52","49","4","11","24","0","9","0","0","1","0","0","0","0","0","0","0","1","0","0","0","0","0","0","0","0","1","0","0","0","0","0","0","0","0","0","0","0","2","0","0","0","0","0","0","2","0","0","0","0","0","0","0","0","0","0","0","0","0","0","0","0","0",
"1600000US0656042","Paskenta CDP, California","110","5","105","101","98","2","1","0","0","0","4","4","0","2","0","2","0","0","0","0","0","0","0","0","0","0","0","0","0","0","0","0","0","0","0","0","0","0","0","0","0","0","0","0","0","0","0","0","0","0","0","0","0","0","0","0","0","0","0","0","0","0","0","0","0","0","0","0","0","0","0","0","0",
"1600000US0656112","Patterson city, California","23781","14961","8820","8055","4482","1581","83","1484","307","118","765","662","105","187","185","23","62","25","17","1","18","2","0","0","32","4","1","94","32","12","4","7","6","4","1","12","6","1","5","0","0","1","0","0","0","0","0","3","8","2","0","0","0","0","0","4","0","0","1","1","0","0","0","0","1","1","0","0","0","0","0","0","0",
"1600000US0656120","Patterson Tract CDP, California","1888","1301","587","567","465","4","3","91","0","4","20","15","1","1","2","0","10","1","0","0","0","0","0","0","0","0","0","5","1","1","0","0","0","0","3","0","0","0","0","0","0","0","0","0","0","0","0","0","0","0","0","0","0","0","0","0","0","0","0","0","0","0","0","0","0","0","0","0","0","0","0","0","0",
"1600000US0656140","Patton Village CDP, California","632","79","553","500","454","23","9","6","1","7","53","50","4","23","13","0","10","0","0","0","0","0","0","0","0","0","0","3","0","0","0","0","0","2","0","0","1","0","0","0","0","0","0","0","0","0","0","0","0","0","0","0","0","0","0","0","0","0","0","0","0","0","0","0","0","0","0","0","0","0","0","0","0",
"1600000US0656182","Paxton CDP, California","0","0","0","0","0","0","0","0","0","0","0","0","0","0","0","0","0","0","0","0","0","0","0","0","0","0","0","0","0","0","0","0","0","0","0","0","0","0","0","0","0","0","0","0","0","0","0","0","0","0","0","0","0","0","0","0","0","0","0","0","0","0","0","0","0","0","0","0","0","0","0","0","0",
"1600000US0656196","Paynes Creek CDP, California","54","6","48","44","41","1","2","0","0","0","4","4","1","3","0","0","0","0","0","0","0","0","0","0","0","0","0","0","0","0","0","0","0","0","0","0","0","0","0","0","0","0","0","0","0","0","0","0","0","0","0","0","0","0","0","0","0","0","0","0","0","0","0","0","0","0","0","0","0","0","0","0","0",
"1600000US0656294","Pearsonville CDP, California","8","2","6","6","6","0","0","0","0","0","0","0","0","0","0","0","0","0","0","0","0","0","0","0","0","0","0","0","0","0","0","0","0","0","0","0","0","0","0","0","0","0","0","0","0","0","0","0","0","0","0","0","0","0","0","0","0","0","0","0","0","0","0","0","0","0","0","0","0","0","0","0","0",
"1600000US0656476","Penngrove CDP, California","2637","442","2195","2051","1921","22","20","61","10","17","144","133","17","34","44","12","23","0","2","0","0","1","0","0","0","0","0","10","1","0","0","2","3","0","1","1","2","0","0","0","0","0","0","0","0","0","0","0","1","0","1","0","0","0","0","0","0","0","0","0","0","0","0","0","0","0","0","0","0","0","0","0","0",
"1600000US0656518","Penn Valley CDP, California","1593","172","1421","1285","1239","12","9","9","5","11","136","132","6","42","15","4","56","0","2","0","0","0","0","0","3","2","2","4","4","0","0","0","0","0","0","0","0","0","0","0","0","0","0","0","0","0","0","0","0","0","0","0","0","0","0","0","0","0","0","0","0","0","0","0","0","0","0","0","0","0","0","0","0",
"1600000US0656546","Penryn CDP, California","1150","117","1033","939","881","6","14","31","3","4","94","91","13","24","23","3","26","0","0","0","1","0","0","0","1","0","0","3","1","0","1","1","0","0","0","0","0","0","0","0","0","0","0","0","0","0","0","0","0","0","0","0","0","0","0","0","0","0","0","0","0","0","0","0","0","0","0","0","0","0","0","0","0",
"1600000US0656598","Pepperdine University CDP, California","2747","136","2611","2585","1626","223","70","660","6","0","26","25","2","1","13","1","4","0","1","0","1","0","0","0","1","0","1","1","0","1","0","0","0","0","0","0","0","0","0","0","0","0","0","0","0","0","0","0","0","0","0","0","0","0","0","0","0","0","0","0","0","0","0","0","0","0","0","0","0","0","0","0","0",
"1600000US0656700","Perris city, California","78700","59571","19129","17629","6335","7705","184","2723","220","462","1500","1330","437","171","236","20","124","72","109","33","72","8","2","7","19","11","9","152","38","26","7","13","18","3","4","20","4","0","5","0","9","1","3","0","1","0","0","0","17","3","0","2","5","1","0","4","0","0","0","0","2","0","0","0","1","1","0","0","0","0","0","0","0",
"1600000US0656756","Pescadero CDP, California","595","356","239","225","215","1","0","9","0","0","14","11","0","7","2","0","0","0","0","0","0","0","0","0","0","0","2","2","0","0","0","0","0","0","0","2","0","0","0","0","0","0","0","0","0","0","0","0","1","1","0","0","0","0","0","0","0","0","0","0","0","0","0","0","0","0","0","0","0","0","0","0","0",
"1600000US0656784","Petaluma city, California","59776","13606","46170","42835","38538","778","179","2809","148","383","3335","3122","319","751","1166","117","674","24","12","11","2","11","0","0","27","8","0","197","29","24","3","7","45","6","7","64","4","0","5","0","0","0","3","0","0","0","0","0","13","2","6","2","0","0","0","3","0","0","0","0","0","0","0","0","3","0","3","0","0","0","0","0","0",
"1600000US0656786","Petaluma Center CDP, California","709","163","546","481","394","41","9","16","18","3","65","63","8","15","27","6","4","0","0","0","0","0","0","0","3","0","0","1","0","0","0","0","0","0","0","1","0","0","0","0","0","0","0","0","0","0","0","0","1","0","0","0","1","0","0","0","0","0","0","0","0","0","0","0","0","0","0","0","0","0","0","0","0",
"1600000US0656798","Peters CDP, California","708","182","526","484","456","0","11","16","0","1","42","41","1","15","10","0","12","1","1","0","0","1","0","0","0","0","0","1","0","0","0","1","0","0","0","0","0","0","0","0","0","0","0","0","0","0","0","0","0","0","0","0","0","0","0","0","0","0","0","0","0","0","0","0","0","0","0","0","0","0","0","0","0",
"1600000US0656826","Phelan CDP, California","13859","5364","8495","7971","6955","198","103","600","42","73","524","494","67","228","76","11","96","3","4","1","3","3","0","0","2","0","0","27","10","4","2","1","5","0","2","1","0","0","0","0","2","0","0","0","0","0","0","0","2","1","0","0","0","0","0","0","0","0","0","0","1","0","0","0","1","1","0","0","0","0","0","0","0",
"1600000US0656854","Phillipsville CDP, California","124","22","102","100","95","0","0","3","0","2","2","2","0","0","1","0","1","0","0","0","0","0","0","0","0","0","0","0","0","0","0","0","0","0","0","0","0","0","0","0","0","0","0","0","0","0","0","0","0","0","0","0","0","0","0","0","0","0","0","0","0","0","0","0","0","0","0","0","0","0","0","0","0",
"1600000US0656868","Philo CDP, California","319","209","110","106","104","0","2","0","0","0","4","4","2","1","1","0","0","0","0","0","0","0","0","0","0","0","0","0","0","0","0","0","0","0","0","0","0","0","0","0","0","0","0","0","0","0","0","0","0","0","0","0","0","0","0","0","0","0","0","0","0","0","0","0","0","0","0","0","0","0","0","0","0",
"1600000US0656870","Phoenix Lake CDP, California","4264","352","3912","3677","3578","11","38","28","4","18","235","234","8","109","35","5","72","0","0","0","1","0","0","0","1","3","0","1","0","0","0","0","0","0","1","0","0","0","0","0","0","0","0","0","0","0","0","0","0","0","0","0","0","0","0","0","0","0","0","0","0","0","0","0","0","0","0","0","0","0","0","0","0",
"1600000US0656924","Pico Rivera city, California","62088","56249","5839","5483","2606","383","130","2067","30","267","356","304","48","41","60","12","78","15","16","1","6","2","0","4","15","3","3","48","4","7","0","0","5","0","1","20","4","1","3","0","3","0","0","0","0","0","0","0","4","2","0","1","1","0","0","0","0","0","0","0","0","0","0","0","0","0","0","0","0","0","0","0","0",
"1600000US0656938","Piedmont city, California","11270","729","10541","9545","7062","122","5","2247","10","99","996","935","80","49","627","6","138","1","9","0","2","3","0","1","8","10","1","59","7","17","0","1","7","0","0","16","9","0","0","0","0","1","1","0","0","0","0","0","2","0","0","2","0","0","0","0","0","0","0","0","0","0","0","0","0","0","0","0","0","0","0","0","0",
"1600000US0657011","Pierpoint CDP, California","59","6","53","51","51","0","0","0","0","0","2","2","0","2","0","0","0","0","0","0","0","0","0","0","0","0","0","0","0","0","0","0","0","0","0","0","0","0","0","0","0","0","0","0","0","0","0","0","0","0","0","0","0","0","0","0","0","0","0","0","0","0","0","0","0","0","0","0","0","0","0","0","0",
"1600000US0657036","Pike CDP, California","159","11","148","133","130","1","0","0","0","2","15","14","0","3","0","1","10","0","0","0","0","0","0","0","0","0","0","0","0","0","0","0","0","0","0","0","0","0","0","0","0","0","0","0","0","0","0","0","1","0","0","0","0","1","0","0","0","0","0","0","0","0","0","0","0","0","0","0","0","0","0","0","0",
"1600000US0657070","Pine Canyon CDP, California","1871","1207","664","587","523","6","14","15","2","27","77","71","1","41","11","2","15","0","0","1","0","0","0","0","0","0","0","5","2","0","0","0","0","0","2","1","0","0","0","0","0","0","0","0","0","0","0","0","1","0","0","0","0","0","0","1","0","0","0","0","0","0","0","0","0","0","0","0","0","0","0","0","0",
"1600000US0657134","Pine Flat CDP, California","206","6","200","189","172","0","11","4","0","2","11","11","0","11","0","0","0","0","0","0","0","0","0","0","0","0","0","0","0","0","0","0","0","0","0","0","0","0","0","0","0","0","0","0","0","0","0","0","0","0","0","0","0","0","0","0","0","0","0","0","0","0","0","0","0","0","0","0","0","0","0","0","0",
"1600000US0657148","Pine Grove CDP, California","2891","287","2604","2447","2331","16","35","29","11","25","157","154","7","83","15","10","35","1","2","0","0","0","0","0","1","0","0","2","1","0","0","0","0","0","0","1","0","0","0","0","0","0","0","0","0","0","0","0","0","0","0","0","0","0","0","0","0","0","0","0","0","0","0","0","1","0","1","0","0","0","0","0","0",
"1600000US0657204","Pine Hills CDP, California","3186","340","2846","2600","2359","19","75","126","3","18","246","222","9","121","38","1","46","0","2","0","1","1","0","0","2","1","0","18","0","0","0","1","3","1","0","9","0","2","0","0","0","1","0","0","0","1","0","0","6","0","0","5","0","0","0","1","0","0","0","0","0","0","0","0","0","0","0","0","0","0","0","0","0",
"1600000US0657240","Pine Mountain Club CDP, California","2422","396","2026","1894","1768","30","20","61","3","12","132","122","22","56","20","0","20","3","0","1","0","0","0","0","0","0","0","9","2","3","0","0","1","0","0","3","0","0","0","0","0","0","0","0","0","0","0","0","1","1","0","0","0","0","0","0","0","0","0","0","0","0","0","0","0","0","0","0","0","0","0","0","0",
"1600000US0657244","Pine Mountain Lake CDP, California","2636","217","2419","2269","2181","10","16","33","6","23","150","144","10","48","15","6","63","0","0","1","0","0","0","0","1","0","0","2","0","0","0","0","0","0","0","1","0","0","0","0","1","0","0","0","0","0","0","0","3","0","0","0","2","1","0","0","0","0","0","0","0","0","0","0","1","1","0","0","0","0","0","0","0",
"1600000US0657260","Pine Valley CDP, California","1645","235","1410","1320","1267","10","6","21","0","16","90","88","12","24","17","9","23","0","0","0","2","0","0","0","0","0","1","2","0","1","0","1","0","0","0","0","0","0","0","0","0","0","0","0","0","0","0","0","0","0","0","0","0","0","0","0","0","0","0","0","0","0","0","0","0","0","0","0","0","0","0","0","0",
"1600000US0657288","Pinole city, California","19022","5093","13929","12744","5555","2050","63","4811","73","192","1185","1095","168","146","356","31","171","23","89","1","16","10","2","5","61","2","14","80","19","14","1","7","7","0","3","21","1","2","4","0","0","1","0","0","0","0","0","0","9","1","0","0","1","2","0","4","1","0","0","0","0","0","0","0","0","0","0","0","0","0","0","1","1",
"1600000US0657302","Piñon Hills CDP, California","7258","2137","5121","4878","4401","35","39","339","3","61","243","232","18","112","47","1","46","0","3","0","1","0","0","3","1","0","0","8","4","1","2","0","0","0","0","0","0","0","0","0","1","0","0","0","0","0","0","0","3","0","2","1","0","0","0","0","0","0","0","0","0","0","0","0","0","0","0","0","0","0","0","0","0",
"1600000US0657330","Pioneer CDP, California","1066","109","957","887","863","3","4","5","5","7","70","69","10","39","2","1","17","0","0","0","0","0","0","0","0","0","0","1","0","0","0","0","1","0","0","0","0","0","0","0","0","0","0","0","0","0","0","0","0","0","0","0","0","0","0","0","0","0","0","0","0","0","0","0","0","0","0","0","0","0","0","0","0",
"1600000US0657372","Piru CDP, California","2587","2315","272","254","215","3","11","8","0","17","18","17","1","7","2","0","6","1","0","0","0","0","0","0","0","0","0","1","0","0","0","0","1","0","0","0","0","0","0","0","0","0","0","0","0","0","0","0","0","0","0","0","0","0","0","0","0","0","0","0","0","0","0","0","0","0","0","0","0","0","0","0","0",
"1600000US0657414","Pismo Beach city, California","8072","978","7094","6746","6267","63","38","314","10","54","348","327","28","95","103","9","89","0","0","0","0","2","0","0","1","0","0","18","3","4","0","0","1","0","0","10","0","0","0","0","0","0","0","0","0","0","0","0","2","0","0","2","0","0","0","0","0","0","0","0","0","0","0","0","1","0","1","0","0","0","0","0","0",
"1600000US0657456","Pittsburg city, California","76416","32300","44116","40614","11888","12441","218","14725","825","517","3502","3138","698","298","863","70","259","217","254","51","93","15","1","1","240","51","27","334","99","72","12","26","30","2","4","54","8","2","14","0","1","9","1","0","0","0","0","0","27","9","2","6","2","2","1","1","0","1","0","3","0","0","0","0","2","2","0","0","0","0","0","1","1",
"1600000US0657512","Pixley CDP, California","3828","3315","513","474","373","68","2","12","0","19","39","35","8","15","5","3","4","0","0","0","0","0","0","0","0","0","0","2","0","0","0","0","0","0","0","1","0","0","0","0","0","0","0","0","1","0","0","0","2","2","0","0","0","0","0","0","0","0","0","0","0","0","0","0","0","0","0","0","0","0","0","0","0",
"1600000US0657526","Placentia city, California","51824","19691","32133","30272","18993","946","105","9940","69","219","1861","1730","173","293","833","55","231","10","45","8","8","6","2","4","52","10","0","112","12","10","6","5","18","5","1","46","4","0","2","0","0","2","1","0","0","0","0","0","14","1","0","0","1","3","0","8","0","0","1","0","0","0","0","0","5","2","2","1","0","0","0","0","0",
"1600000US0657540","Placerville city, California","10747","2015","8732","8105","7744","76","110","118","11","46","627","583","55","257","108","11","143","1","0","0","3","0","0","0","4","1","0","42","10","1","0","0","16","7","2","2","2","0","0","0","0","0","0","0","2","0","0","0","2","2","0","0","0","0","0","0","0","0","0","0","0","0","0","0","0","0","0","0","0","0","0","0","0",
"1600000US0657568","Plainview CDP, California","846","800","46","45","37","0","4","1","0","3","1","1","0","0","1","0","0","0","0","0","0","0","0","0","0","0","0","0","0","0","0","0","0","0","0","0","0","0","0","0","0","0","0","0","0","0","0","0","0","0","0","0","0","0","0","0","0","0","0","0","0","0","0","0","0","0","0","0","0","0","0","0","0",
"1600000US0657582","Planada CDP, California","4164","3858","306","273","169","49","5","27","11","12","33","31","14","7","7","1","1","0","1","0","0","0","0","0","0","0","0","2","0","0","0","0","0","1","0","0","1","0","0","0","0","0","0","0","0","0","0","0","0","0","0","0","0","0","0","0","0","0","0","0","0","0","0","0","0","0","0","0","0","0","0","0","0",
"1600000US0657666","Platina CDP, California","13","3","10","8","6","0","1","0","0","1","2","2","2","0","0","0","0","0","0","0","0","0","0","0","0","0","0","0","0","0","0","0","0","0","0","0","0","0","0","0","0","0","0","0","0","0","0","0","0","0","0","0","0","0","0","0","0","0","0","0","0","0","0","0","0","0","0","0","0","0","0","0","0",
"1600000US0657764","Pleasant Hill city, California","34613","4957","29656","27265","20716","872","90","5241","102","244","2391","2223","232","289","1107","50","402","6","49","3","15","6","1","3","49","11","0","144","29","13","8","9","26","4","6","34","7","0","0","0","1","5","2","0","0","0","0","0","23","3","1","7","3","4","1","4","0","0","0","0","0","0","0","0","1","1","0","0","0","0","0","0","0",
"1600000US0657792","Pleasanton city, California","79871","7882","71989","67883","34332","1332","137","31500","110","472","4106","3813","303","459","2006","97","618","27","83","8","20","16","0","6","103","59","8","262","67","38","5","14","26","14","3","64","24","0","0","1","0","5","0","0","0","0","0","1","25","2","3","5","5","3","0","3","0","0","2","2","0","0","0","0","5","1","2","0","1","1","0","1","1",
"1600000US0657825","Pleasure Point CDP, California","5821","1287","4534","4192","3940","36","17","143","13","43","342","320","35","62","105","19","79","3","4","0","1","2","0","2","7","1","0","22","3","0","0","0","1","0","0","14","4","0","0","0","0","0","0","0","0","0","0","0","0","0","0","0","0","0","0","0","0","0","0","0","0","0","0","0","0","0","0","0","0","0","0","0","0",
"1600000US0657828","Plumas Eureka CDP, California","334","23","311","294","287","0","1","3","0","3","17","16","0","5","1","0","10","0","0","0","0","0","0","0","0","0","0","1","0","0","0","0","0","0","0","0","0","0","1","0","0","0","0","0","0","0","0","0","0","0","0","0","0","0","0","0","0","0","0","0","0","0","0","0","0","0","0","0","0","0","0","0","0",
"1600000US0657829","Plumas Lake CDP, California","8126","1978","6148","5384","4177","391","40","667","57","52","764","719","109","141","185","10","230","12","21","0","3","0","0","0","8","0","0","38","1","13","0","2","8","0","0","8","2","0","0","0","0","0","0","0","0","0","0","4","7","3","0","0","4","0","0","0","0","0","0","0","0","0","0","0","0","0","0","0","0","0","0","0","0",
"1600000US0657834","Plymouth city, California","1078","263","815","763","705","5","25","12","6","10","52","48","1","32","5","0","9","0","0","0","0","0","0","0","1","0","0","4","0","0","0","0","0","2","1","1","0","0","0","0","0","0","0","0","0","0","0","0","0","0","0","0","0","0","0","0","0","0","0","0","0","0","0","0","0","0","0","0","0","0","0","0","0",
"1600000US0657876","Point Arena city, California","460","141","319","287","251","2","22","0","1","11","32","31","4","19","3","1","2","0","0","0","0","2","0","0","0","0","0","1","0","0","0","0","0","0","0","1","0","0","0","0","0","0","0","0","0","0","0","0","0","0","0","0","0","0","0","0","0","0","0","0","0","0","0","0","0","0","0","0","0","0","0","0","0",
"1600000US0657960","Point Reyes Station CDP, California","895","183","712","680","649","7","1","16","4","3","32","31","2","7","11","3","8","0","0","0","0","0","0","0","0","0","0","1","0","0","0","0","0","1","0","0","0","0","0","0","0","0","0","0","0","0","0","0","0","0","0","0","0","0","0","0","0","0","0","0","0","0","0","0","0","0","0","0","0","0","0","0","0",
"1600000US0658030","Pollock Pines CDP, California","7112","979","6133","5547","5291","42","61","107","5","41","586","566","29","242","72","11","205","0","2","0","0","2","0","0","3","0","0","20","4","2","0","0","5","0","1","6","1","0","0","0","1","0","0","0","0","0","0","0","0","0","0","0","0","0","0","0","0","0","0","0","0","0","0","0","0","0","0","0","0","0","0","0","0",
"1600000US0658072","Pomona city, California","151713","108044","43669","40956","15669","8116","386","15853","235","697","2713","2423","499","320","742","74","241","107","113","20","132","23","3","12","88","46","3","260","86","31","18","11","18","6","7","50","7","0","9","0","14","1","2","0","0","0","0","0","28","11","1","5","1","6","0","1","0","0","3","0","0","0","0","0","2","2","0","0","0","0","0","0","0",
"1600000US0658134","Ponderosa CDP, California","51","6","45","43","40","0","3","0","0","0","2","2","0","2","0","0","0","0","0","0","0","0","0","0","0","0","0","0","0","0","0","0","0","0","0","0","0","0","0","0","0","0","0","0","0","0","0","0","0","0","0","0","0","0","0","0","0","0","0","0","0","0","0","0","0","0","0","0","0","0","0","0","0",
"1600000US0658191","Poplar-Cotton Center CDP, California","2370","1780","590","538","207","6","10","310","4","1","52","51","1","19","7","0","2","0","0","0","0","0","0","0","21","1","0","1","0","0","0","0","0","0","0","1","0","0","0","0","0","0","0","0","0","0","0","0","0","0","0","0","0","0","0","0","0","0","0","0","0","0","0","0","0","0","0","0","0","0","0","0","0",
"1600000US0658226","Port Costa CDP, California","190","18","172","153","146","0","2","5","0","0","19","19","0","4","11","0","3","0","0","0","1","0","0","0","0","0","0","0","0","0","0","0","0","0","0","0","0","0","0","0","0","0","0","0","0","0","0","0","0","0","0","0","0","0","0","0","0","0","0","0","0","0","0","0","0","0","0","0","0","0","0","0","0",
"1600000US0658240","Porterville city, California","62623","43542","19081","17754","13902","398","465","2570","130","289","1327","1254","111","512","356","19","188","8","15","1","3","4","0","2","18","16","1","61","14","10","0","1","16","0","1","13","1","3","0","0","0","0","2","0","0","0","0","0","7","2","0","2","1","0","0","0","0","0","2","0","0","0","0","0","3","1","0","2","0","0","0","2","2",
"1600000US0658296","Port Hueneme city, California","21954","12645","9309","8512","6207","754","103","1202","121","125","797","719","124","202","186","22","78","25","31","5","10","7","2","0","24","3","0","76","16","13","2","6","7","4","0","20","4","0","0","0","0","1","3","0","0","0","0","0","2","0","0","0","0","0","0","2","0","0","0","0","0","0","0","0","0","0","0","0","0","0","0","0","0",
"1600000US0658352","Portola city, California","2100","402","1698","1563","1491","9","27","17","14","5","135","128","15","53","24","4","24","0","1","0","0","1","0","1","5","0","0","4","2","0","0","0","0","0","0","2","0","0","0","0","0","0","0","0","0","0","0","0","3","0","0","0","2","0","0","0","0","0","0","1","0","0","0","0","0","0","0","0","0","0","0","0","0",
"1600000US0658380","Portola Valley town, California","4456","230","4226","3918","3542","11","0","342","0","23","308","306","19","20","161","1","99","0","0","0","1","0","0","0","0","5","0","2","0","0","0","0","0","0","0","2","0","0","0","0","0","0","0","0","0","0","0","0","0","0","0","0","0","0","0","0","0","0","0","0","0","0","0","0","0","0","0","0","0","0","0","0","0",
"1600000US0658422","Posey CDP, California","23","2","21","19","17","0","0","0","0","2","2","2","0","2","0","0","0","0","0","0","0","0","0","0","0","0","0","0","0","0","0","0","0","0","0","0","0","0","0","0","0","0","0","0","0","0","0","0","0","0","0","0","0","0","0","0","0","0","0","0","0","0","0","0","0","0","0","0","0","0","0","0","0",
"1600000US0658436","Poso Park CDP, California","9","0","9","9","9","0","0","0","0","0","0","0","0","0","0","0","0","0","0","0","0","0","0","0","0","0","0","0","0","0","0","0","0","0","0","0","0","0","0","0","0","0","0","0","0","0","0","0","0","0","0","0","0","0","0","0","0","0","0","0","0","0","0","0","0","0","0","0","0","0","0","0","0",
"1600000US0658456","Post Mountain CDP, California","3032","108","2924","2901","1197","2","15","1674","4","9","23","16","0","7","4","5","0","0","0","0","0","0","0","0","0","0","0","7","1","0","0","0","4","1","0","0","0","0","0","0","0","0","0","0","0","1","0","0","0","0","0","0","0","0","0","0","0","0","0","0","0","0","0","0","0","0","0","0","0","0","0","0","0",
"1600000US0658471","Potomac Park CDP, California","9164","8300","864","798","428","274","48","18","9","21","66","53","10","14","15","4","1","4","1","0","0","3","0","0","0","1","0","12","5","2","0","1","2","1","0","1","0","0","0","0","0","0","0","0","0","0","0","0","1","0","0","1","0","0","0","0","0","0","0","0","0","0","0","0","0","0","0","0","0","0","0","0","0",
"1600000US0658478","Potrero CDP, California","648","531","117","109","101","6","2","0","0","0","8","6","2","3","0","1","0","0","0","0","0","0","0","0","0","0","0","2","0","0","0","0","0","0","0","2","0","0","0","0","0","0","0","0","0","0","0","0","0","0","0","0","0","0","0","0","0","0","0","0","0","0","0","0","0","0","0","0","0","0","0","0","0",
"1600000US0658506","Potter Valley CDP, California","665","146","519","467","455","0","10","1","0","1","52","52","4","35","3","4","4","2","0","0","0","0","0","0","0","0","0","0","0","0","0","0","0","0","0","0","0","0","0","0","0","0","0","0","0","0","0","0","0","0","0","0","0","0","0","0","0","0","0","0","0","0","0","0","0","0","0","0","0","0","0","0","0",
"1600000US0658520","Poway city, California","48841","9017","39824","36630","28896","663","81","6643","107","240","3194","3006","343","464","1494","79","459","14","52","8","6","5","1","1","71","7","2","168","11","27","3","5","36","3","5","64","7","0","7","0","0","0","0","0","0","0","0","0","19","9","0","1","1","2","0","2","3","0","1","0","0","0","0","0","1","1","0","0","0","0","0","0","0",
"1600000US0658618","Prattville CDP, California","24","0","24","23","22","0","0","0","1","0","1","1","1","0","0","0","0","0","0","0","0","0","0","0","0","0","0","0","0","0","0","0","0","0","0","0","0","0","0","0","0","0","0","0","0","0","0","0","0","0","0","0","0","0","0","0","0","0","0","0","0","0","0","0","0","0","0","0","0","0","0","0","0",
"1600000US0658758","Princeton CDP, California","309","93","216","211","195","0","8","1","0","7","5","5","0","2","2","0","1","0","0","0","0","0","0","0","0","0","0","0","0","0","0","0","0","0","0","0","0","0","0","0","0","0","0","0","0","0","0","0","0","0","0","0","0","0","0","0","0","0","0","0","0","0","0","0","0","0","0","0","0","0","0","0","0",
"1600000US0658814","Proberta CDP, California","237","90","147","141","133","0","8","0","0","0","6","6","0","5","0","0","0","0","0","0","0","0","0","0","0","0","1","0","0","0","0","0","0","0","0","0","0","0","0","0","0","0","0","0","0","0","0","0","0","0","0","0","0","0","0","0","0","0","0","0","0","0","0","0","0","0","0","0","0","0","0","0","0",
"1600000US0658870","Prunedale CDP, California","18885","9869","9016","8263","7302","114","72","602","48","125","753","709","49","215","239","27","125","0","12","0","1","6","2","1","22","8","2","39","12","5","0","0","4","3","0","8","0","2","2","0","0","3","0","0","0","0","0","0","5","0","0","3","1","0","0","0","0","0","1","0","0","0","0","0","0","0","0","0","0","0","0","0","0",
"1600000US0658940","Pumpkin Center CDP, California","421","279","142","133","114","2","1","9","0","7","9","7","0","4","1","0","0","0","0","0","0","1","0","0","1","0","0","2","0","0","0","0","1","0","0","1","0","0","0","0","0","0","0","0","0","0","0","0","0","0","0","0","0","0","0","0","0","0","0","0","0","0","0","0","0","0","0","0","0","0","0","0","0",
"1600000US0659052","Quartz Hill CDP, California","11447","3988","7459","6860","5637","777","40","312","17","77","599","546","114","171","101","11","81","12","10","2","13","13","0","1","13","4","0","50","15","6","1","7","2","0","0","13","2","0","0","0","2","0","0","0","2","0","0","0","2","1","0","0","0","0","0","1","0","0","0","0","0","0","0","0","1","0","1","0","0","0","0","0","0",
"1600000US0659080","Quincy CDP, California","1630","117","1513","1409","1335","24","15","14","0","21","104","95","11","58","7","2","12","2","3","0","0","0","0","0","0","0","0","8","2","0","0","0","0","0","0","3","0","0","3","0","0","0","0","0","0","0","0","0","1","0","0","0","0","0","0","0","0","0","0","1","0","0","0","0","0","0","0","0","0","0","0","0","0",
"1600000US0659115","Rackerby CDP, California","210","22","188","173","166","1","4","2","0","0","15","14","1","5","3","0","5","0","0","0","0","0","0","0","0","0","0","1","0","0","0","1","0","0","0","0","0","0","0","0","0","0","0","0","0","0","0","0","0","0","0","0","0","0","0","0","0","0","0","0","0","0","0","0","0","0","0","0","0","0","0","0","0",
"1600000US0659220","Rail Road Flat CDP, California","316","28","288","269","259","1","4","1","0","4","19","19","0","17","0","0","0","0","0","0","0","0","1","0","0","0","1","0","0","0","0","0","0","0","0","0","0","0","0","0","0","0","0","0","0","0","0","0","0","0","0","0","0","0","0","0","0","0","0","0","0","0","0","0","0","0","0","0","0","0","0","0","0",
"1600000US0659248","Rainbow CDP, California","1884","717","1167","1093","986","17","7","71","0","12","74","61","4","18","23","1","8","0","0","0","0","0","0","0","5","2","0","13","5","1","0","0","4","0","0","3","0","0","0","0","0","0","0","0","0","0","0","0","0","0","0","0","0","0","0","0","0","0","0","0","0","0","0","0","0","0","0","0","0","0","0","0","0",
"1600000US0659290","Raisin City CDP, California","303","266","37","36","21","2","0","13","0","0","1","1","0","1","0","0","0","0","0","0","0","0","0","0","0","0","0","0","0","0","0","0","0","0","0","0","0","0","0","0","0","0","0","0","0","0","0","0","0","0","0","0","0","0","0","0","0","0","0","0","0","0","0","0","0","0","0","0","0","0","0","0","0",
"1600000US0659346","Ramona CDP, California","21468","7102","14366","13347","12545","146","173","322","53","108","1019","959","112","334","231","49","190","3","20","0","5","2","0","1","11","0","1","49","15","1","1","2","8","1","0","17","3","0","1","0","0","0","0","0","0","0","0","0","5","3","0","0","2","0","0","0","0","0","0","0","0","0","0","0","6","6","0","0","0","0","0","0","0",
"1600000US0659426","Rancho Calaveras CDP, California","5590","944","4646","4219","4019","46","51","75","10","18","427","407","32","203","65","25","64","5","3","0","0","0","2","0","8","0","0","19","2","1","0","2","3","0","1","10","0","0","0","0","0","0","0","0","0","0","0","0","1","0","0","0","0","0","0","0","0","0","1","0","0","0","0","0","0","0","0","0","0","0","0","0","0",
"1600000US0659444","Rancho Cordova city, California","79332","17119","62213","56556","35472","7072","382","12171","871","588","5657","5070","1163","942","1527","138","594","121","237","52","62","15","6","4","155","25","29","521","151","109","25","24","47","6","8","103","7","4","8","0","6","16","0","1","4","0","0","2","61","17","3","13","10","7","0","5","4","0","2","0","0","0","0","0","4","4","0","0","0","0","0","1","1",
"1600000US0659451","Rancho Cucamonga city, California","174453","65261","109192","102085","59931","15237","357","25186","387","987","7107","6480","1298","1000","2190","153","787","198","251","41","230","32","5","20","211","57","7","570","177","135","18","29","43","5","8","111","7","0","9","3","2","8","10","2","2","0","0","1","53","25","3","18","1","3","0","2","0","0","0","0","1","0","0","0","4","3","1","0","0","0","0","0","0",
"1600000US0659500","Rancho Mirage city, California","16999","2260","14739","14237","13032","311","50","727","27","90","502","473","56","112","122","14","141","2","12","2","3","2","0","0","4","3","0","27","6","4","0","0","3","2","0","6","4","0","0","1","0","0","0","0","0","0","0","1","2","0","0","1","1","0","0","0","0","0","0","0","0","0","0","0","0","0","0","0","0","0","0","0","0",
"1600000US0659503","Rancho Mission Viejo CDP, California","10378","1535","8843","8241","6879","115","17","1163","7","60","602","566","70","66","296","10","95","4","5","9","1","1","0","0","6","3","0","34","1","7","1","2","5","0","0","15","0","0","3","0","0","0","0","0","0","0","0","0","2","2","0","0","0","0","0","0","0","0","0","0","0","0","0","0","0","0","0","0","0","0","0","0","0",
"1600000US0659506","Rancho Murieta CDP, California","5903","617","5286","4947","4497","154","26","224","12","34","339","321","41","87","97","7","47","4","20","2","0","0","1","0","6","3","6","14","7","3","0","0","0","0","0","3","0","0","0","0","0","1","0","0","0","0","0","0","4","2","0","0","2","0","0","0","0","0","0","0","0","0","0","0","0","0","0","0","0","0","0","0","0",
"1600000US0659514","Rancho Palos Verdes city, California","42287","4535","37752","35361","20480","1086","38","13424","32","301","2391","2269","227","182","1332","36","299","19","58","5","16","3","1","4","65","15","7","111","19","19","3","8","30","0","0","23","5","1","1","1","0","0","0","0","1","0","0","0","10","7","0","0","1","1","0","0","0","0","1","0","0","0","0","0","1","0","0","0","0","1","0","0","0",
"1600000US0659550","Rancho San Diego CDP, California","21858","3575","18283","17250","15464","694","73","871","58","90","1033","957","154","165","378","44","154","6","23","4","7","0","0","1","11","10","0","64","8","13","1","3","9","2","3","22","2","0","0","0","0","1","0","0","0","0","0","0","10","3","1","3","2","0","0","1","0","0","0","0","0","0","0","0","2","2","0","0","0","0","0","0","0",
"1600000US0659584","Rancho Santa Fe CDP, California","3156","261","2895","2764","2544","28","5","157","6","24","131","120","12","14","49","1","43","0","0","0","0","0","0","1","0","0","0","11","5","0","0","0","0","0","0","6","0","0","0","0","0","0","0","0","0","0","0","0","0","0","0","0","0","0","0","0","0","0","0","0","0","0","0","0","0","0","0","0","0","0","0","0","0",
"1600000US0659587","Rancho Santa Margarita city, California","47949","10297","37652","34792","27930","761","73","5711","92","225","2860","2685","291","391","1370","80","410","15","35","2","25","1","1","7","36","21","0","170","15","31","3","6","19","5","1","68","17","2","0","0","0","0","1","0","0","0","0","2","5","1","1","1","2","0","0","0","0","0","0","0","0","0","0","0","0","0","0","0","0","0","0","0","0",
"1600000US0659604","Rancho Tehama Reserve CDP, California","1572","413","1159","1052","908","13","27","84","7","13","107","105","17","51","8","0","28","0","0","0","0","0","0","0","1","0","0","2","2","0","0","0","0","0","0","0","0","0","0","0","0","0","0","0","0","0","0","0","0","0","0","0","0","0","0","0","0","0","0","0","0","0","0","0","0","0","0","0","0","0","0","0","0",
"1600000US0659668","Randsburg CDP, California","45","4","41","41","37","3","0","1","0","0","0","0","0","0","0","0","0","0","0","0","0","0","0","0","0","0","0","0","0","0","0","0","0","0","0","0","0","0","0","0","0","0","0","0","0","0","0","0","0","0","0","0","0","0","0","0","0","0","0","0","0","0","0","0","0","0","0","0","0","0","0","0","0",
"1600000US0659892","Red Bluff city, California","14710","3597","11113","10169","9359","153","348","215","37","57","944","896","128","428","90","26","195","10","0","1","0","5","4","2","5","2","0","45","15","6","2","1","13","2","3","2","0","0","0","0","0","0","0","0","1","0","0","0","3","0","0","0","0","0","0","0","1","0","1","0","1","0","0","0","0","0","0","0","0","0","0","0","0",
"1600000US0659896","Red Corral CDP, California","1687","179","1508","1404","1313","28","20","16","4","23","104","97","12","46","21","6","9","2","0","0","0","1","0","0","0","0","0","7","1","0","0","0","3","0","0","2","0","0","0","0","0","1","0","0","0","0","0","0","0","0","0","0","0","0","0","0","0","0","0","0","0","0","0","0","0","0","0","0","0","0","0","0","0",
"1600000US0659906","Redcrest CDP, California","61","0","61","59","56","0","3","0","0","0","2","2","0","2","0","0","0","0","0","0","0","0","0","0","0","0","0","0","0","0","0","0","0","0","0","0","0","0","0","0","0","0","0","0","0","0","0","0","0","0","0","0","0","0","0","0","0","0","0","0","0","0","0","0","0","0","0","0","0","0","0","0","0",
"1600000US0659920","Redding city, California","93611","10490","83121","76581","68751","1299","1747","4086","180","518","6540","6175","791","2983","1046","177","996","49","16","0","22","19","2","15","45","12","2","326","92","33","8","11","88","24","14","44","8","3","0","0","1","0","0","0","0","0","0","0","39","8","2","9","3","5","0","4","1","0","2","0","3","0","0","2","0","0","0","0","0","0","0","0","0",
"1600000US0659962","Redlands city, California","73168","25746","47422","44012","33030","3396","240","6786","180","380","3410","3161","580","619","1091","62","479","54","75","6","54","15","1","1","112","11","1","244","62","40","5","14","25","4","6","67","7","3","0","3","2","4","2","0","0","0","0","0","4","2","0","1","0","0","0","1","0","0","0","0","0","0","0","0","1","1","0","0","0","0","0","0","0",
"1600000US0660018","Redondo Beach city, California","71576","12497","59079","53886","40796","2103","187","10085","183","532","5193","4863","564","485","2612","114","771","28","109","8","56","12","0","1","76","22","5","314","51","80","13","22","29","2","3","103","7","0","1","0","0","1","1","0","0","1","0","0","13","6","0","2","3","1","0","0","0","0","0","0","0","1","0","0","3","1","2","0","0","0","0","0","0",
"1600000US0660088","Redway CDP, California","1247","218","1029","919","880","12","15","7","1","4","110","97","4","70","7","2","9","0","0","0","0","0","0","0","5","0","0","7","3","0","0","0","0","2","0","0","2","0","0","0","0","0","0","0","0","0","0","0","6","1","0","0","0","0","0","5","0","0","0","0","0","0","0","0","0","0","0","0","0","0","0","0","0",
"1600000US0660102","Redwood City city, California","84292","30104","54188","50214","34067","1376","129","13522","618","502","3974","3702","358","317","2033","75","663","23","66","20","20","2","2","2","84","24","13","257","51","44","8","25","29","1","0","72","8","0","5","0","2","4","5","0","2","0","0","1","12","4","0","3","1","0","0","2","1","0","0","0","1","0","0","0","3","1","2","0","0","0","0","0","0",
"1600000US0660214","Redwood Valley CDP, California","1843","488","1355","1233","1128","6","68","15","0","16","122","117","4","60","11","1","38","0","0","0","0","0","3","0","0","0","0","3","0","0","0","0","1","2","0","0","0","0","0","0","0","0","0","0","0","0","0","0","2","1","0","0","0","0","0","0","0","0","1","0","0","0","0","0","0","0","0","0","0","0","0","0","0",
"1600000US0660242","Reedley city, California","25227","19966","5261","4886","3907","77","45","680","4","173","375","329","41","94","122","6","50","1","1","1","5","1","0","0","6","1","0","45","12","3","0","1","8","1","1","16","1","0","0","1","1","0","0","0","0","0","0","0","1","0","0","0","0","0","0","1","0","0","0","0","0","0","0","0","0","0","0","0","0","0","0","0","0",
"1600000US0660279","Reliez Valley CDP, California","3354","271","3083","2865","2397","61","0","385","7","15","218","209","18","26","103","8","40","0","3","0","1","0","0","1","4","3","2","7","1","5","0","0","1","0","0","0","0","0","0","0","0","0","0","0","0","0","0","0","2","1","0","1","0","0","0","0","0","0","0","0","0","0","0","0","0","0","0","0","0","0","0","0","0",
"1600000US0660370","Rexland Acres CDP, California","3563","3061","502","458","376","52","10","13","0","7","44","42","5","25","0","1","5","3","0","2","0","1","0","0","0","0","0","2","0","0","0","0","0","0","0","2","0","0","0","0","0","0","0","0","0","0","0","0","0","0","0","0","0","0","0","0","0","0","0","0","0","0","0","0","0","0","0","0","0","0","0","0","0",
"1600000US0660466","Rialto city, California","104026","77345","26681","24855","9568","11722","298","2457","320","490","1826","1595","453","237","228","43","180","132","87","33","141","5","1","9","35","10","1","214","103","23","3","19","13","0","6","29","1","0","1","6","5","3","2","0","0","0","0","0","13","7","0","4","0","0","0","0","1","0","0","1","0","0","0","0","4","2","2","0","0","0","0","0","0",
"1600000US0660592","Richfield CDP, California","309","69","240","218","211","0","4","2","1","0","22","21","0","9","1","0","9","0","0","0","0","0","0","0","1","1","0","1","0","0","0","0","1","0","0","0","0","0","0","0","0","0","0","0","0","0","0","0","0","0","0","0","0","0","0","0","0","0","0","0","0","0","0","0","0","0","0","0","0","0","0","0","0",
"1600000US0660606","Richgrove CDP, California","2358","2243","115","112","26","0","0","83","0","3","3","2","0","0","0","0","0","0","1","0","0","0","0","0","1","0","0","1","0","0","0","0","1","0","0","0","0","0","0","0","0","0","0","0","0","0","0","0","0","0","0","0","0","0","0","0","0","0","0","0","0","0","0","0","0","0","0","0","0","0","0","0","0",
"1600000US0660620","Richmond city, California","116448","51912","64536","59316","18985","21753","266","16460","609","1243","5220","4660","906","352","1289","65","896","338","340","43","192","39","2","10","125","50","13","489","169","86","16","30","36","12","5","66","17","1","13","0","6","14","13","1","2","0","0","2","61","29","3","8","11","2","2","3","1","0","1","0","1","0","0","0","8","5","3","0","0","0","0","2","2",
"1600000US0660662","Richvale CDP, California","234","33","201","190","184","4","1","1","0","0","11","9","2","6","0","0","0","0","0","0","0","0","0","1","0","0","0","2","0","0","0","0","0","0","0","1","0","0","0","0","1","0","0","0","0","0","0","0","0","0","0","0","0","0","0","0","0","0","0","0","0","0","0","0","0","0","0","0","0","0","0","0","0",
"1600000US0660704","Ridgecrest city, California","27959","6124","21835","19915","16763","1222","157","1457","161","155","1920","1796","296","579","400","64","323","19","22","7","14","11","2","2","55","2","0","112","33","11","0","0","16","1","4","34","8","0","1","1","0","2","0","0","1","0","0","0","12","0","3","2","1","1","0","5","0","0","0","0","0","0","0","0","0","0","0","0","0","0","0","0","0",
"1600000US0660705","Ridgecrest Heights CDP, California","380","102","278","253","245","4","3","0","0","1","25","23","2","8","3","1","8","0","0","0","0","1","0","0","0","0","0","2","0","0","0","0","0","0","0","1","1","0","0","0","0","0","0","0","0","0","0","0","0","0","0","0","0","0","0","0","0","0","0","0","0","0","0","0","0","0","0","0","0","0","0","0","0",
"1600000US0660706","Ridgemark CDP, California","3212","1008","2204","2091","1926","22","7","118","5","13","113","104","11","36","30","2","20","1","3","0","0","0","0","0","1","0","0","7","3","0","0","0","2","0","0","1","0","0","0","0","0","0","1","0","0","0","0","0","2","0","0","0","0","0","0","0","0","0","0","0","2","0","0","0","0","0","0","0","0","0","0","0","0",
"1600000US0660900","Rio Dell city, California","3379","487","2892","2645","2476","28","99","24","1","17","247","230","15","150","24","6","32","0","1","0","0","0","1","0","1","0","0","17","7","0","0","0","0","1","7","0","1","1","0","0","0","0","0","0","0","0","0","0","0","0","0","0","0","0","0","0","0","0","0","0","0","0","0","0","0","0","0","0","0","0","0","0","0",
"1600000US0660928","Rio del Mar CDP, California","9128","1202","7926","7453","6964","56","16","351","17","49","473","441","50","88","148","11","123","0","0","0","7","1","0","1","10","2","0","31","8","6","0","0","2","4","0","8","3","0","0","0","0","0","0","0","0","0","0","0","1","0","0","0","0","0","0","1","0","0","0","0","0","0","0","0","0","0","0","0","0","0","0","0","0",
"1600000US0660942","Rio Linda CDP, California","15944","4278","11666","10683","9258","361","104","820","69","71","983","917","128","362","179","20","179","10","6","5","2","3","1","1","18","1","2","52","10","8","4","5","2","0","0","13","0","3","0","1","0","3","0","0","3","0","0","0","14","6","0","4","0","1","0","3","0","0","0","0","0","0","0","0","0","0","0","0","0","0","0","0","0",
"1600000US0660970","Rio Oso CDP, California","372","61","311","280","261","8","3","8","0","0","31","26","2","13","2","0","8","0","0","0","0","0","1","0","0","0","0","3","0","0","0","1","0","1","0","1","0","0","0","0","0","0","0","0","0","0","0","0","2","0","0","0","0","0","0","0","2","0","0","0","0","0","0","0","0","0","0","0","0","0","0","0","0",
"1600000US0660984","Rio Vista city, California","10005","1602","8403","7922","6394","807","51","599","37","34","481","420","56","150","103","12","66","11","4","4","4","0","0","0","6","3","1","50","7","5","1","5","8","10","2","10","0","0","0","0","0","2","0","0","0","0","0","0","11","7","1","1","0","0","0","2","0","0","0","0","0","0","0","0","0","0","0","0","0","0","0","0","0",
"1600000US0661012","Ripley CDP, California","538","396","142","110","44","56","5","2","0","3","32","29","12","2","0","1","1","4","0","0","8","0","0","0","1","0","0","2","1","0","1","0","0","0","0","0","0","0","0","0","0","0","0","0","0","0","0","0","1","0","0","0","0","0","0","1","0","0","0","0","0","0","0","0","0","0","0","0","0","0","0","0","0",
"1600000US0661026","Ripon city, California","16013","3999","12014","11159","9901","172","59","928","20","79","855","803","80","257","231","28","163","2","4","0","0","2","0","0","31","2","3","50","3","1","0","0","18","0","1","19","2","1","3","0","0","2","0","0","0","0","0","0","1","0","0","0","1","0","0","0","0","0","0","0","0","0","0","0","1","1","0","0","0","0","0","0","0",
"1600000US0661068","Riverbank city, California","24865","13958","10907","10097","8095","470","83","1199","138","112","810","770","88","276","197","31","118","8","14","1","4","6","0","0","23","1","3","33","3","6","0","1","7","1","2","6","1","1","3","0","0","0","1","1","0","0","0","0","5","0","0","0","1","0","0","3","0","0","1","0","0","0","0","0","2","0","2","0","0","0","0","0","0",
"1600000US0661096","Riverdale CDP, California","3477","2591","886","788","720","24","13","17","1","13","98","92","8","41","25","1","10","1","1","0","0","0","0","3","2","0","0","6","0","3","0","0","3","0","0","0","0","0","0","0","0","0","0","0","0","0","0","0","0","0","0","0","0","0","0","0","0","0","0","0","0","0","0","0","0","0","0","0","0","0","0","0","0",
"1600000US0661106","Riverdale Park CDP, California","1053","688","365","338","278","8","19","33","0","0","27","27","1","15","1","1","9","0","0","0","0","0","0","0","0","0","0","0","0","0","0","0","0","0","0","0","0","0","0","0","0","0","0","0","0","0","0","0","0","0","0","0","0","0","0","0","0","0","0","0","0","0","0","0","0","0","0","0","0","0","0","0","0",
"1600000US0661108","Rivergrove CDP, California","195","25","170","155","143","0","10","2","0","0","15","15","2","7","4","1","1","0","0","0","0","0","0","0","0","0","0","0","0","0","0","0","0","0","0","0","0","0","0","0","0","0","0","0","0","0","0","0","0","0","0","0","0","0","0","0","0","0","0","0","0","0","0","0","0","0","0","0","0","0","0","0","0",
"1600000US0661124","River Pines CDP, California","390","34","356","340","314","1","12","6","1","6","16","16","3","8","2","0","3","0","0","0","0","0","0","0","0","0","0","0","0","0","0","0","0","0","0","0","0","0","0","0","0","0","0","0","0","0","0","0","0","0","0","0","0","0","0","0","0","0","0","0","0","0","0","0","0","0","0","0","0","0","0","0","0",
"1600000US0662000","Riverside city, California","314998","172386","142612","132345","87213","18832","1195","22450","951","1704","10267","9334","1894","1878","2753","269","1288","262","307","60","282","26","1","10","198","88","18","832","228","118","21","43","82","16","18","240","17","1","21","6","3","8","6","0","3","0","0","1","94","41","2","12","13","4","1","17","0","0","0","3","1","0","0","0","6","2","4","0","0","0","0","1","1",
"1600000US0662168","Robbins CDP, California","347","224","123","115","108","0","4","1","0","2","8","7","0","1","6","0","0","0","0","0","0","0","0","0","0","0","0","1","0","0","0","0","1","0","0","0","0","0","0","0","0","0","0","0","0","0","0","0","0","0","0","0","0","0","0","0","0","0","0","0","0","0","0","0","0","0","0","0","0","0","0","0","0",
"1600000US0662200","Robinson Mill CDP, California","89","13","76","76","63","1","2","8","0","2","0","0","0","0","0","0","0","0","0","0","0","0","0","0","0","0","0","0","0","0","0","0","0","0","0","0","0","0","0","0","0","0","0","0","0","0","0","0","0","0","0","0","0","0","0","0","0","0","0","0","0","0","0","0","0","0","0","0","0","0","0","0","0",
"1600000US0662364","Rocklin city, California","71601","9944","61657","56593","46146","1194","295","8354","192","412","5064","4730","511","1032","1910","152","843","12","50","8","26","14","2","9","108","41","12","301","67","57","9","9","35","10","4","96","7","0","3","1","1","0","2","0","0","0","0","0","33","11","3","1","3","5","0","9","0","1","0","0","0","0","0","0","0","0","0","0","0","0","0","0","0",
"1600000US0662490","Rodeo CDP, California","9653","2859","6794","6222","2363","1400","30","2265","70","94","572","504","106","88","152","13","36","16","33","6","14","6","0","0","26","6","2","58","18","5","0","7","5","4","0","9","0","0","1","0","0","0","3","0","4","0","0","2","7","4","0","0","3","0","0","0","0","0","0","0","0","0","0","0","3","2","0","1","0","0","0","0","0",
"1600000US0662496","Rodriguez Camp CDP, California","133","127","6","6","2","1","0","3","0","0","0","0","0","0","0","0","0","0","0","0","0","0","0","0","0","0","0","0","0","0","0","0","0","0","0","0","0","0","0","0","0","0","0","0","0","0","0","0","0","0","0","0","0","0","0","0","0","0","0","0","0","0","0","0","0","0","0","0","0","0","0","0","0",
"1600000US0662546","Rohnert Park city, California","44390","13131","31259","28615","24213","933","246","2749","166","308","2644","2483","329","601","776","111","523","20","26","6","7","25","0","1","54","4","0","145","31","34","0","10","33","7","2","18","3","0","2","0","0","0","1","0","4","0","0","0","12","1","1","5","0","0","0","1","0","0","2","2","0","0","0","0","4","3","1","0","0","0","0","0","0",
"1600000US0662602","Rolling Hills city, California","1739","122","1617","1520","1128","23","2","354","1","12","97","86","4","3","48","10","20","0","1","0","0","0","0","0","0","0","0","11","0","2","1","1","0","0","0","5","2","0","0","0","0","0","0","0","0","0","0","0","0","0","0","0","0","0","0","0","0","0","0","0","0","0","0","0","0","0","0","0","0","0","0","0","0",
"1600000US0662625","Rolling Hills CDP, California","793","185","608","575","541","11","1","16","2","4","33","32","2","6","7","0","16","0","1","0","0","0","0","0","0","0","0","1","0","0","0","1","0","0","0","0","0","0","0","0","0","0","0","0","0","0","0","0","0","0","0","0","0","0","0","0","0","0","0","0","0","0","0","0","0","0","0","0","0","0","0","0","0",
"1600000US0662644","Rolling Hills Estates city, California","8280","640","7640","7165","4492","90","13","2492","7","71","475","464","26","37","278","7","78","2","2","2","7","2","1","0","15","7","0","7","3","1","1","1","0","0","0","0","0","0","0","0","0","1","0","0","0","0","0","0","4","1","0","1","0","0","0","0","0","0","1","1","0","0","0","0","0","0","0","0","0","0","0","0","0",
"1600000US0662700","Rollingwood CDP, California","3015","2039","976","907","242","109","1","505","37","13","69","64","19","5","6","1","7","1","4","6","0","0","1","0","8","1","5","3","0","1","0","0","0","0","0","0","0","0","1","0","0","1","0","0","0","0","0","0","2","2","0","0","0","0","0","0","0","0","0","0","0","0","0","0","0","0","0","0","0","0","0","0","0",
"1600000US0662756","Romoland CDP, California","2005","1173","832","749","570","93","0","70","5","11","83","79","8","41","4","0","16","2","3","0","2","0","1","0","2","0","0","4","0","0","0","1","3","0","0","0","0","0","0","0","0","0","0","0","0","0","0","0","0","0","0","0","0","0","0","0","0","0","0","0","0","0","0","0","0","0","0","0","0","0","0","0","0",
"1600000US0662826","Rosamond CDP, California","20961","9025","11936","10715","7737","2068","144","624","41","101","1221","1118","254","282","238","19","161","57","37","0","36","6","2","1","19","6","0","91","40","14","1","2","6","3","2","22","1","0","0","0","0","0","0","0","0","0","0","0","12","6","1","1","0","0","1","1","0","0","0","0","0","0","2","0","0","0","0","0","0","0","0","0","0",
"1600000US0662854","Rosedale CDP, California","18639","4425","14214","13302","12015","325","145","691","13","113","912","879","78","406","170","27","161","7","10","3","4","2","0","0","10","1","0","31","6","3","2","1","6","3","1","8","0","0","0","0","0","1","0","0","0","0","0","0","1","0","0","1","0","0","0","0","0","0","0","0","0","0","0","0","0","0","0","0","0","0","0","1","1",
"1600000US0662860","Rose Hills CDP, California","2927","1801","1126","1060","614","58","8","371","2","7","66","54","11","8","24","0","5","0","0","0","0","0","0","0","2","4","0","12","4","2","1","4","0","0","0","1","0","0","0","0","0","0","0","0","0","0","0","0","0","0","0","0","0","0","0","0","0","0","0","0","0","0","0","0","0","0","0","0","0","0","0","0","0",
"1600000US0662896","Rosemead city, California","51185","15906","35279","34835","1664","221","42","32758","20","130","444","393","35","30","173","5","29","5","14","4","18","5","0","1","47","27","0","37","3","5","0","5","2","0","0","13","1","0","2","0","4","1","1","0","0","0","0","0","13","7","0","4","0","1","0","0","0","0","1","0","0","0","0","0","1","1","0","0","0","0","0","0","0",
"1600000US0662910","Rosemont CDP, California","23510","5588","17922","16225","10300","2743","108","2718","192","164","1697","1523","403","291","393","49","164","42","77","19","19","6","4","0","43","6","7","160","48","39","3","3","27","3","0","23","0","2","4","0","1","4","3","0","0","0","0","0","13","3","0","0","4","5","0","1","0","0","0","0","0","0","0","0","1","1","0","0","0","0","0","0","0",
"1600000US0662938","Roseville city, California","147773","24057","123716","113938","90347","3540","520","18322","475","734","9778","9075","1121","1852","3525","321","1664","52","147","5","52","33","7","2","192","76","26","649","130","135","18","13","139","9","14","162","12","1","4","3","0","5","2","0","0","0","0","2","46","20","4","3","8","4","0","7","0","0","0","0","0","0","0","0","8","4","3","0","1","0","0","0","0",
"1600000US0662980","Ross town, California","2338","130","2208","2112","2052","1","0","40","0","19","96","93","16","13","30","0","30","1","0","2","0","0","0","0","0","0","1","2","0","0","0","0","0","0","0","2","0","0","0","0","0","0","0","0","0","0","0","0","1","0","0","0","0","0","0","1","0","0","0","0","0","0","0","0","0","0","0","0","0","0","0","0","0",
"1600000US0663050","Rossmoor CDP, California","10625","1628","8997","8316","6623","101","12","1526","24","30","681","649","69","71","349","23","106","6","6","1","0","0","1","0","9","8","0","32","6","8","2","2","5","0","0","5","2","0","1","0","0","1","0","0","0","0","0","0","0","0","0","0","0","0","0","0","0","0","0","0","0","0","0","0","0","0","0","0","0","0","0","0","0",
"1600000US0663106","Rough and Ready CDP, California","905","67","838","785","751","6","9","13","1","5","53","48","2","22","8","0","14","0","1","0","0","0","1","0","0","0","0","4","2","0","0","0","1","1","0","0","0","0","0","0","0","0","0","0","0","0","0","0","1","0","0","0","0","0","0","0","0","0","0","1","0","0","0","0","0","0","0","0","0","0","0","0","0",
"1600000US0663134","Round Mountain CDP, California","160","14","146","138","123","0","14","1","0","0","8","8","1","7","0","0","0","0","0","0","0","0","0","0","0","0","0","0","0","0","0","0","0","0","0","0","0","0","0","0","0","0","0","0","0","0","0","0","0","0","0","0","0","0","0","0","0","0","0","0","0","0","0","0","0","0","0","0","0","0","0","0","0",
"1600000US0663148","Round Valley CDP, California","482","123","359","334","279","36","16","2","0","1","25","24","2","13","4","1","0","0","0","0","0","0","0","2","2","0","0","1","0","0","0","0","0","0","0","1","0","0","0","0","0","0","0","0","0","0","0","0","0","0","0","0","0","0","0","0","0","0","0","0","0","0","0","0","0","0","0","0","0","0","0","0","0",
"1600000US0663168","Rouse CDP, California","1913","1377","536","487","291","21","7","155","9","4","49","48","0","21","18","0","2","0","4","0","0","0","3","0","0","0","0","1","1","0","0","0","0","0","0","0","0","0","0","0","0","0","0","0","0","0","0","0","0","0","0","0","0","0","0","0","0","0","0","0","0","0","0","0","0","0","0","0","0","0","0","0","0",
"1600000US0663218","Rowland Heights CDP, California","48231","13515","34716","33947","3467","655","45","29583","53","144","769","705","61","75","332","17","39","4","17","3","11","9","0","2","106","28","1","54","16","6","4","1","6","1","2","14","2","0","0","0","1","1","0","0","0","0","0","0","6","3","2","0","0","1","0","0","0","0","0","0","0","0","0","0","3","3","0","0","0","0","0","1","1",
"1600000US0663302","Rumsey CDP, California","91","15","76","69","68","0","0","0","1","0","7","6","0","0","0","0","4","0","0","0","0","0","0","0","1","1","0","0","0","0","0","0","0","0","0","0","0","0","0","0","0","0","0","0","0","0","0","0","1","0","1","0","0","0","0","0","0","0","0","0","0","0","0","0","0","0","0","0","0","0","0","0","0",
"1600000US0663316","Running Springs CDP, California","5268","1062","4206","3919","3703","50","34","71","14","47","287","270","38","113","79","8","25","3","0","1","0","0","0","0","1","0","2","16","9","1","0","0","0","0","0","5","0","0","0","0","0","1","0","0","0","0","0","0","1","0","0","0","0","1","0","0","0","0","0","0","0","0","0","0","0","0","0","0","0","0","0","0","0",
"1600000US0663386","Ruth CDP, California","254","8","246","234","209","0","10","5","0","10","12","12","1","7","0","1","3","0","0","0","0","0","0","0","0","0","0","0","0","0","0","0","0","0","0","0","0","0","0","0","0","0","0","0","0","0","0","0","0","0","0","0","0","0","0","0","0","0","0","0","0","0","0","0","0","0","0","0","0","0","0","0","0",
"1600000US0663400","Rutherford CDP, California","115","57","58","54","51","0","0","3","0","0","4","1","1","0","0","0","0","0","0","0","0","0","0","0","0","0","0","0","0","0","0","0","0","0","0","0","0","0","0","0","0","0","0","0","0","0","0","0","0","0","0","0","0","0","0","0","0","0","0","0","0","0","0","0","3","0","0","0","3","0","0","0","0",
"1600000US0664000","Sacramento city, California","524943","151253","373690","341490","158999","66012","2480","102200","8282","3517","32200","28758","6669","4060","8380","669","2706","1300","1500","286","557","269","72","23","1449","226","592","3052","1008","578","101","181","270","57","35","333","79","21","99","29","38","124","23","19","9","0","0","48","361","171","26","48","45","7","2","50","5","0","4","2","1","0","0","0","27","22","2","3","0","0","0","2","2",
"1600000US0664056","Sage CDP, California","3370","983","2387","2254","2079","55","25","82","1","12","133","123","8","45","28","1","28","3","0","1","1","1","1","0","4","0","2","6","0","0","0","2","1","0","0","3","0","0","0","0","0","0","0","0","0","0","0","0","3","0","0","3","0","0","0","0","0","0","0","0","0","0","0","0","1","1","0","0","0","0","0","0","0",
"1600000US0664140","St. Helena city, California","5430","1863","3567","3420","3271","11","13","91","4","30","147","143","25","34","36","1","37","0","3","0","0","0","0","0","4","3","0","3","0","0","0","0","0","0","0","2","0","0","0","0","1","0","0","0","0","0","0","0","1","1","0","0","0","0","0","0","0","0","0","0","0","0","0","0","0","0","0","0","0","0","0","0","0",
"1600000US0664210","Salida CDP, California","13886","7619","6267","5685","4470","329","30","682","133","41","582","554","88","130","186","17","79","0","14","0","4","2","1","1","25","1","6","21","4","3","0","0","1","2","1","9","0","1","0","0","0","0","0","0","0","0","0","0","7","4","0","2","0","0","0","0","0","0","1","0","0","0","0","0","0","0","0","0","0","0","0","0","0",
"1600000US0664224","Salinas city, California","163542","130178","33364","30569","18351","1927","428","8870","342","651","2795","2453","296","445","883","73","308","27","101","20","29","23","8","18","184","19","19","306","37","71","7","10","55","3","5","76","8","0","11","1","0","14","0","0","8","0","0","0","26","7","6","2","7","1","0","2","0","0","1","0","0","0","0","0","6","2","4","0","0","0","0","4","4",
"1600000US0664252","Salmon Creek CDP, California","111","18","93","87","77","1","0","2","0","7","6","6","2","2","1","0","1","0","0","0","0","0","0","0","0","0","0","0","0","0","0","0","0","0","0","0","0","0","0","0","0","0","0","0","0","0","0","0","0","0","0","0","0","0","0","0","0","0","0","0","0","0","0","0","0","0","0","0","0","0","0","0","0",
"1600000US0664294","Salton City CDP, California","5155","4120","1035","943","792","75","30","28","3","15","92","82","11","22","13","2","13","1","1","0","11","0","1","0","5","2","0","9","6","0","0","0","0","0","0","2","0","0","0","0","0","1","0","0","0","0","0","0","1","0","0","0","0","0","0","1","0","0","0","0","0","0","0","0","0","0","0","0","0","0","0","0","0",
"1600000US0664308","Salton Sea Beach CDP, California","508","359","149","134","124","2","4","2","2","0","15","15","1","6","3","0","3","1","1","0","0","0","0","0","0","0","0","0","0","0","0","0","0","0","0","0","0","0","0","0","0","0","0","0","0","0","0","0","0","0","0","0","0","0","0","0","0","0","0","0","0","0","0","0","0","0","0","0","0","0","0","0","0",
"1600000US0664378","Salyer CDP, California","389","24","365","326","279","1","45","1","0","0","39","34","1","29","0","2","2","0","0","0","0","0","0","0","0","0","0","5","2","0","0","0","0","3","0","0","0","0","0","0","0","0","0","0","0","0","0","0","0","0","0","0","0","0","0","0","0","0","0","0","0","0","0","0","0","0","0","0","0","0","0","0","0",
"1600000US0664392","Samoa CDP, California","229","19","210","193","173","6","8","0","5","1","17","17","7","7","0","2","0","0","0","0","0","0","0","0","1","0","0","0","0","0","0","0","0","0","0","0","0","0","0","0","0","0","0","0","0","0","0","0","0","0","0","0","0","0","0","0","0","0","0","0","0","0","0","0","0","0","0","0","0","0","0","0","0",
"1600000US0664420","San Andreas CDP, California","2994","364","2630","2420","2270","26","39","53","6","26","210","200","19","108","27","2","35","0","0","0","0","0","0","1","4","4","0","8","0","0","0","0","0","1","1","6","0","0","0","0","0","0","0","0","0","0","0","0","2","0","0","2","0","0","0","0","0","0","0","0","0","0","0","0","0","0","0","0","0","0","0","0","0",
"1600000US0664434","San Anselmo town, California","12830","1180","11650","10789","10118","97","20","439","12","103","861","816","90","101","306","16","260","0","9","2","6","3","0","0","15","5","3","43","7","6","0","0","9","0","0","17","4","0","0","0","0","0","0","0","0","0","0","0","1","1","0","0","0","0","0","0","0","0","0","0","0","0","0","0","0","0","0","0","0","0","0","1","1",
"1600000US0664462","San Antonio Heights CDP, California","3441","858","2583","2450","2003","64","18","331","4","30","133","129","9","23","69","1","24","0","3","0","0","0","0","0","0","0","0","4","0","0","0","0","0","0","1","1","0","0","0","0","0","0","0","0","2","0","0","0","0","0","0","0","0","0","0","0","0","0","0","0","0","0","0","0","0","0","0","0","0","0","0","0","0",
"1600000US0664476","San Ardo CDP, California","392","310","82","75","69","0","2","0","3","1","7","7","0","1","1","0","5","0","0","0","0","0","0","0","0","0","0","0","0","0","0","0","0","0","0","0","0","0","0","0","0","0","0","0","0","0","0","0","0","0","0","0","0","0","0","0","0","0","0","0","0","0","0","0","0","0","0","0","0","0","0","0","0",
"1600000US0665000","San Bernardino city, California","222101","151125","70976","66136","28649","26134","742","8734","754","1123","4840","4311","1345","720","679","105","374","315","281","84","230","33","8","13","85","28","11","479","173","75","19","44","36","15","6","58","10","0","8","0","6","11","6","7","0","0","0","5","46","11","0","23","3","1","0","3","0","0","2","1","2","0","0","0","4","2","2","0","0","0","0","0","0",
"1600000US0665028","San Bruno city, California","43908","12282","31626","29253","12982","699","75","13927","1126","444","2373","2148","132","153","982","88","367","12","95","16","26","8","4","0","197","36","32","205","23","44","11","11","26","0","3","57","15","1","2","0","0","4","0","0","2","0","0","6","18","5","0","0","4","0","0","7","2","0","0","0","0","0","0","0","2","0","1","1","0","0","0","0","0",
"1600000US0665042","San Buenaventura (Ventura) city, California","110763","38902","71861","66658","59425","1743","399","4267","163","661","5203","4826","598","1287","1496","142","992","34","81","11","65","24","0","1","80","12","3","335","69","30","9","26","73","6","8","98","7","0","2","1","0","4","0","0","2","0","0","0","35","19","0","3","5","0","1","7","0","0","0","0","0","0","0","0","7","7","0","0","0","0","0","0","0",
"1600000US0665070","San Carlos city, California","30722","3416","27306","25139","18722","259","43","5821","81","213","2167","2098","164","164","1347","27","348","4","9","0","4","2","1","1","17","8","2","63","8","8","1","2","10","2","1","22","9","0","0","0","0","0","0","0","0","0","0","0","5","1","0","2","0","0","0","1","0","0","1","0","0","0","0","0","1","0","1","0","0","0","0","0","0",
"1600000US0665084","San Clemente city, California","64293","11679","52614","49405","45889","382","180","2513","88","353","3209","3036","274","608","1283","120","661","13","10","1","18","6","3","1","25","12","1","156","24","8","0","7","21","1","2","82","11","0","0","0","0","0","0","0","0","0","0","0","16","8","0","3","2","0","0","2","0","0","1","0","0","0","0","0","0","0","0","0","0","0","0","1","1",
"1600000US0665112","Sand City city, California","325","96","229","206","164","16","2","19","3","2","23","23","5","7","10","0","0","0","0","1","0","0","0","0","0","0","0","0","0","0","0","0","0","0","0","0","0","0","0","0","0","0","0","0","0","0","0","0","0","0","0","0","0","0","0","0","0","0","0","0","0","0","0","0","0","0","0","0","0","0","0","0","0",
"1600000US0666000","San Diego city, California","1386932","411286","975646","902403","565128","77542","3200","243438","4887","8208","73243","67368","10088","7328","30297","1730","10422","953","2515","380","740","228","41","34","2089","482","41","5334","1032","1098","119","321","560","58","50","1573","206","10","93","11","14","116","26","7","21","4","0","15","484","156","26","45","91","47","6","75","7","3","11","11","0","6","0","0","56","37","10","1","8","0","0","1","1",
"1600000US0666004","San Diego Country Estates CDP, California","10395","1713","8682","8075","7567","104","57","234","24","89","607","583","62","170","207","17","121","0","5","0","0","0","1","0","0","0","0","21","5","2","0","0","10","0","0","4","0","0","0","0","0","0","0","0","0","0","0","0","3","3","0","0","0","0","0","0","0","0","0","0","0","0","0","0","0","0","0","0","0","0","0","0","0",
"1600000US0666070","San Dimas city, California","34924","12945","21979","20654","14275","1200","89","4868","26","196","1325","1244","153","225","508","25","199","13","14","4","32","4","0","2","54","11","0","69","16","19","0","0","12","0","0","13","5","0","1","0","1","0","2","0","0","0","0","0","11","6","0","1","0","0","0","4","0","0","0","0","0","0","0","0","1","1","0","0","0","0","0","0","0",
"1600000US0666140","San Fernando city, California","23946","21770","2176","2022","1234","282","66","353","11","76","154","127","20","24","27","7","16","6","5","2","9","0","0","0","9","2","0","21","7","3","3","4","0","0","1","0","0","0","1","0","2","0","0","0","0","0","0","0","3","1","0","2","0","0","0","0","0","0","0","0","0","0","0","0","3","0","3","0","0","0","0","0","0",
"1600000US0667000","San Francisco city, California","873965","136761","737204","691758","341306","45071","1570","294220","3244","6347","45446","42194","5087","3270","22187","625","6064","762","1363","279","517","180","32","45","1214","541","28","2879","696","495","28","216","346","23","62","601","171","15","64","11","23","70","34","6","8","0","0","10","314","136","18","80","8","42","0","17","7","0","4","0","2","0","0","0","49","24","18","4","0","3","0","10","10",
"1600000US0667042","San Gabriel city, California","39568","9878","29690","28962","3381","355","42","25068","16","100","728","649","59","44","349","12","57","9","22","4","10","3","0","4","48","28","0","60","8","15","3","5","6","0","1","16","1","0","0","2","1","0","0","0","0","0","0","2","19","15","0","1","0","3","0","0","0","0","0","0","0","0","0","0","0","0","0","0","0","0","0","0","0",
"1600000US0667056","Sanger city, California","26617","21990","4627","4295","3131","185","75","792","30","82","332","292","47","97","75","7","55","2","1","0","3","1","0","0","4","0","0","36","9","4","0","0","10","3","2","5","1","0","1","0","0","1","0","0","0","0","0","0","3","3","0","0","0","0","0","0","0","0","0","0","0","0","0","0","1","1","0","0","0","0","0","0","0",
"1600000US0667070","San Geronimo CDP, California","510","38","472","442","416","8","2","6","5","5","30","27","4","11","12","0","0","0","0","0","0","0","0","0","0","0","0","2","2","0","0","0","0","0","0","0","0","0","0","0","0","0","0","0","0","0","0","0","1","0","0","0","0","0","0","1","0","0","0","0","0","0","0","0","0","0","0","0","0","0","0","0","0",
"1600000US0667112","San Jacinto city, California","53898","33013","20885","19248","12180","4459","437","1687","231","254","1637","1456","340","329","287","39","208","74","58","7","64","5","1","0","25","19","0","168","68","19","6","11","17","4","4","17","7","1","5","0","2","0","3","0","1","0","0","3","10","3","0","2","0","3","1","0","0","0","1","0","0","0","0","0","3","3","0","0","0","0","0","0","0",
"1600000US0667126","San Joaquin city, California","3701","3540","161","153","86","33","5","8","1","20","8","6","0","4","0","0","1","1","0","0","0","0","0","0","0","0","0","0","0","0","0","0","0","0","0","0","0","0","0","0","0","0","0","0","0","0","0","0","2","0","0","0","0","0","0","0","0","0","0","2","0","0","0","0","0","0","0","0","0","0","0","0","0",
"1600000US0668000","San Jose city, California","1013240","316266","696974","660699","236095","27422","1921","386993","3460","4808","36275","33576","3368","3435","17680","852","4111","324","1042","157","292","279","25","28","1428","505","50","2455","394","495","38","99","343","20","33","797","110","4","22","9","4","36","15","0","16","1","0","19","214","57","5","27","41","16","3","44","5","1","11","1","0","0","3","0","25","14","10","1","0","0","0","5","5",
"1600000US0668014","San Juan Bautista city, California","2089","1151","938","858","735","15","11","74","1","22","80","69","8","13","28","4","10","5","1","0","0","0","0","0","0","0","0","11","7","0","0","0","2","0","0","1","0","0","0","0","0","0","0","0","1","0","0","0","0","0","0","0","0","0","0","0","0","0","0","0","0","0","0","0","0","0","0","0","0","0","0","0","0",
"1600000US0668028","San Juan Capistrano city, California","35196","13704","21492","20199","18591","139","106","1194","22","147","1293","1196","95","276","507","31","227","1","22","0","9","2","3","0","20","3","0","85","15","18","2","5","11","4","1","21","2","0","1","0","0","1","4","0","0","0","0","0","11","4","0","0","3","2","0","2","0","0","0","0","0","0","0","0","1","0","1","0","0","0","0","0","0",
"1600000US0668084","San Leandro city, California","91008","25981","65027","61314","17865","9708","224","32365","712","440","3713","3314","572","313","1291","96","347","105","254","33","59","12","1","2","172","45","12","342","79","59","9","7","44","0","0","93","17","4","7","0","4","15","1","2","0","0","0","1","49","18","5","14","8","2","0","2","0","0","0","0","0","0","0","0","8","7","0","1","0","0","0","0","0",
"1600000US0668112","San Lorenzo CDP, California","29581","12488","17093","15989","5824","1424","60","8248","312","121","1104","963","115","143","334","60","83","28","59","12","12","6","2","1","78","25","5","129","21","27","0","18","11","1","0","41","1","0","1","3","0","2","3","0","0","0","0","0","12","4","0","4","0","1","0","2","0","0","0","1","0","0","0","0","0","0","0","0","0","0","0","0","0",
"1600000US0668140","San Lucas CDP, California","324","302","22","18","15","0","0","1","2","0","4","3","0","2","0","0","1","0","0","0","0","0","0","0","0","0","0","1","0","0","0","0","0","0","0","1","0","0","0","0","0","0","0","0","0","0","0","0","0","0","0","0","0","0","0","0","0","0","0","0","0","0","0","0","0","0","0","0","0","0","0","0","0",
"1600000US0668154","San Luis Obispo city, California","47063","8729","38334","35567","31825","478","111","2812","53","288","2767","2604","268","508","1239","69","428","5","20","0","24","4","0","0","23","16","0","146","29","16","2","2","24","3","0","57","5","3","2","0","0","1","0","0","2","0","0","0","17","1","0","0","1","2","0","9","0","0","2","0","0","0","2","0","0","0","0","0","0","0","0","0","0",
"1600000US0668196","San Marcos city, California","94833","34878","59955","55039","41989","1898","189","10185","253","525","4916","4559","699","638","2142","115","611","36","111","27","32","16","1","10","97","22","2","315","65","66","11","10","34","7","3","95","13","0","2","0","0","5","2","1","0","1","0","0","40","17","1","1","8","2","0","8","1","0","1","1","0","0","0","0","2","2","0","0","0","0","0","0","0",
"1600000US0668224","San Marino city, California","12513","888","11625","11141","3469","58","4","7581","7","22","484","467","8","20","309","4","47","1","0","1","1","0","0","0","65","11","0","13","4","1","0","0","1","0","0","3","1","0","0","0","0","0","2","0","0","0","0","1","4","2","0","1","0","1","0","0","0","0","0","0","0","0","0","0","0","0","0","0","0","0","0","0","0",
"1600000US0668238","San Martin CDP, California","7008","3361","3647","3367","2835","38","13","436","18","27","280","253","22","81","75","5","54","1","3","0","0","1","1","0","10","0","0","26","0","1","0","1","6","0","0","16","1","0","0","0","0","0","1","0","0","0","0","0","1","0","0","0","1","0","0","0","0","0","0","0","0","0","0","0","0","0","0","0","0","0","0","0","0",
"1600000US0668252","San Mateo city, California","105661","27198","78463","72726","40519","1696","177","27786","1634","914","5737","5330","463","348","2918","182","899","28","92","10","48","14","5","6","214","38","65","383","45","71","7","21","25","10","7","154","19","2","8","0","1","2","0","1","1","0","0","9","23","12","1","3","1","0","0","6","0","0","0","0","0","0","0","0","1","1","0","0","0","0","0","0","0",
"1600000US0668263","San Miguel CDP (Contra Costa County), California","3591","288","3303","3101","2737","23","1","299","9","32","202","185","13","19","121","4","21","0","5","0","1","0","0","0","1","0","0","16","2","2","0","3","3","0","0","6","0","0","0","0","0","0","0","0","0","0","0","0","1","0","0","0","0","0","0","1","0","0","0","0","0","0","0","0","0","0","0","0","0","0","0","0","0",
"1600000US0668266","San Miguel CDP (San Luis Obispo County), California","3172","2010","1162","1071","961","40","14","45","2","9","91","87","5","42","13","7","15","0","0","0","0","0","0","0","3","2","0","4","2","0","0","0","0","0","0","1","0","0","0","0","0","0","0","0","0","0","0","1","0","0","0","0","0","0","0","0","0","0","0","0","0","0","0","0","0","0","0","0","0","0","0","0","0",
"1600000US0668294","San Pablo city, California","32127","19610","12517","11695","2432","3874","49","4924","127","289","822","716","138","62","121","23","139","39","81","21","15","4","0","0","40","23","10","86","16","19","0","5","10","7","14","2","3","1","3","0","0","4","1","0","0","0","0","1","18","4","0","4","0","1","0","7","0","2","0","0","0","0","0","0","2","2","0","0","0","0","0","0","0",
"1600000US0668308","San Pasqual CDP, California","2101","429","1672","1567","987","66","1","499","0","14","105","98","9","5","67","0","9","0","0","0","0","0","0","0","2","4","2","6","0","3","2","0","0","0","0","0","0","0","0","0","0","1","0","0","0","0","0","0","1","1","0","0","0","0","0","0","0","0","0","0","0","0","0","0","0","0","0","0","0","0","0","0","0",
"1600000US0668364","San Rafael city, California","61271","21038","40233","37396","31585","999","145","4015","145","507","2837","2654","286","397","1128","57","667","22","15","2","14","6","1","3","45","11","0","168","49","26","1","11","27","8","2","35","6","0","0","0","0","0","1","0","2","0","0","0","13","1","0","2","3","0","2","4","0","0","1","0","0","0","0","0","2","1","1","0","0","0","0","0","0",
"1600000US0668378","San Ramon city, California","84605","7102","77503","73006","27140","2113","100","43052","174","427","4497","4186","419","372","2374","82","523","24","122","17","20","32","1","2","119","74","5","293","54","58","3","29","34","1","2","84","10","2","2","1","2","7","3","0","1","0","0","0","15","1","0","5","1","2","0","5","0","1","0","0","0","0","0","0","3","2","0","1","0","0","0","0","0",
"1600000US0668434","San Simeon CDP, California","445","296","149","137","125","0","2","10","0","0","12","11","0","5","3","0","3","0","0","0","0","0","0","0","0","0","0","1","0","0","0","0","0","0","0","1","0","0","0","0","0","0","0","0","0","0","0","0","0","0","0","0","0","0","0","0","0","0","0","0","0","0","0","0","0","0","0","0","0","0","0","0","0",
"1600000US0669000","Santa Ana city, California","310227","238022","72205","68664","26438","2745","485","37440","635","921","3541","3164","358","474","1297","134","490","33","99","15","40","18","11","4","133","51","7","339","54","38","15","23","35","14","14","105","15","2","6","1","7","3","5","0","1","1","0","0","35","11","5","3","2","0","0","12","1","0","0","0","0","0","1","0","2","1","1","0","0","0","0","1","1",
"1600000US0669070","Santa Barbara city, California","88665","34344","54321","50920","45882","1086","275","3047","61","569","3401","3199","361","624","1163","94","792","34","30","1","36","7","5","2","33","17","0","180","38","19","0","14","28","4","9","52","10","2","0","1","0","0","0","0","0","2","0","1","22","11","1","3","1","2","0","2","0","2","0","0","0","0","0","0","0","0","0","0","0","0","0","0","0",
"1600000US0669084","Santa Clara city, California","127647","22550","105097","99694","35930","2713","186","59678","390","797","5403","5094","500","441","2815","132","671","26","133","16","34","42","5","0","177","92","10","282","14","64","4","19","31","6","4","109","18","1","6","0","1","4","0","0","0","0","0","1","25","5","1","1","6","0","0","8","1","0","2","1","0","0","0","0","2","2","0","0","0","0","0","0","0",
"1600000US0669088","Santa Clarita city, California","228673","78735","149938","139695","101794","9046","458","26797","291","1309","10243","9496","1552","1511","3788","211","1476","146","234","20","135","28","5","9","288","79","14","689","167","123","5","77","73","6","4","171","31","1","6","0","8","11","2","0","1","0","0","3","52","24","2","10","7","3","0","4","1","0","0","1","0","0","0","0","6","1","2","1","2","0","0","0","0",
"1600000US0669112","Santa Cruz city, California","62956","15111","47845","43927","36373","1571","249","5222","74","438","3918","3689","517","646","1506","99","722","29","26","11","13","22","0","10","56","25","7","200","45","29","1","14","25","6","6","65","2","2","0","0","0","1","2","1","0","1","0","0","26","6","0","5","3","0","0","8","1","0","3","0","0","0","0","0","3","2","0","0","1","0","0","0","0",
"1600000US0669154","Santa Fe Springs city, California","19219","14626","4593","4291","1896","618","40","1618","46","73","302","277","42","59","89","14","29","9","1","3","15","2","0","1","7","6","0","20","7","2","0","2","7","0","0","1","0","0","0","0","0","1","0","0","0","0","0","0","5","3","0","0","0","1","0","1","0","0","0","0","0","0","0","0","0","0","0","0","0","0","0","0","0",
"1600000US0669182","Santa Margarita CDP, California","1291","264","1027","966","943","2","7","6","0","8","61","56","1","22","18","0","13","0","0","0","0","1","0","0","1","0","0","5","4","0","0","0","0","0","0","0","0","1","0","0","0","0","0","0","0","0","0","0","0","0","0","0","0","0","0","0","0","0","0","0","0","0","0","0","0","0","0","0","0","0","0","0","0",
"1600000US0669196","Santa Maria city, California","109707","83968","25739","23722","16758","1043","322","4999","96","504","2017","1837","276","458","572","50","253","24","37","2","21","12","5","1","106","20","0","159","38","20","1","11","22","0","5","45","7","0","2","2","0","0","0","0","2","2","1","1","18","12","0","1","1","1","0","3","0","0","0","0","0","0","0","0","3","3","0","0","0","0","0","0","0",
"1600000US0670000","Santa Monica city, California","93076","13544","79532","73786","60654","3623","129","8466","109","805","5746","5399","881","553","2562","67","954","71","74","11","81","17","1","7","76","36","8","329","106","56","5","43","29","2","3","54","16","0","2","0","3","2","6","2","0","0","0","0","14","9","0","1","1","2","0","1","0","0","0","0","0","0","0","0","4","2","2","0","0","0","0","0","0",
"1600000US0670028","Santa Nella CDP, California","2211","1649","562","508","334","35","11","105","4","19","54","50","13","17","11","1","4","1","0","0","0","1","0","0","2","0","0","3","2","0","0","0","0","0","0","0","0","0","1","0","0","0","0","0","0","0","0","0","1","0","0","0","0","0","0","1","0","0","0","0","0","0","0","0","0","0","0","0","0","0","0","0","0",
"1600000US0670042","Santa Paula city, California","30657","25051","5606","5181","4697","82","71","209","12","110","425","387","33","149","75","24","79","3","7","1","3","1","0","0","7","5","0","36","9","2","0","1","8","0","0","16","0","0","0","0","0","0","0","0","0","0","0","0","2","0","0","0","2","0","0","0","0","0","0","0","0","0","0","0","0","0","0","0","0","0","0","0","0",
"1600000US0670098","Santa Rosa city, California","178127","61082","117045","108320","90527","3802","1395","10659","972","965","8725","7984","1144","2132","2333","270","1630","75","106","14","62","51","11","11","120","13","12","699","215","81","11","36","83","28","30","146","24","0","26","2","0","2","0","0","14","0","0","1","36","11","3","4","3","0","0","10","0","0","4","1","0","0","0","0","6","6","0","0","0","0","0","0","0",
"1600000US0670130","Santa Rosa Valley CDP, California","3312","397","2915","2730","2467","20","3","203","5","32","185","174","26","33","70","3","30","0","2","0","3","0","0","1","5","0","1","11","0","2","5","0","4","0","0","0","0","0","0","0","0","0","0","0","0","0","0","0","0","0","0","0","0","0","0","0","0","0","0","0","0","0","0","0","0","0","0","0","0","0","0","0","0",
"1600000US0670140","Santa Susana CDP, California","1160","193","967","887","805","18","1","51","2","10","80","70","6","20","22","1","17","0","2","0","0","0","0","0","2","0","0","9","2","4","0","0","0","0","0","3","0","0","0","0","0","0","0","0","0","0","0","0","0","0","0","0","0","0","0","0","0","0","0","0","0","0","0","0","1","1","0","0","0","0","0","0","0",
"1600000US0670154","Santa Venetia CDP, California","4289","1003","3286","3095","2647","63","9","329","6","41","191","179","23","32","77","4","32","0","3","0","2","0","0","0","5","1","0","12","5","1","0","2","1","0","0","3","0","0","0","0","0","0","0","0","0","0","0","0","0","0","0","0","0","0","0","0","0","0","0","0","0","0","0","0","0","0","0","0","0","0","0","0","0",
"1600000US0670182","Santa Ynez CDP, California","4505","731","3774","3587","3433","33","42","54","2","23","187","185","16","65","39","4","60","0","1","0","0","0","0","0","0","0","0","1","0","0","0","0","0","0","0","0","1","0","0","0","0","0","0","0","0","0","0","0","0","0","0","0","0","0","0","0","0","0","0","0","0","0","0","0","1","1","0","0","0","0","0","0","0",
"1600000US0670224","Santee city, California","60037","12522","47515","43419","37783","1265","226","3456","279","410","4096","3857","470","781","1419","224","713","21","45","21","16","13","0","0","118","14","2","222","28","31","19","7","50","9","1","62","4","0","3","0","0","5","3","0","0","0","0","0","15","2","0","3","4","2","0","1","0","1","1","1","0","0","0","0","2","1","1","0","0","0","0","0","0",
"1600000US0670266","Saranap CDP, California","5830","623","5207","4791","4011","86","7","633","7","47","416","390","57","43","188","5","80","4","2","0","0","0","0","0","9","2","0","25","3","4","2","2","2","3","0","2","0","2","0","0","0","3","2","0","0","0","0","0","1","0","0","0","0","1","0","0","0","0","0","0","0","0","0","0","0","0","0","0","0","0","0","0","0",
"1600000US0670280","Saratoga city, California","31051","1125","29926","28674","11538","98","24","16829","38","147","1252","1174","55","97","747","17","162","5","15","2","5","2","0","0","53","12","2","77","21","8","0","3","16","0","4","19","4","0","0","1","0","0","1","0","0","0","0","0","1","0","0","1","0","0","0","0","0","0","0","0","0","0","0","0","0","0","0","0","0","0","0","0","0",
"1600000US0670322","Saticoy CDP, California","1133","1002","131","116","98","3","5","1","3","6","15","14","1","2","8","0","1","0","0","0","1","0","0","0","0","1","0","0","0","0","0","0","0","0","0","0","0","0","0","0","0","0","0","0","0","0","0","0","1","1","0","0","0","0","0","0","0","0","0","0","0","0","0","0","0","0","0","0","0","0","0","0","0",
"1600000US0670336","Sattley CDP, California","44","2","42","39","39","0","0","0","0","0","3","3","0","0","0","0","2","1","0","0","0","0","0","0","0","0","0","0","0","0","0","0","0","0","0","0","0","0","0","0","0","0","0","0","0","0","0","0","0","0","0","0","0","0","0","0","0","0","0","0","0","0","0","0","0","0","0","0","0","0","0","0","0",
"1600000US0670364","Sausalito city, California","7269","482","6787","6453","5941","50","11","409","8","34","334","316","39","43","134","12","69","2","7","0","1","0","0","0","8","1","0","13","3","0","0","0","7","0","0","1","0","0","0","0","0","0","0","0","2","0","0","0","4","3","0","0","1","0","0","0","0","0","0","0","0","0","0","0","0","0","0","0","0","0","0","1","1",
"1600000US0670518","Scotia CDP, California","681","128","553","492","447","7","25","5","2","6","61","61","1","34","8","0","16","0","2","0","0","0","0","0","0","0","0","0","0","0","0","0","0","0","0","0","0","0","0","0","0","0","0","0","0","0","0","0","0","0","0","0","0","0","0","0","0","0","0","0","0","0","0","0","0","0","0","0","0","0","0","0","0",
"1600000US0670588","Scotts Valley city, California","12224","1559","10665","9854","8792","77","31","834","14","106","811","766","76","146","358","19","138","2","5","2","1","2","0","2","7","8","0","42","4","2","0","1","8","0","0","20","7","0","0","0","0","0","0","0","0","0","0","0","3","1","0","0","1","0","0","1","0","0","0","0","0","0","0","0","0","0","0","0","0","0","0","0","0",
"1600000US0670644","Seacliff CDP, California","3280","651","2629","2455","2306","15","19","96","0","19","174","163","13","35","60","7","42","0","0","0","0","0","0","0","4","2","0","10","4","3","0","0","2","0","0","1","0","0","0","0","0","0","0","0","0","0","0","0","1","1","0","0","0","0","0","0","0","0","0","0","0","0","0","0","0","0","0","0","0","0","0","0","0",
"1600000US0670686","Seal Beach city, California","25242","3153","22089","20998","16814","370","53","3624","46","91","1091","1010","108","161","441","27","200","5","15","5","3","3","0","0","38","4","0","77","4","19","3","2","20","3","4","16","0","0","3","0","0","2","0","0","0","1","0","0","4","3","0","1","0","0","0","0","0","0","0","0","0","0","0","0","0","0","0","0","0","0","0","0","0",
"1600000US0670712","Sea Ranch CDP, California","1169","101","1068","1027","1000","3","3","19","0","2","41","34","0","12","2","0","18","1","0","0","1","0","0","0","0","0","0","6","0","0","0","0","3","1","0","2","0","0","0","0","0","0","0","0","0","0","0","0","0","0","0","0","0","0","0","0","0","0","0","0","0","0","0","0","1","1","0","0","0","0","0","0","0",
"1600000US0670728","Searles Valley CDP, California","1565","347","1218","1122","987","85","22","15","1","12","96","89","16","35","5","0","26","4","0","0","0","0","0","0","1","2","0","3","0","0","0","0","2","0","0","0","1","0","0","0","0","0","0","0","0","0","0","0","4","3","0","1","0","0","0","0","0","0","0","0","0","0","0","0","0","0","0","0","0","0","0","0","0",
"1600000US0670742","Seaside city, California","32366","15494","16872","15023","9429","1763","127","3032","462","210","1849","1646","343","249","555","68","127","30","113","18","14","4","1","1","95","10","18","189","30","48","6","0","28","0","1","59","3","3","6","0","2","3","0","0","0","0","0","0","13","8","2","0","3","0","0","0","0","0","0","0","0","0","0","0","1","1","0","0","0","0","0","0","0",
"1600000US0670770","Sebastopol city, California","7521","1080","6441","5976","5615","62","30","183","14","72","465","437","76","107","97","15","130","0","1","0","3","0","1","0","5","2","0","27","6","2","2","5","1","1","0","5","5","0","0","0","0","0","0","0","0","0","0","0","1","0","0","0","0","0","0","1","0","0","0","0","0","0","0","0","0","0","0","0","0","0","0","0","0",
"1600000US0670798","Seeley CDP, California","1729","1533","196","177","121","31","6","12","0","7","19","19","1","8","4","0","4","0","2","0","0","0","0","0","0","0","0","0","0","0","0","0","0","0","0","0","0","0","0","0","0","0","0","0","0","0","0","0","0","0","0","0","0","0","0","0","0","0","0","0","0","0","0","0","0","0","0","0","0","0","0","0","0",
"1600000US0670882","Selma city, California","24674","20041","4633","4242","2775","157","90","1090","6","124","391","374","42","143","109","3","40","5","0","0","3","13","0","0","1","15","0","15","11","1","0","2","0","0","0","1","0","0","0","0","0","0","0","0","0","0","0","0","2","0","0","0","0","0","0","0","0","1","0","1","0","0","0","0","0","0","0","0","0","0","0","0","0",
"1600000US0670966","Sequoia Crest CDP, California","24","1","23","22","21","0","0","1","0","0","1","1","0","1","0","0","0","0","0","0","0","0","0","0","0","0","0","0","0","0","0","0","0","0","0","0","0","0","0","0","0","0","0","0","0","0","0","0","0","0","0","0","0","0","0","0","0","0","0","0","0","0","0","0","0","0","0","0","0","0","0","0","0",
"1600000US0671000","Sereno del Mar CDP, California","107","7","100","96","92","1","0","2","0","1","4","3","1","0","0","0","1","0","0","0","1","0","0","0","0","0","0","1","1","0","0","0","0","0","0","0","0","0","0","0","0","0","0","0","0","0","0","0","0","0","0","0","0","0","0","0","0","0","0","0","0","0","0","0","0","0","0","0","0","0","0","0","0",
"1600000US0671078","Seville CDP, California","446","419","27","21","17","0","0","1","0","3","6","6","1","2","2","0","0","0","0","0","0","0","0","0","0","1","0","0","0","0","0","0","0","0","0","0","0","0","0","0","0","0","0","0","0","0","0","0","0","0","0","0","0","0","0","0","0","0","0","0","0","0","0","0","0","0","0","0","0","0","0","0","0",
"1600000US0671106","Shafter city, California","19953","16017","3936","3650","2971","290","28","236","9","116","286","263","15","92","97","1","27","5","2","2","1","0","1","0","16","4","0","21","5","2","0","3","7","0","3","1","0","0","0","0","0","0","0","0","0","0","0","0","1","0","0","0","0","0","0","1","0","0","0","0","0","0","0","0","1","0","1","0","0","0","0","0","0",
"1600000US0671134","Shandon CDP, California","1168","702","466","431","407","14","3","5","0","2","35","35","12","10","9","0","4","0","0","0","0","0","0","0","0","0","0","0","0","0","0","0","0","0","0","0","0","0","0","0","0","0","0","0","0","0","0","0","0","0","0","0","0","0","0","0","0","0","0","0","0","0","0","0","0","0","0","0","0","0","0","0","0",
"1600000US0671218","Shasta CDP, California","1043","56","987","918","870","0","27","17","2","2","69","66","1","45","8","3","9","0","0","0","0","0","0","0","0","0","0","3","0","0","0","0","1","0","0","0","2","0","0","0","0","0","0","0","0","0","0","0","0","0","0","0","0","0","0","0","0","0","0","0","0","0","0","0","0","0","0","0","0","0","0","0","0",
"1600000US0671225","Shasta Lake city, California","10371","942","9429","8581","7887","72","277","251","14","80","848","798","105","435","109","18","110","6","3","0","1","1","0","2","7","0","1","47","13","2","3","0","9","1","0","13","3","1","0","0","1","0","0","0","0","0","0","1","3","0","0","1","0","2","0","0","0","0","0","0","0","0","0","0","0","0","0","0","0","0","0","0","0",
"1600000US0671246","Shaver Lake CDP, California","580","67","513","501","485","0","5","7","0","4","12","11","0","0","0","0","9","1","1","0","0","0","0","0","0","0","0","1","0","0","0","0","0","0","1","0","0","0","0","0","0","0","0","0","0","0","0","0","0","0","0","0","0","0","0","0","0","0","0","0","0","0","0","0","0","0","0","0","0","0","0","0","0",
"1600000US0671362","Shell Ridge CDP, California","1014","73","941","877","736","6","0","125","0","10","64","57","3","2","45","0","4","1","0","0","1","0","0","0","0","1","0","7","3","2","0","1","1","0","0","0","0","0","0","0","0","0","0","0","0","0","0","0","0","0","0","0","0","0","0","0","0","0","0","0","0","0","0","0","0","0","0","0","0","0","0","0","0",
"1600000US0671372","Shelter Cove CDP, California","803","77","726","651","616","4","15","9","0","7","75","72","5","19","14","0","32","0","0","0","2","0","0","0","0","0","0","3","2","0","0","0","1","0","0","0","0","0","0","0","0","0","0","0","0","0","0","0","0","0","0","0","0","0","0","0","0","0","0","0","0","0","0","0","0","0","0","0","0","0","0","0","0",
"1600000US0671414","Sheridan CDP, California","1385","343","1042","939","900","10","12","13","1","3","103","94","6","36","13","4","32","0","1","0","2","0","0","0","0","0","0","8","8","0","0","0","0","0","0","0","0","0","0","0","0","0","0","0","0","0","0","0","1","0","0","0","1","0","0","0","0","0","0","0","0","0","0","0","0","0","0","0","0","0","0","0","0",
"1600000US0671554","Shingle Springs CDP, California","4660","617","4043","3766","3599","18","31","72","11","35","277","264","22","110","57","6","63","4","0","0","0","1","0","0","1","0","0","10","0","0","0","0","4","0","0","6","0","0","0","0","0","0","0","0","0","0","0","0","3","3","0","0","0","0","0","0","0","0","0","0","0","0","0","0","0","0","0","0","0","0","0","0","0",
"1600000US0671568","Shingletown CDP, California","2442","161","2281","2135","2035","5","60","18","5","12","146","144","10","94","16","6","18","0","0","0","0","0","0","0","0","0","0","2","0","0","0","0","1","1","0","0","0","0","0","0","0","0","0","0","0","0","0","0","0","0","0","0","0","0","0","0","0","0","0","0","0","0","0","0","0","0","0","0","0","0","0","0","0",
"1600000US0671680","Shoshone CDP, California","22","2","20","17","15","0","2","0","0","0","3","1","0","1","0","0","0","0","0","0","0","0","0","0","0","0","0","1","0","0","0","0","0","0","0","0","0","0","0","0","0","1","0","0","0","0","0","0","1","0","0","0","0","1","0","0","0","0","0","0","0","0","0","0","0","0","0","0","0","0","0","0","0",
"1600000US0671774","Sierra Brooks CDP, California","467","65","402","364","354","2","4","3","0","1","38","35","1","20","2","2","10","0","0","0","0","0","0","0","0","0","0","3","1","0","0","0","2","0","0","0","0","0","0","0","0","0","0","0","0","0","0","0","0","0","0","0","0","0","0","0","0","0","0","0","0","0","0","0","0","0","0","0","0","0","0","0","0",
"1600000US0671778","Sierra City CDP, California","235","30","205","196","193","0","0","2","0","1","9","9","0","1","4","0","4","0","0","0","0","0","0","0","0","0","0","0","0","0","0","0","0","0","0","0","0","0","0","0","0","0","0","0","0","0","0","0","0","0","0","0","0","0","0","0","0","0","0","0","0","0","0","0","0","0","0","0","0","0","0","0","0",
"1600000US0671806","Sierra Madre city, California","11268","1923","9345","8704","7046","153","20","1408","10","67","641","598","51","80","318","4","114","0","12","2","7","0","0","0","5","5","0","42","3","15","3","6","8","0","0","4","0","0","1","0","1","1","0","0","0","0","0","0","1","0","1","0","0","0","0","0","0","0","0","0","0","0","0","0","0","0","0","0","0","0","0","0","0",
"1600000US0671834","Sierra Village CDP, California","411","27","384","359","344","0","4","9","0","2","25","25","1","11","3","2","7","1","0","0","0","0","0","0","0","0","0","0","0","0","0","0","0","0","0","0","0","0","0","0","0","0","0","0","0","0","0","0","0","0","0","0","0","0","0","0","0","0","0","0","0","0","0","0","0","0","0","0","0","0","0","0","0",
"1600000US0671848","Sierraville CDP, California","239","30","209","200","198","0","0","0","0","2","9","9","1","6","0","1","0","0","0","1","0","0","0","0","0","0","0","0","0","0","0","0","0","0","0","0","0","0","0","0","0","0","0","0","0","0","0","0","0","0","0","0","0","0","0","0","0","0","0","0","0","0","0","0","0","0","0","0","0","0","0","0","0",
"1600000US0671876","Signal Hill city, California","11848","4208","7640","7128","2831","1550","33","2586","80","48","512","453","99","49","149","17","37","13","37","4","26","6","0","1","11","4","0","45","6","11","0","4","5","0","0","16","0","1","1","0","1","0","0","0","0","0","0","0","12","6","0","2","3","0","0","1","0","0","0","0","0","0","0","0","2","2","0","0","0","0","0","0","0",
"1600000US0671918","Silverado CDP, California","932","117","815","777","736","3","4","23","4","7","38","36","6","8","12","4","5","1","0","0","0","0","0","0","0","0","0","2","1","0","0","0","0","1","0","0","0","0","0","0","0","0","0","0","0","0","0","0","0","0","0","0","0","0","0","0","0","0","0","0","0","0","0","0","0","0","0","0","0","0","0","0","0",
"1600000US0671927","Silverado Resort CDP, California","948","64","884","848","808","2","0","30","2","6","36","34","3","9","21","0","1","0","0","0","0","0","0","0","0","0","0","2","0","0","0","0","0","0","0","1","1","0","0","0","0","0","0","0","0","0","0","0","0","0","0","0","0","0","0","0","0","0","0","0","0","0","0","0","0","0","0","0","0","0","0","0","0",
"1600000US0671932","Silver City CDP, California","0","0","0","0","0","0","0","0","0","0","0","0","0","0","0","0","0","0","0","0","0","0","0","0","0","0","0","0","0","0","0","0","0","0","0","0","0","0","0","0","0","0","0","0","0","0","0","0","0","0","0","0","0","0","0","0","0","0","0","0","0","0","0","0","0","0","0","0","0","0","0","0","0",
"1600000US0671964","Silver Lakes CDP, California","6317","1694","4623","4292","3495","411","27","294","20","45","331","290","56","83","57","9","52","4","7","1","5","4","1","0","9","2","0","37","17","13","0","0","1","0","0","5","0","0","0","0","0","1","0","0","0","0","0","0","4","3","0","0","1","0","0","0","0","0","0","0","0","0","0","0","0","0","0","0","0","0","0","0","0",
"1600000US0672016","Simi Valley city, California","126356","35921","90435","84563","68251","1861","302","13264","177","708","5872","5454","581","1161","2247","124","1024","35","66","9","35","9","4","3","107","45","4","378","79","46","5","18","65","7","9","123","13","3","0","1","0","4","1","0","4","0","0","0","38","19","2","2","5","1","1","7","0","0","0","0","0","0","1","0","2","0","2","0","0","0","0","0","0",
"1600000US0672086","Sisquoc CDP, California","191","57","134","120","111","0","3","3","0","3","14","13","0","6","0","0","7","0","0","0","0","0","0","0","0","0","0","1","0","0","0","0","1","0","0","0","0","0","0","0","0","0","0","0","0","0","0","0","0","0","0","0","0","0","0","0","0","0","0","0","0","0","0","0","0","0","0","0","0","0","0","0","0",
"1600000US0672156","Sky Valley CDP, California","2411","890","1521","1414","1299","32","15","34","3","31","107","97","26","36","14","1","14","1","1","1","0","0","0","0","3","0","0","7","1","3","0","0","1","1","0","0","0","0","1","0","0","0","0","0","0","0","0","0","3","1","0","1","0","0","0","1","0","0","0","0","0","0","0","0","0","0","0","0","0","0","0","0","0",
"1600000US0672184","Sleepy Hollow CDP, California","2401","144","2257","2121","2013","8","0","88","0","12","136","131","5","17","67","1","34","0","1","0","2","0","0","0","0","4","0","5","1","3","0","0","1","0","0","0","0","0","0","0","0","0","0","0","0","0","0","0","0","0","0","0","0","0","0","0","0","0","0","0","0","0","0","0","0","0","0","0","0","0","0","0","0",
"1600000US0672282","Smartsville CDP, California","185","10","175","154","145","0","0","9","0","0","21","18","0","11","1","0","5","0","1","0","0","0","0","0","0","0","0","3","1","0","0","2","0","0","0","0","0","0","0","0","0","0","0","0","0","0","0","0","0","0","0","0","0","0","0","0","0","0","0","0","0","0","0","0","0","0","0","0","0","0","0","0","0",
"1600000US0672338","Smith Corner CDP, California","594","517","77","61","48","1","11","0","0","1","16","16","1","4","10","0","1","0","0","0","0","0","0","0","0","0","0","0","0","0","0","0","0","0","0","0","0","0","0","0","0","0","0","0","0","0","0","0","0","0","0","0","0","0","0","0","0","0","0","0","0","0","0","0","0","0","0","0","0","0","0","0","0",
"1600000US0672380","Smith River CDP, California","906","338","568","523","432","1","85","0","1","4","45","42","0","17","4","2","19","0","0","0","0","0","0","0","0","0","0","3","0","0","0","0","1","0","0","2","0","0","0","0","0","0","0","0","0","0","0","0","0","0","0","0","0","0","0","0","0","0","0","0","0","0","0","0","0","0","0","0","0","0","0","0","0",
"1600000US0672408","Snelling CDP, California","238","38","200","182","172","0","2","1","0","7","18","18","0","7","4","0","6","0","0","0","0","1","0","0","0","0","0","0","0","0","0","0","0","0","0","0","0","0","0","0","0","0","0","0","0","0","0","0","0","0","0","0","0","0","0","0","0","0","0","0","0","0","0","0","0","0","0","0","0","0","0","0","0",
"1600000US0672478","Soda Bay CDP, California","1163","182","981","911","822","26","25","29","0","9","70","68","9","24","13","3","18","0","0","0","0","1","0","0","0","0","0","2","0","1","0","0","1","0","0","0","0","0","0","0","0","0","0","0","0","0","0","0","0","0","0","0","0","0","0","0","0","0","0","0","0","0","0","0","0","0","0","0","0","0","0","0","0",
"1600000US0672492","Soda Springs CDP, California","94","12","82","76","73","0","1","2","0","0","6","6","0","1","4","0","1","0","0","0","0","0","0","0","0","0","0","0","0","0","0","0","0","0","0","0","0","0","0","0","0","0","0","0","0","0","0","0","0","0","0","0","0","0","0","0","0","0","0","0","0","0","0","0","0","0","0","0","0","0","0","0","0",
"1600000US0672506","Solana Beach city, California","12941","1853","11088","10482","9742","77","22","558","6","77","606","570","74","78","257","4","132","3","9","0","5","0","1","0","4","3","0","27","5","0","0","3","5","0","1","8","1","0","0","0","0","0","4","0","0","0","0","0","9","1","0","1","6","0","0","1","0","0","0","0","0","0","0","0","0","0","0","0","0","0","0","0","0",
"1600000US0672520","Soledad city, California","24925","19789","5136","4836","1994","1970","132","521","89","130","300","267","29","22","74","0","15","6","10","0","6","0","0","2","101","2","0","25","11","3","0","0","4","1","0","2","0","0","4","0","0","0","0","0","0","0","0","0","7","1","1","0","2","0","0","3","0","0","0","0","0","0","0","0","1","1","0","0","0","0","0","0","0",
"1600000US0672576","Solvang city, California","6126","1835","4291","4071","3864","49","21","112","0","25","220","201","10","46","66","9","61","0","3","0","2","2","0","0","2","0","0","16","5","0","0","0","6","0","0","5","0","0","0","0","0","0","0","0","0","0","0","0","2","0","0","0","1","1","0","0","0","0","0","0","0","0","0","0","1","1","0","0","0","0","0","0","0",
"1600000US0672632","Somis CDP, California","1429","424","1005","932","850","11","6","53","0","12","73","67","1","13","20","1","30","0","0","0","0","0","0","0","1","1","0","6","1","0","1","0","0","0","0","4","0","0","0","0","0","0","0","0","0","0","0","0","0","0","0","0","0","0","0","0","0","0","0","0","0","0","0","0","0","0","0","0","0","0","0","0","0",
"1600000US0672646","Sonoma city, California","10739","2072","8667","8240","7763","66","31","315","24","41","427","403","36","116","112","15","108","0","4","0","6","1","0","0","3","2","0","23","5","1","0","1","4","2","0","9","0","0","1","0","0","0","0","0","0","0","0","0","1","0","0","1","0","0","0","0","0","0","0","0","0","0","0","0","0","0","0","0","0","0","0","0","0",
"1600000US0672654","Sonoma State University CDP, California","2679","692","1987","1953","362","106","1","1414","0","70","34","32","0","0","20","0","2","0","5","1","1","0","0","0","3","0","0","2","2","0","0","0","0","0","0","0","0","0","0","0","0","0","0","0","0","0","0","0","0","0","0","0","0","0","0","0","0","0","0","0","0","0","0","0","0","0","0","0","0","0","0","0","0",
"1600000US0672674","Sonora city, California","5003","657","4346","4050","3777","24","62","146","19","22","296","279","27","113","40","13","80","1","0","1","1","0","0","0","1","0","2","12","0","0","0","2","5","0","1","4","0","0","0","0","0","0","0","0","0","0","0","0","5","0","0","0","1","0","0","0","4","0","0","0","0","0","0","0","0","0","0","0","0","0","0","0","0",
"1600000US0672688","Soquel CDP, California","9980","1940","8040","7488","6952","72","25","376","5","58","552","513","58","133","177","13","119","3","5","1","1","0","0","1","2","0","0","35","9","1","0","4","3","0","2","15","0","0","0","0","0","0","0","1","0","0","0","0","4","1","3","0","0","0","0","0","0","0","0","0","0","0","0","0","0","0","0","0","0","0","0","0","0",
"1600000US0672772","Soulsbyville CDP, California","2092","264","1828","1680","1602","6","30","17","6","19","148","142","8","74","17","5","33","0","1","0","0","3","0","0","1","0","0","5","1","0","0","0","2","1","0","1","0","0","0","0","0","0","0","0","0","0","0","0","1","1","0","0","0","0","0","0","0","0","0","0","0","0","0","0","0","0","0","0","0","0","0","0","0",
"1600000US0672954","South Dos Palos CDP, California","1747","1470","277","239","117","106","5","8","0","3","38","35","7","5","14","4","4","1","0","0","0","0","0","0","0","0","0","2","0","0","0","0","0","1","1","0","0","0","0","0","0","0","0","0","0","0","0","0","1","0","0","0","0","1","0","0","0","0","0","0","0","0","0","0","0","0","0","0","0","0","0","0","0",
"1600000US0672996","South El Monte city, California","19567","15585","3982","3892","448","51","23","3348","0","22","90","79","3","14","18","0","19","5","4","1","6","0","0","1","5","3","0","10","0","4","1","1","1","0","0","0","2","1","0","0","0","0","0","0","0","0","0","0","1","0","0","0","0","0","0","0","0","0","0","1","0","0","0","0","0","0","0","0","0","0","0","0","0",
"1600000US0673080","South Gate city, California","92726","88040","4686","4266","2285","884","119","609","31","338","420","343","31","56","61","18","64","19","26","1","25","7","2","4","18","11","0","64","14","11","1","1","8","0","1","11","4","0","3","0","2","3","3","0","2","0","0","0","13","5","2","2","1","3","0","0","0","0","0","0","0","0","0","0","0","0","0","0","0","0","0","0","0",
"1600000US0673108","South Lake Tahoe city, California","21330","6558","14772","13857","12244","145","136","1192","21","119","915","852","62","323","203","30","192","5","7","3","2","1","0","0","23","0","1","59","7","7","1","1","6","8","1","22","0","2","0","0","0","0","3","0","0","0","0","1","4","0","0","2","0","0","0","0","2","0","0","0","0","0","0","0","0","0","0","0","0","0","0","0","0",
"1600000US0673167","South Monrovia Island CDP, California","6515","4590","1925","1830","666","390","3","733","3","35","95","86","21","13","29","0","12","1","4","0","3","2","0","0","1","0","0","7","3","0","0","2","2","0","0","0","0","0","0","0","0","0","0","0","0","0","0","0","2","2","0","0","0","0","0","0","0","0","0","0","0","0","0","0","0","0","0","0","0","0","0","0","0",
"1600000US0673178","South Oroville CDP, California","3235","648","2587","2342","1774","62","102","387","8","9","245","225","27","123","32","10","24","3","3","0","0","2","1","0","0","0","0","20","16","0","0","1","0","0","2","1","0","0","0","0","0","0","0","0","0","0","0","0","0","0","0","0","0","0","0","0","0","0","0","0","0","0","0","0","0","0","0","0","0","0","0","0","0",
"1600000US0673220","South Pasadena city, California","26943","5584","21359","19674","9692","638","28","9135","9","172","1685","1573","146","94","1024","13","163","15","50","2","11","9","0","2","22","19","3","101","16","25","1","8","20","0","1","23","4","0","0","0","2","1","0","0","0","0","0","0","11","2","1","4","3","0","0","1","0","0","0","0","0","0","0","0","0","0","0","0","0","0","0","0","0",
"1600000US0673262","South San Francisco city, California","66105","21650","44455","41712","11905","1184","125","26994","996","508","2743","2540","156","147","1252","80","335","25","135","10","21","25","4","2","228","51","69","182","24","26","7","6","24","8","10","54","12","3","1","0","1","1","1","0","0","0","0","4","21","3","0","5","2","0","0","6","0","0","4","0","0","0","0","1","0","0","0","0","0","0","0","0","0",
"1600000US0673276","South San Gabriel CDP, California","7920","2846","5074","4998","362","64","6","4542","7","17","76","66","3","5","30","2","5","2","4","0","0","1","0","0","7","7","0","9","3","1","1","0","3","0","0","1","0","0","0","0","0","0","0","0","0","0","0","0","1","0","0","1","0","0","0","0","0","0","0","0","0","0","0","0","0","0","0","0","0","0","0","0","0",
"1600000US0673290","South San Jose Hills CDP, California","19855","16517","3338","3225","612","162","27","2332","28","64","113","96","7","8","31","2","10","2","9","1","8","3","0","0","7","8","0","15","3","0","0","1","2","2","0","3","0","0","0","0","4","0","0","0","0","0","0","0","1","0","0","0","0","0","0","0","0","0","1","0","0","0","0","0","1","0","0","0","0","1","0","0","0",
"1600000US0673388","South Taft CDP, California","2100","1385","715","648","606","8","24","5","2","3","67","55","0","33","4","0","15","0","0","2","0","0","0","0","0","1","0","12","8","0","0","0","0","0","0","4","0","0","0","0","0","0","0","0","0","0","0","0","0","0","0","0","0","0","0","0","0","0","0","0","0","0","0","0","0","0","0","0","0","0","0","0","0",
"1600000US0673430","South Whittier CDP, California","56415","45080","11335","10546","6846","643","139","2585","103","230","789","691","61","145","250","19","103","7","21","1","18","6","0","2","40","17","1","81","21","16","0","3","13","0","5","15","1","0","1","0","6","0","0","0","0","0","0","0","17","5","0","0","2","4","0","2","4","0","0","0","0","0","0","0","0","0","0","0","0","0","0","0","0",
"1600000US0673554","Spaulding CDP, California","206","14","192","183","181","1","1","0","0","0","9","8","1","3","1","0","2","0","0","1","0","0","0","0","0","0","0","1","0","0","0","0","0","0","0","1","0","0","0","0","0","0","0","0","0","0","0","0","0","0","0","0","0","0","0","0","0","0","0","0","0","0","0","0","0","0","0","0","0","0","0","0","0",
"1600000US0673612","Spreckels CDP, California","692","232","460","418","386","3","2","16","6","5","42","39","1","20","15","0","1","1","1","0","0","0","0","0","0","0","0","2","0","0","1","0","1","0","0","0","0","0","0","0","0","0","0","0","0","0","0","0","1","1","0","0","0","0","0","0","0","0","0","0","0","0","0","0","0","0","0","0","0","0","0","0","0",
"1600000US0673654","Spring Garden CDP, California","19","4","15","9","9","0","0","0","0","0","6","5","0","5","0","0","0","0","0","0","0","0","0","0","0","0","0","1","0","0","0","0","0","0","0","0","0","0","1","0","0","0","0","0","0","0","0","0","0","0","0","0","0","0","0","0","0","0","0","0","0","0","0","0","0","0","0","0","0","0","0","0","0",
"1600000US0673690","Spring Valley CDP (Lake County), California","964","184","780","638","584","14","15","19","0","6","142","132","6","24","6","5","89","1","0","0","0","0","0","0","1","0","0","9","7","0","0","0","2","0","0","0","0","0","0","0","0","0","0","0","0","0","0","0","0","0","0","0","0","0","0","0","0","0","0","0","0","0","0","0","1","1","0","0","0","0","0","0","0",
"1600000US0673696","Spring Valley CDP (San Diego County), California","30998","12509","18489","16771","11285","3030","77","1986","196","197","1718","1534","352","231","457","51","201","45","97","19","21","1","0","0","50","9","0","165","49","30","5","6","29","2","1","30","3","4","1","1","0","3","0","0","0","0","0","1","19","5","1","1","4","1","0","1","3","0","3","0","0","0","0","0","0","0","0","0","0","0","0","0","0",
"1600000US0673700","Spring Valley Lake CDP, California","9598","2628","6970","6573","5244","576","18","648","23","64","397","362","77","69","110","14","64","4","6","2","8","0","1","0","7","0","0","34","19","2","1","0","4","0","0","3","0","0","3","0","0","0","0","2","0","0","0","0","1","0","0","0","0","0","0","0","1","0","0","0","0","0","0","0","0","0","0","0","0","0","0","0","0",
"1600000US0673710","Springville CDP, California","967","170","797","760","728","2","11","13","0","6","37","37","3","22","5","0","6","0","1","0","0","0","0","0","0","0","0","0","0","0","0","0","0","0","0","0","0","0","0","0","0","0","0","0","0","0","0","0","0","0","0","0","0","0","0","0","0","0","0","0","0","0","0","0","0","0","0","0","0","0","0","0","0",
"1600000US0673794","Squaw Valley CDP, California","3564","750","2814","2604","2413","21","53","96","0","21","210","206","19","120","39","0","19","5","0","1","0","0","0","0","1","2","0","4","1","1","0","0","1","0","0","1","0","0","0","0","0","0","0","0","0","0","0","0","0","0","0","0","0","0","0","0","0","0","0","0","0","0","0","0","0","0","0","0","0","0","0","0","0",
"1600000US0673815","Squirrel Mountain Valley CDP, California","760","50","710","675","629","3","28","7","0","8","35","32","3","15","3","0","11","0","0","0","0","0","0","0","0","0","0","3","2","0","0","0","0","0","0","0","0","0","0","0","0","0","0","0","0","1","0","0","0","0","0","0","0","0","0","0","0","0","0","0","0","0","0","0","0","0","0","0","0","0","0","0","0",
"1600000US0673868","Stallion Springs CDP, California","3139","517","2622","2457","2334","29","23","51","2","18","165","158","7","89","23","0","34","1","0","1","1","0","1","0","0","1","0","7","3","0","0","1","3","0","0","0","0","0","0","0","0","0","0","0","0","0","0","0","0","0","0","0","0","0","0","0","0","0","0","0","0","0","0","0","0","0","0","0","0","0","0","0","0",
"1600000US0673906","Stanford CDP, California","21150","2447","18703","17220","10496","1061","23","5198","238","204","1483","1403","113","254","852","7","128","3","11","1","18","0","3","2","11","0","0","79","2","0","0","0","9","0","1","63","4","0","0","0","0","0","0","0","0","0","0","0","1","0","0","0","0","0","0","1","0","0","0","0","0","0","0","0","0","0","0","0","0","0","0","0","0",
"1600000US0673962","Stanton city, California","37962","18807","19155","18348","5968","666","58","11250","208","198","807","720","91","164","245","29","89","13","20","5","13","4","0","0","35","11","1","78","5","5","0","7","8","1","2","39","5","0","0","1","1","2","1","0","1","0","0","0","9","5","0","0","3","1","0","0","0","0","0","0","0","0","0","0","0","0","0","0","0","0","0","0","0",
"1600000US0674021","Stebbins CDP, California","1423","1002","421","391","369","5","3","4","0","10","30","30","7","20","1","0","1","1","0","0","0","0","0","0","0","0","0","0","0","0","0","0","0","0","0","0","0","0","0","0","0","0","0","0","0","0","0","0","0","0","0","0","0","0","0","0","0","0","0","0","0","0","0","0","0","0","0","0","0","0","0","0","0",
"1600000US0674130","Stevenson Ranch CDP, California","20178","3629","16549","15506","9094","790","37","5402","26","157","1043","969","126","97","487","13","149","12","25","0","15","0","0","0","20","25","0","66","14","20","0","3","7","0","1","19","1","0","1","0","0","0","0","0","0","0","0","0","6","1","0","0","2","3","0","0","0","0","0","0","0","0","0","0","2","0","2","0","0","0","0","0","0",
"1600000US0674144","Stevinson CDP, California","275","133","142","138","137","0","0","0","1","0","4","4","0","2","0","0","0","0","0","0","0","2","0","0","0","0","0","0","0","0","0","0","0","0","0","0","0","0","0","0","0","0","0","0","0","0","0","0","0","0","0","0","0","0","0","0","0","0","0","0","0","0","0","0","0","0","0","0","0","0","0","0","0",
"1600000US0674172","Stinson Beach CDP, California","541","29","512","487","459","3","3","13","1","8","25","23","6","10","4","0","3","0","0","0","0","0","0","0","0","0","0","2","1","0","0","0","1","0","0","0","0","0","0","0","0","0","0","0","0","0","0","0","0","0","0","0","0","0","0","0","0","0","0","0","0","0","0","0","0","0","0","0","0","0","0","0","0",
"1600000US0674186","Stirling City CDP, California","284","41","243","200","188","2","5","1","0","4","43","43","2","13","0","0","23","0","0","0","0","0","0","5","0","0","0","0","0","0","0","0","0","0","0","0","0","0","0","0","0","0","0","0","0","0","0","0","0","0","0","0","0","0","0","0","0","0","0","0","0","0","0","0","0","0","0","0","0","0","0","0","0",
"1600000US0675000","Stockton city, California","320804","141601","179203","165966","54765","38178","1237","67738","2440","1608","13237","11729","2673","1746","3277","251","839","582","941","153","229","201","7","18","591","135","86","1326","408","236","26","44","172","26","17","247","20","3","33","8","15","46","13","7","5","0","0","0","166","77","24","26","23","2","0","10","4","0","0","0","0","0","0","0","16","13","3","0","0","0","0","0","0",
"1600000US0675122","Stones Landing CDP, California","86","4","82","76","73","1","1","0","1","0","6","6","2","2","1","0","0","0","0","0","1","0","0","0","0","0","0","0","0","0","0","0","0","0","0","0","0","0","0","0","0","0","0","0","0","0","0","0","0","0","0","0","0","0","0","0","0","0","0","0","0","0","0","0","0","0","0","0","0","0","0","0","0",
"1600000US0675154","Stonyford CDP, California","133","19","114","103","83","10","3","1","1","5","11","8","0","4","0","0","2","0","0","0","0","0","2","0","0","0","0","1","0","0","0","0","0","0","0","1","0","0","0","0","0","0","0","0","0","0","0","0","2","2","0","0","0","0","0","0","0","0","0","0","0","0","0","0","0","0","0","0","0","0","0","0","0",
"1600000US0675252","Stratford CDP, California","1121","970","151","142","122","5","5","2","0","8","9","7","1","1","0","0","3","0","0","0","2","0","0","0","0","0","0","2","0","1","0","1","0","0","0","0","0","0","0","0","0","0","0","0","0","0","0","0","0","0","0","0","0","0","0","0","0","0","0","0","0","0","0","0","0","0","0","0","0","0","0","0","0",
"1600000US0675280","Strathmore CDP, California","2830","2348","482","452","420","0","18","3","1","10","30","28","0","23","0","0","4","0","0","0","0","0","0","0","1","0","0","2","0","2","0","0","0","0","0","0","0","0","0","0","0","0","0","0","0","0","0","0","0","0","0","0","0","0","0","0","0","0","0","0","0","0","0","0","0","0","0","0","0","0","0","0","0",
"1600000US0675315","Strawberry CDP (Marin County), California","5447","493","4954","4635","3747","70","11","768","10","29","319","299","28","29","148","10","79","1","2","0","1","0","0","0","1","0","0","18","6","6","0","0","1","0","0","4","1","0","0","0","0","0","0","0","0","0","0","0","2","2","0","0","0","0","0","0","0","0","0","0","0","0","0","0","0","0","0","0","0","0","0","0","0",
"1600000US0675322","Strawberry CDP (Tuolumne County), California","87","1","86","81","80","0","1","0","0","0","5","4","0","1","0","3","0","0","0","0","0","0","0","0","0","0","0","1","0","0","0","0","0","0","0","0","0","0","0","0","0","0","1","0","0","0","0","0","0","0","0","0","0","0","0","0","0","0","0","0","0","0","0","0","0","0","0","0","0","0","0","0","0",
"1600000US0675592","Sugarloaf Saw Mill CDP, California","14","2","12","12","12","0","0","0","0","0","0","0","0","0","0","0","0","0","0","0","0","0","0","0","0","0","0","0","0","0","0","0","0","0","0","0","0","0","0","0","0","0","0","0","0","0","0","0","0","0","0","0","0","0","0","0","0","0","0","0","0","0","0","0","0","0","0","0","0","0","0","0","0",
"1600000US0675596","Sugarloaf Village CDP, California","7","1","6","6","6","0","0","0","0","0","0","0","0","0","0","0","0","0","0","0","0","0","0","0","0","0","0","0","0","0","0","0","0","0","0","0","0","0","0","0","0","0","0","0","0","0","0","0","0","0","0","0","0","0","0","0","0","0","0","0","0","0","0","0","0","0","0","0","0","0","0","0","0",
"1600000US0675630","Suisun City city, California","29518","8585","20933","18659","6854","5395","104","5730","364","212","2274","1962","401","251","587","91","111","72","197","35","60","11","1","0","116","13","16","282","74","61","9","12","20","14","1","65","3","0","1","1","3","5","4","2","0","0","0","7","29","11","0","10","1","1","2","3","0","0","1","0","0","0","0","0","1","0","0","0","1","0","0","0","0",
"1600000US0675672","Sultana CDP, California","779","716","63","58","47","3","0","1","0","7","5","5","0","4","0","1","0","0","0","0","0","0","0","0","0","0","0","0","0","0","0","0","0","0","0","0","0","0","0","0","0","0","0","0","0","0","0","0","0","0","0","0","0","0","0","0","0","0","0","0","0","0","0","0","0","0","0","0","0","0","0","0","0",
"1600000US0675714","Summerland CDP, California","1222","160","1062","1009","954","6","6","36","4","3","53","45","4","15","12","0","12","1","0","0","0","0","0","0","1","0","0","8","1","3","0","0","0","0","2","0","1","0","0","1","0","0","0","0","0","0","0","0","0","0","0","0","0","0","0","0","0","0","0","0","0","0","0","0","0","0","0","0","0","0","0","0","0",
"1600000US0675994","Sunnyside CDP, California","4627","2019","2608","2449","1613","134","16","663","2","21","159","142","29","39","36","0","29","4","5","0","0","0","0","0","0","0","0","16","3","1","0","2","3","1","0","3","2","0","0","0","0","1","0","0","0","0","0","0","1","0","0","1","0","0","0","0","0","0","0","0","0","0","0","0","0","0","0","0","0","0","0","0","0",
"1600000US0676015","Sunnyside-Tahoe City CDP, California","1555","115","1440","1366","1335","0","1","17","1","12","74","73","3","12","27","4","23","1","0","1","2","0","0","0","0","0","0","1","0","0","0","0","1","0","0","0","0","0","0","0","0","0","0","0","0","0","0","0","0","0","0","0","0","0","0","0","0","0","0","0","0","0","0","0","0","0","0","0","0","0","0","0","0",
"1600000US0676040","Sunny Slopes CDP, California","139","12","127","122","114","0","5","0","2","1","5","5","0","0","0","0","3","0","0","0","1","1","0","0","0","0","0","0","0","0","0","0","0","0","0","0","0","0","0","0","0","0","0","0","0","0","0","0","0","0","0","0","0","0","0","0","0","0","0","0","0","0","0","0","0","0","0","0","0","0","0","0","0",
"1600000US0677000","Sunnyvale city, California","155805","25372","130433","124432","43281","2134","187","77552","439","839","6001","5651","409","458","3483","88","789","26","86","10","28","33","1","5","182","51","2","314","50","36","11","30","43","2","4","107","21","2","5","2","0","0","1","0","0","0","0","0","32","8","0","8","2","3","0","6","2","0","3","0","0","0","0","0","3","3","0","0","0","0","0","1","1",
"1600000US0677042","Sunol CDP, California","922","143","779","740","618","4","1","105","5","7","39","35","5","5","12","2","7","0","0","0","0","0","0","0","1","3","0","4","0","3","0","1","0","0","0","0","0","0","0","0","0","0","0","0","0","0","0","0","0","0","0","0","0","0","0","0","0","0","0","0","0","0","0","0","0","0","0","0","0","0","0","0","0",
"1600000US0677308","Sun Village CDP, California","12345","9302","3043","2809","2123","536","27","73","5","45","234","213","58","47","29","3","22","12","16","0","20","0","0","3","0","3","0","18","8","1","0","2","1","0","1","4","0","0","0","0","1","0","0","0","0","0","0","0","3","1","0","2","0","0","0","0","0","0","0","0","0","0","0","0","0","0","0","0","0","0","0","0","0",
"1600000US0677364","Susanville city, California","16728","5299","11429","10730","7708","1921","467","312","257","65","699","654","78","233","92","30","82","3","9","0","0","0","1","1","124","1","0","35","7","2","0","4","5","4","3","7","0","1","0","1","0","0","0","0","1","0","0","0","9","0","0","0","5","0","3","1","0","0","0","0","0","0","0","0","1","0","1","0","0","0","0","0","0",
"1600000US0677378","Sutter CDP, California","2997","498","2499","2280","2188","6","40","28","0","18","219","216","10","134","42","3","23","0","1","0","0","1","1","0","1","0","0","0","0","0","0","0","0","0","0","0","0","0","0","0","0","0","0","0","0","0","0","0","2","0","0","2","0","0","0","0","0","0","0","0","0","0","0","0","1","0","0","1","0","0","0","0","0",
"1600000US0677392","Sutter Creek city, California","2646","312","2334","2176","2060","15","42","51","0","8","158","155","13","77","28","6","27","1","0","0","0","2","0","1","0","0","0","3","1","1","0","0","1","0","0","0","0","0","0","0","0","0","0","0","0","0","0","0","0","0","0","0","0","0","0","0","0","0","0","0","0","0","0","0","0","0","0","0","0","0","0","0","0",
"1600000US0677430","Swall Meadows CDP, California","178","12","166","155","149","0","2","3","1","0","11","11","0","1","3","0","6","0","0","0","0","1","0","0","0","0","0","0","0","0","0","0","0","0","0","0","0","0","0","0","0","0","0","0","0","0","0","0","0","0","0","0","0","0","0","0","0","0","0","0","0","0","0","0","0","0","0","0","0","0","0","0","0",
"1600000US0677574","Taft city, California","8546","3724","4822","4534","4149","133","61","136","36","19","288","281","39","149","41","3","31","4","0","1","0","2","0","0","10","1","0","6","3","0","1","1","0","0","0","0","0","0","1","0","0","0","0","0","0","0","0","0","0","0","0","0","0","0","0","0","0","0","0","0","0","0","0","0","1","0","1","0","0","0","0","0","0",
"1600000US0677588","Taft Heights CDP, California","1999","740","1259","1172","1112","14","18","9","12","7","87","76","5","56","8","0","6","0","0","1","0","0","0","0","0","0","0","11","4","0","2","0","3","0","0","2","0","0","0","0","0","0","0","0","0","0","0","0","0","0","0","0","0","0","0","0","0","0","0","0","0","0","0","0","0","0","0","0","0","0","0","0","0",
"1600000US0677595","Taft Mosswood CDP, California","1636","1204","432","402","57","118","5","207","6","9","30","22","3","1","6","0","1","2","2","0","4","1","0","0","2","0","0","8","3","0","0","1","2","0","0","0","1","0","1","0","0","0","0","0","0","0","0","0","0","0","0","0","0","0","0","0","0","0","0","0","0","0","0","0","0","0","0","0","0","0","0","0","0",
"1600000US0677700","Tahoe Vista CDP, California","1392","414","978","936","902","0","8","16","0","10","42","37","5","8","6","3","15","0","0","0","0","0","0","0","0","0","0","5","0","1","0","0","0","0","0","2","0","0","2","0","0","0","0","0","0","0","0","0","0","0","0","0","0","0","0","0","0","0","0","0","0","0","0","0","0","0","0","0","0","0","0","0","0",
"1600000US0677728","Tahoma CDP, California","1034","54","980","907","892","3","1","6","1","4","73","64","11","21","9","0","23","0","0","0","0","0","0","0","0","0","0","8","1","2","0","0","0","1","0","2","0","0","1","0","0","0","0","0","0","0","0","1","1","0","0","1","0","0","0","0","0","0","0","0","0","0","0","0","0","0","0","0","0","0","0","0","0",
"1600000US0677784","Talmage CDP, California","986","366","620","587","353","4","25","203","2","0","33","33","4","14","4","0","7","2","0","0","0","0","0","0","0","2","0","0","0","0","0","0","0","0","0","0","0","0","0","0","0","0","0","0","0","0","0","0","0","0","0","0","0","0","0","0","0","0","0","0","0","0","0","0","0","0","0","0","0","0","0","0","0",
"1600000US0677805","Tamalpais-Homestead Valley CDP, California","11492","843","10649","9873","9115","72","15","590","7","74","776","748","71","78","382","7","187","1","4","1","4","1","0","0","3","9","0","24","6","2","0","4","0","3","0","5","1","0","1","0","1","0","0","0","1","0","0","0","4","2","1","1","0","0","0","0","0","0","0","0","0","0","0","0","0","0","0","0","0","0","0","0","0",
"1600000US0677860","Tancred CDP, California","89","36","53","42","42","0","0","0","0","0","11","9","0","1","0","0","2","4","0","0","0","0","0","1","0","0","1","1","0","0","0","0","0","0","0","0","0","0","0","0","0","0","0","0","0","1","0","0","0","0","0","0","0","0","0","0","0","0","0","0","0","0","0","0","1","0","0","1","0","0","0","0","0",
"1600000US0677924","Tara Hills CDP, California","5364","2205","3159","2926","1146","594","18","1112","15","41","233","205","33","40","46","4","34","19","14","0","4","0","0","0","6","5","0","27","6","10","0","0","2","0","0","7","0","0","0","0","0","1","1","0","0","0","0","0","1","0","0","0","0","0","0","1","0","0","0","0","0","0","0","0","0","0","0","0","0","0","0","0","0",
"1600000US0677934","Tarina CDP, California","18","1","17","14","12","0","0","1","1","0","3","2","2","0","0","0","0","0","0","0","0","0","0","0","0","0","0","0","0","0","0","0","0","0","0","0","0","0","0","0","0","0","0","0","0","0","0","0","1","0","0","0","0","1","0","0","0","0","0","0","0","0","0","0","0","0","0","0","0","0","0","0","0",
"1600000US0677960","Tarpey Village CDP, California","3997","1607","2390","2224","1707","31","26","441","10","9","166","155","15","55","42","0","33","4","0","0","3","0","0","0","1","2","0","11","2","1","1","1","1","0","0","3","0","0","0","0","0","0","0","0","2","0","0","0","0","0","0","0","0","0","0","0","0","0","0","0","0","0","0","0","0","0","0","0","0","0","0","0","0",
"1600000US0678008","Taylorsville CDP, California","123","9","114","106","97","0","9","0","0","0","8","5","2","1","0","0","0","0","0","0","0","0","0","0","2","0","0","2","0","0","0","0","0","0","0","1","0","0","0","1","0","0","0","0","0","0","0","0","1","1","0","0","0","0","0","0","0","0","0","0","0","0","0","0","0","0","0","0","0","0","0","0","0",
"1600000US0678050","Tecopa CDP, California","120","6","114","104","101","0","2","1","0","0","10","10","0","7","2","0","1","0","0","0","0","0","0","0","0","0","0","0","0","0","0","0","0","0","0","0","0","0","0","0","0","0","0","0","0","0","0","0","0","0","0","0","0","0","0","0","0","0","0","0","0","0","0","0","0","0","0","0","0","0","0","0","0",
"1600000US0678092","Tehachapi city, California","12939","4737","8202","7683","6183","1025","92","278","21","84","519","501","65","174","105","8","97","0","0","0","4","1","1","0","44","2","0","14","9","2","0","0","1","0","0","2","0","0","0","0","0","0","0","0","0","0","0","0","4","0","0","0","0","3","0","1","0","0","0","0","0","0","0","0","0","0","0","0","0","0","0","0","0",
"1600000US0678106","Tehama city, California","435","104","331","297","266","5","19","2","1","4","34","32","1","15","0","0","15","0","1","0","0","0","0","0","0","0","0","2","0","0","0","0","0","0","0","2","0","0","0","0","0","0","0","0","0","0","0","0","0","0","0","0","0","0","0","0","0","0","0","0","0","0","0","0","0","0","0","0","0","0","0","0","0",
"1600000US0678120","Temecula city, California","110003","30366","79637","72908","54222","4814","804","12051","389","628","6729","6249","912","993","2618","201","802","85","257","25","73","30","1","5","217","30","0","448","85","83","12","23","56","6","4","145","5","0","5","0","7","9","4","1","2","0","0","1","29","12","1","2","9","4","0","1","0","0","0","0","0","0","0","0","3","1","2","0","0","0","0","0","0",
"1600000US0678126","Temelec CDP, California","1500","69","1431","1400","1342","5","2","43","0","8","31","28","0","7","7","1","11","0","0","0","0","0","0","0","2","0","0","2","0","2","0","0","0","0","0","0","0","0","0","0","0","0","0","0","0","0","0","0","1","0","0","0","0","0","0","0","0","0","1","0","0","0","0","0","0","0","0","0","0","0","0","0","0",
"1600000US0678138","Temescal Valley CDP, California","26232","9071","17161","15904","10778","1988","62","2861","47","168","1257","1158","181","165","455","53","133","37","62","4","32","2","0","1","28","5","0","92","10","17","0","6","5","2","1","38","5","0","5","0","0","1","1","0","0","0","0","1","7","0","0","4","0","2","0","1","0","0","0","0","0","0","0","0","0","0","0","0","0","0","0","0","0",
"1600000US0678148","Temple City city, California","36494","7107","29387","28566","4896","260","55","23187","13","155","821","753","44","73","389","10","68","10","23","2","10","16","1","1","74","32","0","63","15","8","0","7","4","0","3","19","4","0","0","0","0","2","1","0","0","0","0","0","4","2","0","0","0","0","0","1","0","0","1","0","0","0","0","0","1","1","0","0","0","0","0","0","0",
"1600000US0678162","Templeton CDP, California","8386","1755","6631","6193","5895","43","54","160","12","29","438","405","37","148","95","13","102","1","0","0","2","0","0","1","3","3","0","29","5","3","0","1","1","0","3","16","0","0","0","0","0","0","0","0","0","0","0","0","4","0","0","0","0","1","0","1","0","0","2","0","0","0","0","0","0","0","0","0","0","0","0","0","0",
"1600000US0678176","Tennant CDP, California","63","5","58","53","53","0","0","0","0","0","5","4","1","3","0","0","0","0","0","0","0","0","0","0","0","0","0","1","1","0","0","0","0","0","0","0","0","0","0","0","0","0","0","0","0","0","0","0","0","0","0","0","0","0","0","0","0","0","0","0","0","0","0","0","0","0","0","0","0","0","0","0","0",
"1600000US0678232","Terminous CDP, California","429","60","369","339","313","3","0","16","5","2","30","26","0","20","1","0","5","0","0","0","0","0","0","0","0","0","0","4","0","0","0","0","0","0","0","4","0","0","0","0","0","0","0","0","0","0","0","0","0","0","0","0","0","0","0","0","0","0","0","0","0","0","0","0","0","0","0","0","0","0","0","0","0",
"1600000US0678288","Terra Bella CDP, California","2910","2639","271","250","164","2","12","66","2","4","21","19","2","7","0","1","7","0","0","0","1","0","0","0","0","1","0","1","1","0","0","0","0","0","0","0","0","0","0","0","0","0","0","0","0","0","0","0","1","1","0","0","0","0","0","0","0","0","0","0","0","0","0","0","0","0","0","0","0","0","0","0","0",
"1600000US0678336","Teviston CDP, California","1185","1079","106","96","52","39","1","2","0","2","10","10","3","5","2","0","0","0","0","0","0","0","0","0","0","0","0","0","0","0","0","0","0","0","0","0","0","0","0","0","0","0","0","0","0","0","0","0","0","0","0","0","0","0","0","0","0","0","0","0","0","0","0","0","0","0","0","0","0","0","0","0","0",
"1600000US0678456","Thermal CDP, California","2676","2530","146","132","82","13","2","23","0","12","14","12","1","7","0","1","1","0","0","0","2","0","0","0","0","0","0","1","0","0","0","0","0","0","0","1","0","0","0","0","0","0","0","0","0","0","0","0","1","1","0","0","0","0","0","0","0","0","0","0","0","0","0","0","0","0","0","0","0","0","0","0","0",
"1600000US0678470","Thermalito CDP, California","7198","804","6394","5947","4195","72","202","1429","17","32","447","420","41","269","21","13","57","0","0","0","2","3","2","0","12","0","0","27","8","1","0","1","3","4","0","5","4","0","0","0","1","0","0","0","0","0","0","0","0","0","0","0","0","0","0","0","0","0","0","0","0","0","0","0","0","0","0","0","0","0","0","0","0",
"1600000US0678568","Thornton CDP, California","1004","654","350","326","231","38","5","50","2","0","24","21","2","11","5","0","2","0","0","0","1","0","0","0","0","0","0","3","3","0","0","0","0","0","0","0","0","0","0","0","0","0","0","0","0","0","0","0","0","0","0","0","0","0","0","0","0","0","0","0","0","0","0","0","0","0","0","0","0","0","0","0","0",
"1600000US0678582","Thousand Oaks city, California","126966","25260","101706","95243","79866","1707","226","12517","159","768","6463","6074","630","1016","2802","129","1216","13","88","2","42","18","2","3","86","21","6","357","70","62","4","24","37","13","9","123","7","0","1","0","0","2","0","0","5","0","0","0","28","9","4","4","2","1","5","3","0","0","0","0","0","0","0","0","4","0","4","0","0","0","0","0","0",
"1600000US0678596","Thousand Palms CDP, California","7967","4734","3233","3081","2748","89","26","197","0","21","152","129","13","44","30","3","20","0","7","1","0","1","0","0","8","1","1","21","5","7","0","0","4","1","0","1","0","0","1","0","0","2","0","0","0","0","0","0","2","0","0","1","1","0","0","0","0","0","0","0","0","0","0","0","0","0","0","0","0","0","0","0","0",
"1600000US0678638","Three Rivers CDP, California","2053","273","1780","1662","1606","6","7","27","2","14","118","113","6","53","17","1","33","0","0","0","3","0","0","0","0","0","0","2","0","0","0","0","0","0","0","0","1","0","0","0","0","1","0","0","0","0","0","0","2","0","0","2","0","0","0","0","0","0","0","0","0","0","0","0","1","0","1","0","0","0","0","0","0",
"1600000US0678652","Three Rocks CDP, California","248","245","3","3","1","0","0","0","0","2","0","0","0","0","0","0","0","0","0","0","0","0","0","0","0","0","0","0","0","0","0","0","0","0","0","0","0","0","0","0","0","0","0","0","0","0","0","0","0","0","0","0","0","0","0","0","0","0","0","0","0","0","0","0","0","0","0","0","0","0","0","0","0",
"1600000US0678666","Tiburon town, California","9146","582","8564","8000","7133","84","6","683","13","81","564","523","57","50","281","10","106","4","0","0","5","0","0","0","2","8","0","39","6","6","0","5","8","0","0","8","6","0","0","0","0","0","0","0","0","0","0","0","1","0","0","0","0","0","0","1","0","0","0","0","0","0","0","0","1","1","0","0","0","0","0","0","0",
"1600000US0678715","Timber Cove CDP, California","171","30","141","130","117","1","4","0","2","6","11","6","0","4","0","0","1","0","1","0","0","0","0","0","0","0","0","5","0","0","0","0","0","0","0","5","0","0","0","0","0","0","0","0","0","0","0","0","0","0","0","0","0","0","0","0","0","0","0","0","0","0","0","0","0","0","0","0","0","0","0","0","0",
"1600000US0678750","Tipton CDP, California","2519","2204","315","294","267","10","4","3","0","10","21","17","2","5","5","3","0","1","1","0","0","0","0","0","0","0","0","4","0","0","0","1","0","0","0","3","0","0","0","0","0","0","0","0","0","0","0","0","0","0","0","0","0","0","0","0","0","0","0","0","0","0","0","0","0","0","0","0","0","0","0","0","0",
"1600000US0678792","Tobin CDP, California","19","3","16","16","14","0","1","0","0","1","0","0","0","0","0","0","0","0","0","0","0","0","0","0","0","0","0","0","0","0","0","0","0","0","0","0","0","0","0","0","0","0","0","0","0","0","0","0","0","0","0","0","0","0","0","0","0","0","0","0","0","0","0","0","0","0","0","0","0","0","0","0","0",
"1600000US0678890","Tomales CDP, California","187","14","173","166","157","0","4","4","0","1","7","5","0","1","1","1","2","0","0","0","0","0","0","0","0","0","0","2","1","0","0","1","0","0","0","0","0","0","0","0","0","0","0","0","0","0","0","0","0","0","0","0","0","0","0","0","0","0","0","0","0","0","0","0","0","0","0","0","0","0","0","0","0",
"1600000US0678932","Tonyville CDP, California","329","321","8","5","3","0","0","1","0","1","3","2","0","1","0","0","1","0","0","0","0","0","0","0","0","0","0","1","0","0","0","0","0","0","0","1","0","0","0","0","0","0","0","0","0","0","0","0","0","0","0","0","0","0","0","0","0","0","0","0","0","0","0","0","0","0","0","0","0","0","0","0","0",
"1600000US0678949","Tooleville CDP, California","286","253","33","26","18","0","1","6","0","1","7","7","2","0","0","1","3","1","0","0","0","0","0","0","0","0","0","0","0","0","0","0","0","0","0","0","0","0","0","0","0","0","0","0","0","0","0","0","0","0","0","0","0","0","0","0","0","0","0","0","0","0","0","0","0","0","0","0","0","0","0","0","0",
"1600000US0678960","Topanga CDP, California","8560","759","7801","7278","6656","112","24","411","6","69","523","494","74","80","212","3","96","4","10","0","1","0","0","0","11","3","0","29","3","5","0","0","8","2","1","5","2","0","0","0","0","1","2","0","0","0","0","0","0","0","0","0","0","0","0","0","0","0","0","0","0","0","0","0","0","0","0","0","0","0","0","0","0",
"1600000US0679030","Topaz CDP, California","150","46","104","93","87","1","5","0","0","0","11","11","0","9","0","0","2","0","0","0","0","0","0","0","0","0","0","0","0","0","0","0","0","0","0","0","0","0","0","0","0","0","0","0","0","0","0","0","0","0","0","0","0","0","0","0","0","0","0","0","0","0","0","0","0","0","0","0","0","0","0","0","0",
"1600000US0679529","Toro Canyon CDP, California","1835","347","1488","1414","1342","16","0","42","2","12","74","71","10","12","19","0","27","1","0","0","0","0","0","0","1","1","0","2","0","0","0","0","1","0","0","1","0","0","0","0","0","0","0","0","0","0","0","0","1","0","0","0","0","1","0","0","0","0","0","0","0","0","0","0","0","0","0","0","0","0","0","0","0",
"1600000US0680000","Torrance city, California","147067","28080","118987","110289","51913","4781","235","51857","523","980","8698","8119","743","676","4374","177","1248","83","239","22","109","37","6","6","301","95","3","532","86","94","7","30","70","7","5","187","19","1","6","2","4","6","7","0","0","0","0","1","44","22","6","2","4","7","0","1","1","0","0","0","0","1","0","0","3","1","2","0","0","0","0","0","0",
"1600000US0680210","Trabuco Canyon CDP, California","1020","158","862","801","718","12","2","62","0","7","61","53","0","11","23","1","10","1","2","0","1","0","0","0","1","3","0","8","0","1","2","0","1","0","0","2","0","0","1","0","0","0","1","0","0","0","0","0","0","0","0","0","0","0","0","0","0","0","0","0","0","0","0","0","0","0","0","0","0","0","0","0","0",
"1600000US0680238","Tracy city, California","93000","35997","57003","52034","25117","5737","310","19339","897","634","4969","4548","674","678","1818","173","429","92","210","40","43","38","4","7","204","100","38","381","67","65","17","20","33","16","2","113","6","1","1","8","0","23","5","0","2","0","0","2","31","21","4","0","2","1","0","3","0","0","0","0","0","0","0","0","9","9","0","0","0","0","0","0","0",
"1600000US0680266","Tranquillity CDP, California","805","694","111","99","90","2","0","1","0","6","12","12","0","10","1","0","0","0","1","0","0","0","0","0","0","0","0","0","0","0","0","0","0","0","0","0","0","0","0","0","0","0","0","0","0","0","0","0","0","0","0","0","0","0","0","0","0","0","0","0","0","0","0","0","0","0","0","0","0","0","0","0","0",
"1600000US0680280","Traver CDP, California","731","647","84","71","66","0","1","0","0","4","13","12","0","7","4","0","1","0","0","0","0","0","0","0","0","0","0","1","0","0","0","0","1","0","0","0","0","0","0","0","0","0","0","0","0","0","0","0","0","0","0","0","0","0","0","0","0","0","0","0","0","0","0","0","0","0","0","0","0","0","0","0","0",
"1600000US0680364","Tres Pinos CDP, California","443","143","300","282","259","5","1","9","0","8","18","17","0","9","1","1","4","0","0","0","1","0","0","0","1","0","0","0","0","0","0","0","0","0","0","0","0","0","0","0","0","0","0","0","0","0","0","0","1","0","0","0","0","0","0","0","0","0","0","0","1","0","0","0","0","0","0","0","0","0","0","0","0",
"1600000US0680448","Trinidad city, California","307","10","297","267","258","1","3","1","0","4","30","29","0","14","1","0","14","0","0","0","0","0","0","0","0","0","0","1","0","0","0","0","0","1","0","0","0","0","0","0","0","0","0","0","0","0","0","0","0","0","0","0","0","0","0","0","0","0","0","0","0","0","0","0","0","0","0","0","0","0","0","0","0",
"1600000US0680476","Trinity Center CDP, California","198","5","193","182","177","0","4","0","0","1","11","8","0","6","0","0","2","0","0","0","0","0","0","0","0","0","0","2","0","0","0","0","1","0","1","0","0","0","0","0","0","0","0","0","0","0","0","0","1","0","0","0","0","0","0","0","0","0","0","0","0","0","0","1","0","0","0","0","0","0","0","0","0",
"1600000US0680483","Trinity Village CDP, California","278","21","257","236","213","0","13","4","3","3","21","18","1","12","1","0","4","0","0","0","0","0","0","0","0","0","0","3","0","0","0","0","0","0","3","0","0","0","0","0","0","0","0","0","0","0","0","0","0","0","0","0","0","0","0","0","0","0","0","0","0","0","0","0","0","0","0","0","0","0","0","0","0",
"1600000US0680515","Trona CDP, California","11","0","11","11","11","0","0","0","0","0","0","0","0","0","0","0","0","0","0","0","0","0","0","0","0","0","0","0","0","0","0","0","0","0","0","0","0","0","0","0","0","0","0","0","0","0","0","0","0","0","0","0","0","0","0","0","0","0","0","0","0","0","0","0","0","0","0","0","0","0","0","0","0",
"1600000US0680560","Trowbridge CDP, California","229","34","195","177","171","3","0","3","0","0","18","18","2","13","0","0","0","1","2","0","0","0","0","0","0","0","0","0","0","0","0","0","0","0","0","0","0","0","0","0","0","0","0","0","0","0","0","0","0","0","0","0","0","0","0","0","0","0","0","0","0","0","0","0","0","0","0","0","0","0","0","0","0",
"1600000US0680588","Truckee town, California","16729","3128","13601","12848","12409","28","42","264","9","96","753","721","53","172","206","13","257","0","1","0","0","6","3","0","7","3","0","24","8","2","0","0","6","1","0","6","0","0","0","0","0","0","0","1","0","0","0","0","8","2","0","1","1","1","0","0","0","0","0","3","0","0","0","0","0","0","0","0","0","0","0","0","0",
"1600000US0680644","Tulare city, California","68875","43617","25258","23539","19382","1788","340","1581","60","388","1719","1587","253","598","256","47","338","36","11","1","7","9","0","5","10","15","1","120","44","12","0","7","19","11","2","17","1","3","0","0","1","1","0","0","2","0","0","0","9","1","0","2","1","0","0","2","0","0","3","0","0","0","0","0","3","2","0","1","0","0","0","0","0",
"1600000US0680686","Tulelake city, California","902","677","225","209","201","2","2","3","1","0","16","15","2","4","2","0","5","1","0","0","0","0","0","0","1","0","0","0","0","0","0","0","0","0","0","0","0","0","0","0","0","0","0","0","0","0","0","0","0","0","0","0","0","0","0","0","0","0","0","0","0","0","0","0","1","1","0","0","0","0","0","0","0",
"1600000US0680763","Tuolumne City CDP, California","1798","243","1555","1430","1339","6","64","12","6","3","125","117","16","63","6","2","27","0","0","1","0","1","0","0","0","0","1","8","3","0","0","0","0","2","0","3","0","0","0","0","0","0","0","0","0","0","0","0","0","0","0","0","0","0","0","0","0","0","0","0","0","0","0","0","0","0","0","0","0","0","0","0","0",
"1600000US0680784","Tupman CDP, California","177","24","153","136","131","2","0","0","0","3","17","17","0","13","2","0","2","0","0","0","0","0","0","0","0","0","0","0","0","0","0","0","0","0","0","0","0","0","0","0","0","0","0","0","0","0","0","0","0","0","0","0","0","0","0","0","0","0","0","0","0","0","0","0","0","0","0","0","0","0","0","0","0",
"1600000US0680812","Turlock city, California","72740","29965","42775","39822","32240","1354","331","5277","262","358","2953","2772","318","739","914","85","454","27","31","8","22","16","4","2","91","33","28","166","36","20","13","3","27","4","0","44","4","2","2","1","0","6","0","0","2","0","0","2","10","1","0","1","3","1","0","1","0","0","3","0","0","0","0","0","5","0","3","0","2","0","0","0","0",
"1600000US0680854","Tustin city, California","80276","32712","47564","44269","22901","1619","95","19043","193","418","3295","3090","363","352","1642","57","408","25","67","4","16","4","5","2","105","39","1","187","35","29","3","14","38","3","4","41","9","0","2","1","1","3","3","1","0","0","0","0","15","4","1","2","4","0","0","4","0","0","0","0","0","0","0","0","3","0","1","0","2","0","0","0","0",
"1600000US0680882","Tuttle CDP, California","102","54","48","39","26","4","1","6","0","2","9","9","1","3","2","1","0","0","2","0","0","0","0","0","0","0","0","0","0","0","0","0","0","0","0","0","0","0","0","0","0","0","0","0","0","0","0","0","0","0","0","0","0","0","0","0","0","0","0","0","0","0","0","0","0","0","0","0","0","0","0","0","0",
"1600000US0680896","Tuttletown CDP, California","787","81","706","660","618","8","14","10","2","8","46","42","0","31","1","4","2","1","2","0","0","0","0","0","1","0","0","4","0","0","0","0","0","0","0","3","0","0","0","0","0","0","1","0","0","0","0","0","0","0","0","0","0","0","0","0","0","0","0","0","0","0","0","0","0","0","0","0","0","0","0","0","0",
"1600000US0680952","Twain CDP, California","75","4","71","69","62","0","5","1","0","1","2","1","0","1","0","0","0","0","0","0","0","0","0","0","0","0","0","1","1","0","0","0","0","0","0","0","0","0","0","0","0","0","0","0","0","0","0","0","0","0","0","0","0","0","0","0","0","0","0","0","0","0","0","0","0","0","0","0","0","0","0","0","0",
"1600000US0680966","Twain Harte CDP, California","2378","189","2189","2062","2001","4","13","20","4","20","127","124","4","54","21","2","43","0","0","0","0","0","0","0","0","0","0","3","0","2","0","0","0","0","0","1","0","0","0","0","0","0","0","0","0","0","0","0","0","0","0","0","0","0","0","0","0","0","0","0","0","0","0","0","0","0","0","0","0","0","0","0","0",
"1600000US0680994","Twentynine Palms city, California","28065","6851","21214","19431","14045","2956","281","1599","336","214","1783","1634","421","431","382","46","161","37","67","16","22","8","0","2","40","0","1","136","54","18","5","7","6","0","1","38","2","0","0","0","0","2","2","0","0","0","0","1","13","1","0","9","1","1","0","0","0","0","0","0","1","0","0","0","0","0","0","0","0","0","0","0","0",
"1600000US0681048","Twin Lakes CDP (Mono County), California","45","4","41","40","40","0","0","0","0","0","1","1","0","1","0","0","0","0","0","0","0","0","0","0","0","0","0","0","0","0","0","0","0","0","0","0","0","0","0","0","0","0","0","0","0","0","0","0","0","0","0","0","0","0","0","0","0","0","0","0","0","0","0","0","0","0","0","0","0","0","0","0","0",
"1600000US0681050","Twin Lakes CDP (Santa Cruz County), California","4944","1212","3732","3422","3178","64","13","139","6","22","310","278","36","78","82","7","63","0","0","0","4","0","0","0","5","3","0","31","11","0","0","1","6","2","0","8","0","1","1","0","0","0","0","0","0","1","0","0","0","0","0","0","0","0","0","0","0","0","0","0","0","0","0","0","1","1","0","0","0","0","0","0","0",
"1600000US0681134","Ukiah city, California","16607","5443","11164","10241","8975","172","481","498","26","89","923","873","140","386","136","17","145","10","3","0","2","13","0","1","15","2","3","44","7","15","2","0","12","0","2","1","0","1","1","0","1","0","2","0","0","0","0","0","2","1","0","0","0","1","0","0","0","0","0","0","0","0","0","0","4","0","4","0","0","0","0","0","0",
"1600000US0681204","Union City city, California","70143","15080","55063","52132","7693","3006","113","40270","774","276","2931","2676","166","173","1445","68","115","58","177","20","28","29","1","1","262","100","33","214","39","36","3","13","18","2","0","75","6","0","2","0","2","11","5","0","0","0","0","2","37","21","2","5","4","1","0","2","0","0","1","0","0","0","0","1","4","3","0","0","0","1","0","0","0",
"1600000US0681302","University of California-Davis CDP, California","8525","1409","7116","6752","4046","339","102","2079","155","31","364","315","18","41","218","6","22","0","2","0","5","0","0","0","2","1","0","48","0","43","0","0","0","0","0","2","3","0","0","0","0","0","0","0","0","0","0","0","1","1","0","0","0","0","0","0","0","0","0","0","0","0","0","0","0","0","0","0","0","0","0","0","0",
"1600000US0681312","University of California-Merced CDP, California","0","0","0","0","0","0","0","0","0","0","0","0","0","0","0","0","0","0","0","0","0","0","0","0","0","0","0","0","0","0","0","0","0","0","0","0","0","0","0","0","0","0","0","0","0","0","0","0","0","0","0","0","0","0","0","0","0","0","0","0","0","0","0","0","0","0","0","0","0","0","0","0","0",
"1600000US0681316","University of California-Santa Barbara CDP, California","9710","1857","7853","7514","3661","118","4","3656","4","71","339","334","120","15","163","0","27","0","0","0","4","0","0","0","3","2","0","4","1","0","0","0","2","0","0","0","0","0","0","1","0","0","0","0","0","0","0","0","1","0","0","1","0","0","0","0","0","0","0","0","0","0","0","0","0","0","0","0","0","0","0","0","0",
"1600000US0681344","Upland city, California","79040","35190","43850","41098","27742","4784","195","7782","147","448","2752","2531","455","502","868","62","337","57","73","12","45","10","6","13","65","25","1","198","69","32","4","15","18","3","3","34","4","0","8","1","2","0","1","3","0","0","0","1","22","10","0","4","1","3","0","1","1","0","0","2","0","0","0","0","1","0","1","0","0","0","0","0","0",
"1600000US0681358","Upper Lake CDP, California","1095","340","755","674","628","3","35","0","0","8","81","78","3","60","10","2","3","0","0","0","0","0","0","0","0","0","0","2","0","0","0","0","2","0","0","0","0","0","0","0","0","0","0","0","0","0","0","0","1","0","1","0","0","0","0","0","0","0","0","0","0","0","0","0","0","0","0","0","0","0","0","0","0",
"1600000US0681554","Vacaville city, California","102386","27402","74984","67247","47338","9386","395","8800","663","665","7737","6864","1132","1337","2319","257","822","151","283","37","64","35","10","4","344","45","24","782","144","185","31","32","86","17","19","191","9","0","13","2","1","35","9","2","0","0","0","6","84","27","10","5","17","6","0","12","0","0","6","0","1","0","0","0","7","3","4","0","0","0","0","0","0",
"1600000US0681638","Valinda CDP, California","22437","16847","5590","5389","1117","281","47","3815","44","85","201","174","14","39","47","1","16","2","10","4","9","3","0","3","24","2","0","23","7","2","0","3","3","1","1","3","2","0","1","0","0","0","0","0","0","0","0","0","4","3","1","0","0","0","0","0","0","0","0","0","0","0","0","0","0","0","0","0","0","0","0","0","0",
"1600000US0681652","Vallecito CDP, California","442","31","411","386","368","3","7","2","1","5","25","24","4","11","2","0","7","0","0","0","0","0","0","0","0","0","0","1","0","0","0","0","0","0","0","1","0","0","0","0","0","0","0","0","0","0","0","0","0","0","0","0","0","0","0","0","0","0","0","0","0","0","0","0","0","0","0","0","0","0","0","0","0",
"1600000US0681666","Vallejo city, California","126090","35835","90255","82761","26440","24446","431","29152","1255","1037","7494","6568","1449","734","1809","213","521","360","576","126","174","25","14","11","452","74","30","820","206","148","39","50","73","14","15","177","14","0","10","7","1","49","6","1","2","0","0","8","97","36","8","7","17","6","0","13","0","0","5","2","0","1","2","0","6","1","5","0","0","0","0","3","3",
"1600000US0681708","Valle Vista CDP, California","16194","6905","9289","8620","7371","734","147","276","27","65","669","626","126","194","118","15","115","19","12","5","12","1","0","0","9","0","0","35","8","2","0","3","2","2","0","11","4","1","0","0","2","0","0","0","0","0","0","0","7","2","1","1","1","0","0","1","0","0","0","1","0","0","0","0","1","1","0","0","0","0","0","0","0",
"1600000US0681722","Valley Acres CDP, California","504","156","348","333","317","0","6","2","0","8","15","15","4","4","4","0","3","0","0","0","0","0","0","0","0","0","0","0","0","0","0","0","0","0","0","0","0","0","0","0","0","0","0","0","0","0","0","0","0","0","0","0","0","0","0","0","0","0","0","0","0","0","0","0","0","0","0","0","0","0","0","0","0",
"1600000US0681736","Valley Center CDP, California","10087","3353","6734","6290","5560","100","185","357","17","71","444","412","49","118","110","15","93","2","5","1","1","0","1","0","12","5","0","29","1","11","0","1","1","2","2","8","1","0","1","0","0","1","0","0","0","0","0","0","3","2","0","0","0","0","0","1","0","0","0","0","0","0","0","0","0","0","0","0","0","0","0","0","0",
"1600000US0681778","Valley Ford CDP, California","148","38","110","97","95","0","0","1","0","1","13","13","0","11","1","0","0","0","1","0","0","0","0","0","0","0","0","0","0","0","0","0","0","0","0","0","0","0","0","0","0","0","0","0","0","0","0","0","0","0","0","0","0","0","0","0","0","0","0","0","0","0","0","0","0","0","0","0","0","0","0","0","0",
"1600000US0681792","Valley Home CDP, California","284","50","234","221","210","2","5","3","0","1","13","11","0","8","0","0","2","0","0","0","0","0","0","0","1","0","0","2","2","0","0","0","0","0","0","0","0","0","0","0","0","0","0","0","0","0","0","0","0","0","0","0","0","0","0","0","0","0","0","0","0","0","0","0","0","0","0","0","0","0","0","0","0",
"1600000US0681869","Valley Ranch CDP, California","128","0","128","127","123","0","2","2","0","0","1","1","0","1","0","0","0","0","0","0","0","0","0","0","0","0","0","0","0","0","0","0","0","0","0","0","0","0","0","0","0","0","0","0","0","0","0","0","0","0","0","0","0","0","0","0","0","0","0","0","0","0","0","0","0","0","0","0","0","0","0","0","0",
"1600000US0681890","Valley Springs CDP, California","3779","690","3089","2845","2649","36","24","114","3","19","244","229","16","90","53","13","54","2","0","0","0","0","0","0","1","0","0","13","3","2","0","1","5","1","0","1","0","0","0","0","0","0","0","0","0","0","0","0","2","2","0","0","0","0","0","0","0","0","0","0","0","0","0","0","0","0","0","0","0","0","0","0","0",
"1600000US0681925","Valley Wells CDP, California","0","0","0","0","0","0","0","0","0","0","0","0","0","0","0","0","0","0","0","0","0","0","0","0","0","0","0","0","0","0","0","0","0","0","0","0","0","0","0","0","0","0","0","0","0","0","0","0","0","0","0","0","0","0","0","0","0","0","0","0","0","0","0","0","0","0","0","0","0","0","0","0","0",
"1600000US0681967","Val Verde CDP, California","2399","1549","850","782","627","68","5","62","2","18","68","64","16","19","16","1","7","2","0","1","2","0","0","0","0","0","0","4","1","0","0","0","2","0","0","0","1","0","0","0","0","0","0","0","0","0","0","0","0","0","0","0","0","0","0","0","0","0","0","0","0","0","0","0","0","0","0","0","0","0","0","0","0",
"1600000US0682072","Vandenberg AFB CDP, California","3559","800","2759","2450","1851","314","14","215","36","20","309","269","69","41","101","14","19","0","9","4","0","1","0","1","10","0","0","39","7","16","0","0","3","0","0","12","1","0","0","0","0","0","0","0","0","0","0","0","1","1","0","0","0","0","0","0","0","0","0","0","0","0","0","0","0","0","0","0","0","0","0","0","0",
"1600000US0682086","Vandenberg Village CDP, California","7308","1915","5393","4942","4252","249","36","301","51","53","451","411","66","104","106","21","78","6","10","0","3","1","0","0","12","4","0","36","1","16","0","2","7","0","2","7","0","0","0","0","0","0","0","0","0","0","1","0","4","2","0","2","0","0","0","0","0","0","0","0","0","0","0","0","0","0","0","0","0","0","0","0","0",
"1600000US0682334","Verdi CDP, California","179","8","171","164","163","0","0","0","0","1","7","5","0","4","0","1","0","0","0","0","0","0","0","0","0","0","0","0","0","0","0","0","0","0","0","0","0","0","0","0","0","0","0","0","0","0","0","0","2","0","0","0","0","2","0","0","0","0","0","0","0","0","0","0","0","0","0","0","0","0","0","0","0",
"1600000US0682422","Vernon city, California","222","168","54","53","14","18","0","14","0","7","1","0","0","0","0","0","0","0","0","0","0","0","0","0","0","0","0","0","0","0","0","0","0","0","0","0","0","0","0","0","0","0","0","0","0","0","0","0","1","1","0","0","0","0","0","0","0","0","0","0","0","0","0","0","0","0","0","0","0","0","0","0","0",
"1600000US0682562","Victor CDP, California","313","185","128","125","115","0","0","7","3","0","3","3","0","2","0","0","1","0","0","0","0","0","0","0","0","0","0","0","0","0","0","0","0","0","0","0","0","0","0","0","0","0","0","0","0","0","0","0","0","0","0","0","0","0","0","0","0","0","0","0","0","0","0","0","0","0","0","0","0","0","0","0","0",
"1600000US0682590","Victorville city, California","134810","74745","60065","55130","24652","22917","692","5262","672","935","4935","4421","1537","641","726","130","428","314","152","82","254","10","13","19","89","26","0","464","192","80","27","40","31","3","7","44","4","4","7","0","2","13","2","6","0","2","0","0","48","16","3","18","3","2","0","4","2","0","0","0","0","0","0","0","2","2","0","0","0","0","0","0","0",
"1600000US0682667","View Park-Windsor Hills CDP, California","11419","1098","10321","9477","1004","8048","9","319","10","87","844","733","267","22","85","6","40","81","71","12","130","1","0","1","11","6","0","103","65","19","0","11","2","0","0","0","0","0","5","0","0","0","0","0","0","0","0","1","8","5","0","1","1","0","0","1","0","0","0","0","0","0","0","0","0","0","0","0","0","0","0","0","0",
"1600000US0682744","Villa Park city, California","5843","724","5119","4824","3641","47","2","1116","5","13","295","277","17","32","153","18","51","1","1","2","0","0","0","0","1","1","0","14","2","2","0","1","4","0","0","3","2","0","0","0","0","0","0","0","0","0","0","0","4","3","1","0","0","0","0","0","0","0","0","0","0","0","0","0","0","0","0","0","0","0","0","0","0",
"1600000US0682786","Vina CDP, California","198","68","130","116","112","0","2","2","0","0","14","13","1","8","3","0","0","0","0","0","0","0","0","0","1","0","0","1","1","0","0","0","0","0","0","0","0","0","0","0","0","0","0","0","0","0","0","0","0","0","0","0","0","0","0","0","0","0","0","0","0","0","0","0","0","0","0","0","0","0","0","0","0",
"1600000US0682815","Vincent CDP, California","15714","11853","3861","3636","1517","227","33","1774","19","66","225","203","26","39","80","5","21","4","3","5","5","4","1","2","3","4","1","19","7","0","0","0","1","0","0","2","4","0","0","3","1","1","0","0","0","0","0","0","2","1","0","1","0","0","0","0","0","0","0","0","0","0","0","0","1","1","0","0","0","0","0","0","0",
"1600000US0682842","Vine Hill CDP, California","4323","1335","2988","2670","1954","140","26","473","27","50","318","280","34","82","104","5","30","12","0","0","2","0","0","0","8","3","0","38","6","4","5","0","8","1","1","12","0","0","0","0","1","0","0","0","0","0","0","0","0","0","0","0","0","0","0","0","0","0","0","0","0","0","0","0","0","0","0","0","0","0","0","0","0",
"1600000US0682852","Vineyard CDP, California","43935","8426","35509","32828","10106","4269","159","17321","748","225","2681","2434","427","284","857","56","202","70","167","21","36","31","0","0","183","45","55","225","61","53","18","17","16","6","4","29","4","0","0","4","0","2","1","2","0","0","0","8","22","4","3","7","6","1","0","1","0","0","0","0","0","0","0","0","0","0","0","0","0","0","0","0","0",
"1600000US0682929","Virginia Lakes CDP, California","7","4","3","3","2","0","1","0","0","0","0","0","0","0","0","0","0","0","0","0","0","0","0","0","0","0","0","0","0","0","0","0","0","0","0","0","0","0","0","0","0","0","0","0","0","0","0","0","0","0","0","0","0","0","0","0","0","0","0","0","0","0","0","0","0","0","0","0","0","0","0","0","0",
"1600000US0682954","Visalia city, California","141384","74575","66809","62239","50556","2398","827","7655","131","672","4570","4298","552","1578","1016","99","783","49","62","8","30","21","3","6","82","7","2","251","75","29","2","10","50","12","3","60","2","0","0","1","0","5","1","0","1","0","0","0","15","6","0","1","0","1","0","2","0","0","5","0","0","0","0","0","4","2","0","2","0","0","0","2","2",
"1600000US0682996","Vista city, California","98381","49744","48637","44320","35518","2410","273","4984","612","523","4317","3919","588","698","1434","178","656","63","97","13","45","9","4","1","115","17","1","373","82","64","8","27","45","5","7","115","9","1","2","0","1","5","1","0","1","0","0","0","22","7","1","7","5","1","0","1","0","0","0","0","0","0","0","0","3","2","0","1","0","0","0","0","0",
"1600000US0683085","Vista Santa Rosa CDP, California","2607","2216","391","360","247","9","71","16","2","15","31","27","0","13","4","1","0","3","0","0","1","0","2","1","1","1","0","4","0","0","0","2","0","0","0","1","0","1","0","0","0","0","0","0","0","0","0","0","0","0","0","0","0","0","0","0","0","0","0","0","0","0","0","0","0","0","0","0","0","0","0","0","0",
"1600000US0683094","Volcano CDP, California","104","10","94","86","83","1","0","2","0","0","8","7","2","2","1","0","2","0","0","0","0","0","0","0","0","0","0","1","0","0","0","1","0","0","0","0","0","0","0","0","0","0","0","0","0","0","0","0","0","0","0","0","0","0","0","0","0","0","0","0","0","0","0","0","0","0","0","0","0","0","0","0","0",
"1600000US0683108","Volta CDP, California","366","252","114","101","92","2","2","1","0","4","13","12","1","2","5","1","1","1","0","0","0","0","0","0","1","0","0","1","0","0","0","0","0","0","0","1","0","0","0","0","0","0","0","0","0","0","0","0","0","0","0","0","0","0","0","0","0","0","0","0","0","0","0","0","0","0","0","0","0","0","0","0","0",
"1600000US0683262","Walker CDP, California","704","97","607","586","540","1","40","3","0","2","21","20","2","11","0","0","6","0","1","0","0","0","0","0","0","0","0","1","1","0","0","0","0","0","0","0","0","0","0","0","0","0","0","0","0","0","0","0","0","0","0","0","0","0","0","0","0","0","0","0","0","0","0","0","0","0","0","0","0","0","0","0","0",
"1600000US0683304","Wallace CDP, California","479","60","419","396","361","3","2","22","0","8","23","20","0","12","2","0","4","1","0","0","0","0","0","0","1","0","0","2","0","0","0","0","1","1","0","0","0","0","0","0","0","0","0","0","0","0","0","0","0","0","0","0","0","0","0","0","0","0","0","0","0","0","0","0","1","1","0","0","0","0","0","0","0",
"1600000US0683332","Walnut city, California","28430","5324","23106","22467","2589","676","10","19063","17","112","639","575","45","41","285","8","41","2","23","4","2","9","0","0","93","22","0","61","16","11","2","0","3","2","1","19","2","1","0","0","1","3","0","0","0","0","0","0","3","1","0","0","0","1","0","1","0","0","0","0","0","0","0","0","0","0","0","0","0","0","0","0","0",
"1600000US0683346","Walnut Creek city, California","70127","7304","62823","58587","44922","1477","81","11538","103","466","4236","4000","367","370","2248","76","714","19","68","10","34","4","0","3","63","19","5","205","28","62","4","11","28","2","5","34","5","1","6","1","4","10","1","0","2","0","0","1","26","6","2","7","0","3","3","4","0","0","0","1","0","0","0","0","3","3","0","0","0","0","0","2","2",
"1600000US0683374","Walnut Grove CDP, California","1452","660","792","736","609","30","8","89","0","0","56","49","11","16","11","0","9","0","0","0","0","1","0","0","0","1","0","7","6","0","0","0","0","0","0","0","1","0","0","0","0","0","0","0","0","0","0","0","0","0","0","0","0","0","0","0","0","0","0","0","0","0","0","0","0","0","0","0","0","0","0","0","0",
"1600000US0683402","Walnut Park CDP, California","15214","14817","397","352","214","54","2","52","2","28","45","33","1","5","7","3","7","2","0","1","3","1","0","1","2","0","0","8","6","0","0","0","1","0","0","1","0","0","0","0","0","0","0","0","0","0","0","0","4","1","0","2","0","1","0","0","0","0","0","0","0","0","0","0","0","0","0","0","0","0","0","0","0",
"1600000US0683460","Warm Springs CDP, California","1586","923","663","597","539","15","5","32","1","5","66","57","2","22","12","1","13","1","0","1","0","0","0","0","5","0","0","9","0","0","1","0","0","0","0","8","0","0","0","0","0","0","0","0","0","0","0","0","0","0","0","0","0","0","0","0","0","0","0","0","0","0","0","0","0","0","0","0","0","0","0","0","0",
"1600000US0683494","Warner Valley CDP, California","8","0","8","8","7","0","0","1","0","0","0","0","0","0","0","0","0","0","0","0","0","0","0","0","0","0","0","0","0","0","0","0","0","0","0","0","0","0","0","0","0","0","0","0","0","0","0","0","0","0","0","0","0","0","0","0","0","0","0","0","0","0","0","0","0","0","0","0","0","0","0","0","0",
"1600000US0683542","Wasco city, California","27047","22922","4125","3929","2238","1428","72","134","14","43","196","171","5","60","14","3","10","9","2","0","3","3","0","3","53","6","0","13","5","0","0","0","0","0","0","7","1","0","0","0","0","0","0","0","0","0","0","0","11","3","4","3","0","0","1","0","0","0","0","0","0","0","0","0","1","0","1","0","0","0","0","0","0",
"1600000US0683570","Washington CDP, California","101","0","101","101","97","0","4","0","0","0","0","0","0","0","0","0","0","0","0","0","0","0","0","0","0","0","0","0","0","0","0","0","0","0","0","0","0","0","0","0","0","0","0","0","0","0","0","0","0","0","0","0","0","0","0","0","0","0","0","0","0","0","0","0","0","0","0","0","0","0","0","0","0",
"1600000US0683612","Waterford city, California","9120","4391","4729","4298","3915","131","36","115","32","69","431","397","29","165","68","31","72","6","16","1","3","2","0","0","2","1","1","33","7","4","3","2","5","2","0","10","0","0","0","0","0","0","0","0","0","0","0","0","1","1","0","0","0","0","0","0","0","0","0","0","0","0","0","0","0","0","0","0","0","0","0","0","0",
"1600000US0683626","Waterloo CDP, California","534","193","341","321","303","1","1","14","2","0","20","17","0","6","1","1","8","0","0","0","0","1","0","0","0","0","0","2","0","0","0","0","1","0","0","0","0","0","1","0","0","0","0","0","0","0","0","0","1","1","0","0","0","0","0","0","0","0","0","0","0","0","0","0","0","0","0","0","0","0","0","0","0",
"1600000US0683668","Watsonville city, California","52590","43303","9287","8487","6462","238","135","1458","20","174","800","703","81","181","206","23","134","8","9","0","8","14","0","1","26","12","0","83","14","17","0","7","17","1","0","17","7","0","1","0","0","0","2","0","0","0","0","0","12","1","3","2","2","0","0","4","0","0","0","0","0","0","0","0","2","1","0","0","1","0","0","0","0",
"1600000US0683724","Waukena CDP, California","80","48","32","30","29","1","0","0","0","0","2","2","0","0","0","0","1","1","0","0","0","0","0","0","0","0","0","0","0","0","0","0","0","0","0","0","0","0","0","0","0","0","0","0","0","0","0","0","0","0","0","0","0","0","0","0","0","0","0","0","0","0","0","0","0","0","0","0","0","0","0","0","0",
"1600000US0683730","Wautec CDP, California","48","1","47","46","15","0","30","0","0","1","1","1","0","1","0","0","0","0","0","0","0","0","0","0","0","0","0","0","0","0","0","0","0","0","0","0","0","0","0","0","0","0","0","0","0","0","0","0","0","0","0","0","0","0","0","0","0","0","0","0","0","0","0","0","0","0","0","0","0","0","0","0","0",
"1600000US0683766","Wawona CDP, California","111","7","104","99","99","0","0","0","0","0","5","5","0","4","0","1","0","0","0","0","0","0","0","0","0","0","0","0","0","0","0","0","0","0","0","0","0","0","0","0","0","0","0","0","0","0","0","0","0","0","0","0","0","0","0","0","0","0","0","0","0","0","0","0","0","0","0","0","0","0","0","0","0",
"1600000US0683794","Weaverville CDP, California","3667","262","3405","3131","2907","22","116","62","5","19","274","266","10","170","32","1","51","0","0","1","0","0","0","0","1","0","0","7","0","0","0","0","0","2","3","0","2","0","0","0","0","0","0","0","0","0","0","0","1","0","0","0","0","1","0","0","0","0","0","0","0","0","0","0","0","0","0","0","0","0","0","0","0",
"1600000US0683850","Weed city, California","2862","550","2312","2054","1652","170","57","154","3","18","258","232","47","116","14","4","31","8","2","0","2","0","0","1","6","0","1","24","19","0","0","0","0","2","0","3","0","0","0","0","0","0","0","0","0","0","0","0","2","2","0","0","0","0","0","0","0","0","0","0","0","0","0","0","0","0","0","0","0","0","0","0","0",
"1600000US0683863","Weedpatch CDP, California","2206","2087","119","109","92","2","3","8","0","4","10","5","0","0","2","0","3","0","0","0","0","0","0","0","0","0","0","4","0","0","0","0","4","0","0","0","0","0","0","0","0","0","0","0","0","0","0","0","1","0","0","0","0","0","0","0","0","0","0","0","0","0","1","0","0","0","0","0","0","0","0","0","0",
"1600000US0683906","Weitchpec CDP, California","112","2","110","91","18","1","71","0","0","1","19","18","0","18","0","0","0","0","0","0","0","0","0","0","0","0","0","1","0","0","0","0","0","0","0","0","0","0","0","0","0","0","0","0","0","0","0","1","0","0","0","0","0","0","0","0","0","0","0","0","0","0","0","0","0","0","0","0","0","0","0","0","0",
"1600000US0683948","Weldon CDP, California","2303","257","2046","1897","1803","7","58","25","3","1","149","147","9","112","8","0","12","0","1","0","3","0","0","0","0","2","0","2","0","0","0","0","1","0","0","1","0","0","0","0","0","0","0","0","0","0","0","0","0","0","0","0","0","0","0","0","0","0","0","0","0","0","0","0","0","0","0","0","0","0","0","0","0",
"1600000US0684004","Weott CDP, California","219","27","192","181","176","0","5","0","0","0","11","11","0","7","2","0","1","0","0","0","0","0","0","0","1","0","0","0","0","0","0","0","0","0","0","0","0","0","0","0","0","0","0","0","0","0","0","0","0","0","0","0","0","0","0","0","0","0","0","0","0","0","0","0","0","0","0","0","0","0","0","0","0",
"1600000US0684116","West Athens CDP, California","9393","4221","5172","4938","144","4473","24","187","28","82","234","200","58","7","13","2","2","28","16","5","61","0","0","2","3","3","0","22","11","4","0","3","0","2","2","0","0","0","0","0","0","0","0","0","0","0","0","0","12","9","2","1","0","0","0","0","0","0","0","0","0","0","0","0","0","0","0","0","0","0","0","0","0",
"1600000US0684120","West Bishop CDP, California","2754","302","2452","2315","2198","7","42","52","0","16","137","130","2","59","22","8","36","0","0","0","0","0","1","2","0","0","0","6","1","0","0","0","4","0","0","0","0","0","0","1","0","0","0","0","0","0","0","0","1","0","0","0","0","1","0","0","0","0","0","0","0","0","0","0","0","0","0","0","0","0","0","0","0",
"1600000US0684144","West Carson CDP, California","22870","7783","15087","14263","3761","2176","63","7886","253","124","824","725","120","53","308","20","45","17","47","8","21","8","1","4","63","10","0","97","22","6","4","7","9","0","0","41","0","4","2","0","0","1","1","0","0","0","0","0","1","0","0","0","0","0","0","0","0","0","0","1","0","0","0","0","1","0","1","0","0","0","0","0","0",
"1600000US0684200","West Covina city, California","109501","58102","51399","49510","11793","3713","217","33097","149","541","1889","1669","205","210","695","24","131","47","113","10","48","25","0","2","107","49","3","193","48","29","3","13","13","3","0","47","16","0","5","0","5","10","0","0","0","1","0","0","24","3","3","9","2","4","0","0","2","0","0","0","1","0","0","0","2","0","2","0","0","0","0","1","1",
"1600000US0684345","West Goshen CDP, California","536","416","120","108","103","0","1","1","0","3","12","12","0","10","0","0","1","0","0","0","1","0","0","0","0","0","0","0","0","0","0","0","0","0","0","0","0","0","0","0","0","0","0","0","0","0","0","0","0","0","0","0","0","0","0","0","0","0","0","0","0","0","0","0","0","0","0","0","0","0","0","0","0",
"1600000US0684385","Westhaven-Moonstone CDP, California","1187","106","1081","1009","932","1","53","14","0","9","72","68","11","16","15","0","23","1","1","0","0","1","0","0","0","0","0","4","0","0","0","0","3","1","0","0","0","0","0","0","0","0","0","0","0","0","0","0","0","0","0","0","0","0","0","0","0","0","0","0","0","0","0","0","0","0","0","0","0","0","0","0","0",
"1600000US0684410","West Hollywood city, California","35757","4497","31260","29371","25397","1302","49","2273","41","309","1889","1765","367","239","636","41","352","25","23","0","43","3","0","3","23","9","1","115","53","16","2","6","11","1","2","19","0","1","0","0","2","1","1","0","0","0","0","0","8","2","0","3","0","1","0","1","1","0","0","0","0","0","0","0","1","1","0","0","0","0","0","0","0",
"1600000US0684438","Westlake Village city, California","8029","651","7378","6968","6248","67","6","619","4","24","410","383","47","48","170","3","105","3","4","0","0","0","0","0","1","2","0","21","6","2","0","0","1","0","1","10","0","1","0","0","0","0","0","0","0","0","0","0","5","3","0","2","0","0","0","0","0","0","0","0","0","0","0","0","1","1","0","0","0","0","0","0","0",
"1600000US0684480","Westley CDP, California","575","542","33","31","21","5","1","4","0","0","2","2","0","0","0","0","2","0","0","0","0","0","0","0","0","0","0","0","0","0","0","0","0","0","0","0","0","0","0","0","0","0","0","0","0","0","0","0","0","0","0","0","0","0","0","0","0","0","0","0","0","0","0","0","0","0","0","0","0","0","0","0","0",
"1600000US0684536","West Menlo Park CDP, California","3930","291","3639","3331","2515","32","1","736","2","45","308","290","18","20","189","4","44","0","5","0","2","1","0","0","2","5","0","17","1","5","0","0","5","0","0","6","0","0","0","0","0","0","0","0","0","0","0","0","1","1","0","0","0","0","0","0","0","0","0","0","0","0","0","0","0","0","0","0","0","0","0","0","0",
"1600000US0684550","Westminster city, California","90911","22345","68566","66139","17962","853","146","46513","415","250","2427","2246","186","365","1065","103","262","17","66","6","18","12","0","1","105","39","1","168","36","36","1","2","28","0","3","48","10","1","0","0","0","0","2","0","0","0","0","1","13","4","0","1","0","1","0","6","0","0","0","0","1","0","0","0","0","0","0","0","0","0","0","0","0",
"1600000US0684578","West Modesto CDP, California","5965","4223","1742","1586","1172","84","29","285","7","9","156","141","16","63","19","2","22","0","8","0","1","0","0","0","6","2","2","14","4","0","0","1","1","0","0","5","1","1","0","0","0","0","0","0","1","0","0","0","1","1","0","0","0","0","0","0","0","0","0","0","0","0","0","0","0","0","0","0","0","0","0","0","0",
"1600000US0684592","Westmont CDP, California","33913","18395","15518","14687","427","13717","59","194","59","231","831","730","219","30","24","2","26","118","53","8","243","1","0","0","1","5","0","93","47","6","2","10","9","0","0","6","4","0","1","3","0","3","1","1","0","0","0","0","7","5","0","2","0","0","0","0","0","0","0","0","0","0","0","0","1","0","1","0","0","0","0","0","0",
"1600000US0684606","Westmorland city, California","2014","1786","228","213","198","10","0","5","0","0","15","15","8","4","1","0","2","0","0","0","0","0","0","0","0","0","0","0","0","0","0","0","0","0","0","0","0","0","0","0","0","0","0","0","0","0","0","0","0","0","0","0","0","0","0","0","0","0","0","0","0","0","0","0","0","0","0","0","0","0","0","0","0",
"1600000US0684680","West Park CDP, California","1053","804","249","232","121","21","9","73","0","8","17","15","1","3","2","0","2","0","3","0","0","0","0","0","4","0","0","2","1","0","0","0","0","0","0","0","1","0","0","0","0","0","0","0","0","0","0","0","0","0","0","0","0","0","0","0","0","0","0","0","0","0","0","0","0","0","0","0","0","0","0","0","0",
"1600000US0684732","West Point CDP, California","688","81","607","564","499","1","55","5","1","3","43","41","3","27","0","0","9","0","0","0","0","0","1","0","1","0","0","0","0","0","0","0","0","0","0","0","0","0","0","0","0","0","0","0","0","0","0","0","2","0","0","0","0","0","0","2","0","0","0","0","0","0","0","0","0","0","0","0","0","0","0","0","0",
"1600000US0684774","West Puente Valley CDP, California","22959","18298","4661","4493","713","311","35","3299","40","95","168","154","19","30","44","5","17","5","4","0","4","0","0","0","14","12","0","11","4","0","0","2","2","0","0","2","0","0","0","0","1","0","0","0","0","0","0","0","3","1","0","0","0","0","0","1","0","0","1","0","0","0","0","0","0","0","0","0","0","0","0","0","0",
"1600000US0684780","West Rancho Dominguez CDP, California","24347","13208","11139","10634","434","9745","32","240","66","117","505","432","141","14","21","1","10","103","31","10","90","1","0","0","9","0","1","70","28","4","0","16","7","1","0","4","4","0","3","0","3","0","0","0","0","0","0","0","1","1","0","0","0","0","0","0","0","0","0","0","0","0","0","0","2","0","2","0","0","0","0","0","0",
"1600000US0684816","West Sacramento city, California","53915","17260","36655","33047","22143","2503","305","7139","578","379","3608","3371","520","552","1371","116","342","67","79","18","38","25","11","1","165","30","36","217","63","34","5","20","24","1","5","45","9","2","2","1","1","3","0","2","0","0","0","0","16","11","1","0","1","1","0","0","0","0","0","2","0","0","0","0","4","4","0","0","0","0","0","0","0",
"1600000US0684863","Westside CDP, California","143","137","6","4","3","0","0","1","0","0","2","2","0","0","0","0","2","0","0","0","0","0","0","0","0","0","0","0","0","0","0","0","0","0","0","0","0","0","0","0","0","0","0","0","0","0","0","0","0","0","0","0","0","0","0","0","0","0","0","0","0","0","0","0","0","0","0","0","0","0","0","0","0",
"1600000US0684921","West Whittier-Los Nietos CDP, California","25325","22370","2955","2759","1838","201","85","478","40","117","196","168","20","30","47","7","23","5","12","0","4","0","0","4","13","3","0","25","6","5","0","6","1","0","0","3","1","0","2","0","0","1","0","0","0","0","0","0","3","0","0","0","0","1","0","2","0","0","0","0","0","0","0","0","0","0","0","0","0","0","0","0","0",
"1600000US0684928","Westwood CDP, California","1541","172","1369","1258","1195","11","43","5","2","2","111","103","11","73","3","0","15","0","0","0","0","0","0","1","0","0","0","6","0","0","0","0","1","0","0","1","2","0","0","0","0","0","0","0","0","0","0","2","2","0","0","0","2","0","0","0","0","0","0","0","0","0","0","0","0","0","0","0","0","0","0","0","0",
"1600000US0685012","Wheatland city, California","3712","835","2877","2594","2324","57","34","161","10","8","283","257","23","116","65","13","36","0","3","0","0","0","1","0","0","0","0","24","12","2","0","1","2","0","0","7","0","0","0","0","0","0","0","0","0","0","0","0","2","0","2","0","0","0","0","0","0","0","0","0","0","0","0","0","0","0","0","0","0","0","0","0","0",
"1600000US0685086","Whitehawk CDP, California","144","1","143","137","137","0","0","0","0","0","6","6","0","0","2","0","4","0","0","0","0","0","0","0","0","0","0","0","0","0","0","0","0","0","0","0","0","0","0","0","0","0","0","0","0","0","0","0","0","0","0","0","0","0","0","0","0","0","0","0","0","0","0","0","0","0","0","0","0","0","0","0","0",
"1600000US0685208","Whitewater CDP, California","984","540","444","391","307","49","10","17","7","1","53","47","19","6","3","2","6","4","1","0","4","0","0","0","2","0","0","3","3","0","0","0","0","0","0","0","0","0","0","0","0","0","0","0","0","0","0","0","3","1","0","0","1","0","0","1","0","0","0","0","0","0","0","0","0","0","0","0","0","0","0","0","0",
"1600000US0685222","Whitley Gardens CDP, California","325","86","239","210","202","5","3","0","0","0","29","26","5","11","4","0","5","0","0","0","0","0","0","0","1","0","0","2","0","2","0","0","0","0","0","0","0","0","0","0","0","0","0","0","0","0","0","0","1","0","0","0","0","1","0","0","0","0","0","0","0","0","0","0","0","0","0","0","0","0","0","0","0",
"1600000US0685250","Whitmore CDP, California","311","22","289","264","246","0","4","13","1","0","25","24","0","18","1","2","2","0","1","0","0","0","0","0","0","0","0","1","0","0","0","0","0","1","0","0","0","0","0","0","0","0","0","0","0","0","0","0","0","0","0","0","0","0","0","0","0","0","0","0","0","0","0","0","0","0","0","0","0","0","0","0","0",
"1600000US0685292","Whittier city, California","87306","61803","25503","23809","18018","1014","248","3967","122","440","1694","1534","157","299","565","56","294","20","47","6","23","7","1","2","45","7","5","136","33","25","3","14","10","0","2","28","3","0","4","1","5","3","3","2","0","0","0","0","22","7","0","11","2","0","0","2","0","0","0","0","0","0","0","0","1","0","1","0","0","0","0","1","1",
"1600000US0685446","Wildomar city, California","36875","15075","21800","19940","16080","1319","200","1957","176","208","1860","1738","262","436","466","52","362","26","52","8","35","2","0","1","24","12","0","105","27","22","0","1","13","9","3","17","8","0","0","0","1","2","0","0","2","0","0","0","15","3","1","3","4","3","0","1","0","0","0","0","0","0","0","0","2","2","0","0","0","0","0","0","0",
"1600000US0685551","Wilkerson CDP, California","543","84","459","428","393","0","22","6","0","7","31","31","2","20","4","0","4","0","0","0","0","0","0","1","0","0","0","0","0","0","0","0","0","0","0","0","0","0","0","0","0","0","0","0","0","0","0","0","0","0","0","0","0","0","0","0","0","0","0","0","0","0","0","0","0","0","0","0","0","0","0","0","0",
"1600000US0685586","Williams city, California","5538","4467","1071","980","789","47","12","90","17","25","91","78","2","36","8","2","17","3","3","0","1","0","0","0","6","0","0","8","5","0","0","1","0","0","0","0","0","0","0","0","0","0","0","0","0","0","2","0","4","0","0","0","0","0","0","2","0","0","0","0","2","0","0","0","1","1","0","0","0","0","0","0","0",
"1600000US0685587","Williams Canyon CDP, California","93","20","73","71","70","0","0","1","0","0","2","1","0","0","0","0","1","0","0","0","0","0","0","0","0","0","0","1","0","0","0","0","0","1","0","0","0","0","0","0","0","0","0","0","0","0","0","0","0","0","0","0","0","0","0","0","0","0","0","0","0","0","0","0","0","0","0","0","0","0","0","0","0",
"1600000US0685600","Willits city, California","4988","1218","3770","3451","3110","40","174","90","6","31","319","305","38","146","33","13","57","5","0","0","0","2","0","4","7","0","0","14","8","0","0","1","1","1","0","0","0","1","1","0","0","0","0","0","1","0","0","0","0","0","0","0","0","0","0","0","0","0","0","0","0","0","0","0","0","0","0","0","0","0","0","0","0",
"1600000US0685614","Willowbrook CDP, California","24295","19173","5122","4891","259","4365","32","115","34","86","231","202","57","9","8","5","5","53","5","4","47","0","0","1","4","4","0","24","9","1","0","7","3","0","0","2","0","2","0","0","0","0","0","0","0","0","0","0","5","4","0","0","0","0","1","0","0","0","0","0","0","0","0","0","0","0","0","0","0","0","0","0","0",
"1600000US0685642","Willow Creek CDP, California","1720","147","1573","1400","1175","10","170","19","4","22","173","164","6","124","2","9","21","2","0","0","0","0","0","0","0","0","0","9","4","0","0","1","0","2","0","1","0","0","0","0","0","1","0","0","0","0","0","0","0","0","0","0","0","0","0","0","0","0","0","0","0","0","0","0","0","0","0","0","0","0","0","0","0",
"1600000US0685684","Willows city, California","6293","2330","3963","3705","3231","45","134","268","7","20","258","248","33","136","30","0","44","0","1","0","0","2","0","0","2","0","0","8","8","0","0","0","0","0","0","0","0","0","0","0","0","0","0","0","0","0","0","0","2","0","0","0","0","0","0","0","0","0","2","0","0","0","0","0","0","0","0","0","0","0","0","0","0",
"1600000US0685866","Wilsonia CDP, California","14","0","14","14","13","0","0","0","0","1","0","0","0","0","0","0","0","0","0","0","0","0","0","0","0","0","0","0","0","0","0","0","0","0","0","0","0","0","0","0","0","0","0","0","0","0","0","0","0","0","0","0","0","0","0","0","0","0","0","0","0","0","0","0","0","0","0","0","0","0","0","0","0",
"1600000US0685880","Wilton CDP, California","5958","1171","4787","4364","3842","111","55","296","22","38","423","389","33","113","101","12","85","0","22","0","2","3","3","2","8","5","0","34","8","8","0","5","5","0","0","2","1","0","3","0","0","0","2","0","0","0","0","0","0","0","0","0","0","0","0","0","0","0","0","0","0","0","0","0","0","0","0","0","0","0","0","0","0",
"1600000US0685894","Winchester CDP, California","3068","1714","1354","1260","1035","76","10","123","8","8","94","85","14","30","9","2","22","0","0","0","5","0","0","0","3","0","0","7","0","1","1","3","0","0","0","2","0","0","0","0","0","0","0","0","0","0","0","0","0","0","0","0","0","0","0","0","0","0","0","0","0","0","0","0","2","2","0","0","0","0","0","0","0",
"1600000US0685922","Windsor town, California","26344","8898","17446","16169","14879","218","185","744","53","90","1277","1204","106","355","337","65","275","18","4","2","6","6","1","1","21","5","2","65","6","14","4","0","21","1","1","13","1","0","0","0","0","0","0","0","4","0","0","0","7","3","0","0","2","0","0","0","0","0","1","1","0","0","0","0","1","0","1","0","0","0","0","0","0",
"1600000US0685992","Winter Gardens CDP, California","22380","5990","16390","15037","13613","519","127","562","73","143","1353","1265","178","381","377","40","200","15","29","7","4","1","1","2","28","1","1","83","27","14","2","1","7","1","1","22","7","0","0","0","0","0","1","0","0","0","0","0","4","2","0","1","1","0","0","0","0","0","0","0","0","0","0","0","1","0","1","0","0","0","0","0","0",
"1600000US0686020","Winterhaven CDP, California","390","294","96","87","56","1","26","4","0","0","9","8","0","4","1","0","1","0","0","0","2","0","0","0","0","0","0","1","0","0","0","1","0","0","0","0","0","0","0","0","0","0","0","0","0","0","0","0","0","0","0","0","0","0","0","0","0","0","0","0","0","0","0","0","0","0","0","0","0","0","0","0","0",
"1600000US0686034","Winters city, California","7115","3935","3180","2903","2734","34","18","76","15","26","277","254","26","72","61","14","53","0","2","3","5","2","0","0","14","2","0","19","0","1","0","1","3","0","0","12","1","0","0","0","0","1","0","0","0","0","0","0","4","1","0","0","0","0","0","1","0","0","0","1","1","0","0","0","0","0","0","0","0","0","0","0","0",
"1600000US0686076","Winton CDP, California","11709","9294","2415","2236","1505","158","40","500","5","28","179","163","25","61","26","9","30","2","5","0","2","1","0","0","2","0","0","14","7","0","0","0","1","0","2","4","0","0","0","0","0","0","0","0","0","0","0","0","1","1","0","0","0","0","0","0","0","0","0","0","0","0","0","0","1","0","1","0","0","0","0","0","0",
"1600000US0686174","Wofford Heights CDP, California","2213","197","2016","1846","1768","1","35","17","4","21","170","162","0","113","10","0","36","2","1","0","0","0","0","0","0","0","0","4","0","0","0","0","0","0","0","4","0","0","0","0","0","0","0","0","0","0","0","0","4","0","0","2","0","0","0","2","0","0","0","0","0","0","0","0","0","0","0","0","0","0","0","0","0",
"1600000US0686216","Woodacre CDP, California","1410","97","1313","1222","1180","4","2","28","0","8","91","84","7","18","26","1","32","0","0","0","0","0","0","0","0","0","0","7","1","0","0","0","2","0","0","4","0","0","0","0","0","0","0","0","0","0","0","0","0","0","0","0","0","0","0","0","0","0","0","0","0","0","0","0","0","0","0","0","0","0","0","0","0",
"1600000US0686230","Woodbridge CDP, California","4031","1290","2741","2548","2239","52","3","213","11","30","193","178","14","73","52","6","28","0","2","0","2","1","0","0","0","0","0","14","4","5","0","1","0","0","0","3","1","0","0","0","0","0","0","0","0","0","0","0","1","0","0","1","0","0","0","0","0","0","0","0","0","0","0","0","0","0","0","0","0","0","0","0","0",
"1600000US0686244","Woodcrest CDP, California","15378","5680","9698","9070","7158","757","52","975","36","92","628","566","86","112","183","18","109","10","10","0","9","0","0","0","21","0","8","62","23","10","4","0","7","1","1","13","0","0","1","0","2","0","0","0","0","0","0","0","0","0","0","0","0","0","0","0","0","0","0","0","0","0","0","0","0","0","0","0","0","0","0","0","0",
"1600000US0686300","Woodlake city, California","7419","6535","884","799","637","38","42","64","0","18","85","80","9","48","7","0","14","0","2","0","0","0","0","0","0","0","0","5","2","0","0","0","0","2","0","1","0","0","0","0","0","0","0","0","0","0","0","0","0","0","0","0","0","0","0","0","0","0","0","0","0","0","0","0","0","0","0","0","0","0","0","0","0",
"1600000US0686328","Woodland city, California","61032","29614","31418","29016","21977","1012","323","5212","204","288","2402","2265","288","683","650","60","388","29","28","8","15","20","1","0","59","29","7","122","42","12","1","10","14","0","6","20","7","0","1","3","1","4","1","0","0","0","0","0","13","2","2","0","1","0","0","0","0","2","0","2","4","0","0","0","2","2","0","0","0","0","0","0","0",
"1600000US0686380","Woodlands CDP, California","1933","95","1838","1800","1708","19","3","65","0","5","38","36","1","7","12","0","16","0","0","0","0","0","0","0","0","0","0","1","0","0","0","0","0","1","0","0","0","0","0","0","0","0","0","0","0","0","0","0","1","0","0","0","0","0","0","1","0","0","0","0","0","0","0","0","0","0","0","0","0","0","0","0","0",
"1600000US0686440","Woodside town, California","5309","404","4905","4587","4080","34","3","438","3","29","318","294","18","30","160","3","69","1","2","0","3","0","0","0","3","2","3","23","2","0","0","3","4","0","0","14","0","0","0","0","0","0","0","0","0","0","0","0","0","0","0","0","0","0","0","0","0","0","0","0","0","0","0","0","1","0","0","1","0","0","0","0","0",
"1600000US0686482","Woodville CDP, California","1680","1522","158","151","134","0","7","2","0","8","7","7","0","1","1","0","5","0","0","0","0","0","0","0","0","0","0","0","0","0","0","0","0","0","0","0","0","0","0","0","0","0","0","0","0","0","0","0","0","0","0","0","0","0","0","0","0","0","0","0","0","0","0","0","0","0","0","0","0","0","0","0","0",
"1600000US0686489","Woodville Farm Labor Camp CDP, California","729","724","5","5","4","0","1","0","0","0","0","0","0","0","0","0","0","0","0","0","0","0","0","0","0","0","0","0","0","0","0","0","0","0","0","0","0","0","0","0","0","0","0","0","0","0","0","0","0","0","0","0","0","0","0","0","0","0","0","0","0","0","0","0","0","0","0","0","0","0","0","0","0",
"1600000US0686496","Woody CDP, California","108","13","95","86","78","0","6","1","1","0","9","9","0","6","0","0","3","0","0","0","0","0","0","0","0","0","0","0","0","0","0","0","0","0","0","0","0","0","0","0","0","0","0","0","0","0","0","0","0","0","0","0","0","0","0","0","0","0","0","0","0","0","0","0","0","0","0","0","0","0","0","0","0",
"1600000US0686594","Wrightwood CDP, California","4720","839","3881","3659","3482","22","26","89","1","39","222","215","12","78","55","4","58","0","2","1","2","0","0","0","3","0","0","3","0","0","2","0","0","1","0","0","0","0","0","0","0","0","0","0","0","0","0","0","4","4","0","0","0","0","0","0","0","0","0","0","0","0","0","0","0","0","0","0","0","0","0","0","0",
"1600000US0686678","Yankee Hill CDP, California","260","32","228","210","176","14","5","7","1","7","18","17","0","12","1","0","4","0","0","0","0","0","0","0","0","0","0","1","0","0","1","0","0","0","0","0","0","0","0","0","0","0","0","0","0","0","0","0","0","0","0","0","0","0","0","0","0","0","0","0","0","0","0","0","0","0","0","0","0","0","0","0","0",
"1600000US0686720","Yermo CDP, California","623","183","440","402","366","20","6","10","0","0","38","36","8","17","2","0","8","0","0","0","1","0","0","0","0","0","0","2","0","0","0","1","0","0","0","1","0","0","0","0","0","0","0","0","0","0","0","0","0","0","0","0","0","0","0","0","0","0","0","0","0","0","0","0","0","0","0","0","0","0","0","0","0",
"1600000US0686734","Yettem CDP, California","201","189","12","9","3","0","0","3","0","3","3","3","1","1","1","0","0","0","0","0","0","0","0","0","0","0","0","0","0","0","0","0","0","0","0","0","0","0","0","0","0","0","0","0","0","0","0","0","0","0","0","0","0","0","0","0","0","0","0","0","0","0","0","0","0","0","0","0","0","0","0","0","0",
"1600000US0686804","Yolo CDP, California","425","302","123","113","101","0","9","3","0","0","10","10","2","6","1","0","1","0","0","0","0","0","0","0","0","0","0","0","0","0","0","0","0","0","0","0","0","0","0","0","0","0","0","0","0","0","0","0","0","0","0","0","0","0","0","0","0","0","0","0","0","0","0","0","0","0","0","0","0","0","0","0","0",
"1600000US0686832","Yorba Linda city, California","68336","12269","56067","52915","36022","786","100","15570","63","374","3152","2946","241","506","1419","66","529","4","42","4","10","12","3","2","72","36","0","190","35","31","0","5","37","3","4","52","13","2","2","1","0","3","0","0","0","0","0","2","16","3","0","1","4","4","0","4","0","0","0","0","0","0","0","0","0","0","0","0","0","0","0","0","0",
"1600000US0686878","Yosemite Lakes CDP, California","5022","750","4272","3936","3701","34","54","110","6","31","336","322","26","173","59","10","50","0","0","0","0","0","0","0","4","0","0","9","1","0","1","1","0","0","0","3","1","1","1","0","0","0","0","0","0","0","0","0","5","1","0","0","0","0","0","0","0","0","3","0","1","0","0","0","0","0","0","0","0","0","0","0","0",
"1600000US0686912","Yosemite Valley CDP, California","337","43","294","268","237","2","5","16","1","7","26","22","0","10","5","0","3","0","4","0","0","0","0","0","0","0","0","1","0","0","0","0","0","0","0","1","0","0","0","0","0","0","0","0","0","0","0","0","1","0","0","1","0","0","0","0","0","0","0","0","0","0","0","0","2","2","0","0","0","0","0","0","0",
"1600000US0686916","Yosemite West CDP, California","47","15","32","24","24","0","0","0","0","0","8","8","0","0","3","0","5","0","0","0","0","0","0","0","0","0","0","0","0","0","0","0","0","0","0","0","0","0","0","0","0","0","0","0","0","0","0","0","0","0","0","0","0","0","0","0","0","0","0","0","0","0","0","0","0","0","0","0","0","0","0","0","0",
"1600000US0686930","Yountville city, California","3436","348","3088","3009","2857","61","15","70","2","4","79","73","2","17","10","3","23","0","0","0","0","0","0","0","18","0","0","4","0","1","0","1","0","0","0","2","0","0","0","0","0","0","0","0","0","0","0","0","1","0","0","0","0","0","0","0","0","0","1","0","0","0","0","0","1","0","0","0","1","0","0","0","0",
"1600000US0686944","Yreka city, California","7807","958","6849","6192","5314","66","616","147","10","39","657","612","47","402","58","14","77","7","0","1","1","1","0","1","3","0","0","39","6","0","0","0","11","9","1","6","2","0","1","0","2","1","0","0","0","0","0","0","6","2","0","3","1","0","0","0","0","0","0","0","0","0","0","0","0","0","0","0","0","0","0","0","0",
"1600000US0686972","Yuba City city, California","70117","21701","48416","44751","26489","1515","587","15458","211","491","3665","3381","477","1234","829","90","445","19","59","5","11","69","4","3","75","56","5","240","86","46","1","8","42","6","6","31","1","2","0","0","1","2","2","0","0","0","0","6","36","18","4","7","0","1","0","0","5","0","1","0","0","0","0","0","8","1","0","2","5","0","0","0","0",
"1600000US0687042","Yucaipa city, California","54542","18784","35758","33500","30589","743","257","1525","81","305","2258","2103","244","766","491","68","437","7","18","4","22","3","0","6","26","9","2","133","29","24","1","4","14","7","1","38","0","0","0","2","10","2","0","0","1","0","0","0","19","7","4","1","4","0","0","0","0","0","3","0","0","0","0","0","3","3","0","0","0","0","0","0","0",
"1600000US0687056","Yucca Valley town, California","21738","5074","16664","15572","13962","721","173","559","63","94","1092","1038","147","403","176","38","219","7","9","8","11","0","3","0","13","3","1","47","16","5","1","1","5","5","4","5","0","2","3","0","0","0","0","0","0","0","0","0","6","1","0","4","0","0","0","1","0","0","0","0","0","0","0","0","1","0","0","1","0","0","0","0","0",
"1600000US0687090","Zayante CDP, California","729","83","646","606","585","3","2","13","0","3","40","39","3","8","9","0","18","0","0","0","0","0","0","0","1","0","0","1","0","0","0","0","0","0","1","0","0","0","0","0","0","0","0","0","0","0","0","0","0","0","0","0","0","0","0","0","0","0","0","0","0","0","0","0","0","0","0","0","0","0","0","0","0",
